field_index,typhoon_name,time,rainband_width_km,rainband_length_km,rainband_aspect_ratio,rainband_width10_km,rainband_length10_km,rainband_aspect_ratio10,rainband_valid_grid_count,rainband_weight_sum,rainband10_valid_grid_count,rainband10_weight_sum
0,KONG-REY,2024-10-24 18:00:00,607.9103561913624,873.6802944394618,1.4371860678820825,146.52618247028366,499.5705525483435,3.4094285685062182,3216,13986.505756258965,280,4645.8363428115845
1,KONG-REY,2024-10-24 18:30:00,604.4732595615361,814.8296915026766,1.3479995659257522,146.37429211468907,201.14708062540797,1.3741967781323325,3177,13815.585455417633,271,4541.844420433044
2,KONG-REY,2024-10-24 19:00:00,612.1551336018372,830.7271576470056,1.3570533220216894,146.3197000714982,202.72653018154423,1.38550400310062,3179,13752.289204120636,270,4443.786840438843
3,KONG-REY,2024-10-24 19:30:00,607.7051776829727,860.5671401147661,1.4160931512808417,171.0322142623956,302.6877583133697,1.7697704471567444,3142,13914.182175040245,280,4812.5872802734375
4,KONG-REY,2024-10-24 20:00:00,602.2364227272969,958.0402428558973,1.5908042202384576,144.39437609385465,202.79248392199557,1.4044347806882829,3236,13816.474696993828,274,4713.889653205872
5,KONG-REY,2024-10-24 20:30:00,591.6237969361397,981.8674698773813,1.6596145641236995,147.08994649695427,198.81053480344053,1.351625583789004,3235,13649.358708500862,272,4481.935242652893
6,KONG-REY,2024-10-24 21:00:00,564.2547863382287,970.0199190730481,1.7191168645073605,147.75081475780348,207.8126120860335,1.4065073849283558,3339,14159.726870775223,283,4610.357641220093
7,KONG-REY,2024-10-24 21:30:00,566.3492920896724,871.9474148029193,1.5395930161502853,144.30335839219723,220.09959579004632,1.5252562257895865,3374,14571.54321050644,287,4636.926628112793
8,KONG-REY,2024-10-24 22:00:00,531.6697489556531,863.6718546779078,1.6244517510623793,146.95213434166547,215.9670201506599,1.4696419423792275,3275,14756.432323217392,290,4984.988988876343
9,KONG-REY,2024-10-24 22:30:00,531.037357989319,923.5294405964862,1.7391044654433891,159.3376298052367,216.21546358091666,1.3569642264994286,3352,14904.282611846924,307,5090.013038635254
10,KONG-REY,2024-10-24 23:00:00,492.867684099362,957.5158993092131,1.9427443311868182,158.28433513091977,213.94948899366136,1.3516782239802734,3429,15355.57664680481,315,5480.801124572754
11,KONG-REY,2024-10-24 23:30:00,485.5934509155722,901.5236402821847,1.8565399483505933,161.9799233644227,216.9765140063829,1.3395272049748255,3444,15392.22856104374,321,5399.315916061401
12,KONG-REY,2024-10-25 00:00:00,486.8872957313384,884.7030224612623,1.8170591638304616,160.52046830004872,211.436783788194,1.3171951591430069,3447,15310.535373568535,309,5273.916286468506
13,KONG-REY,2024-10-25 00:30:00,493.66255133166146,807.7426204137611,1.6362242147695074,155.65797387469925,426.2126981102734,2.7381359753105943,3354,15232.721774697304,301,5188.747970581055
14,KONG-REY,2024-10-25 01:00:00,459.3279274207733,669.5630246032641,1.4577015344200936,154.50933693282406,218.12443176823305,1.4117233048709896,3362,15026.608186483383,299,5132.292774200439
15,KONG-REY,2024-10-25 01:30:00,455.2165288970347,666.1732437572251,1.4634205954061592,154.89139625350734,222.46644687309896,1.4362737521520665,3362,14800.900745034218,301,5097.163400650024
16,KONG-REY,2024-10-25 02:00:00,480.25766614380836,673.1418940404235,1.4016265465273312,153.09480351162938,222.972217692771,1.4564323058544058,3448,14839.14521408081,289,4705.5912437438965
17,KONG-REY,2024-10-25 02:30:00,489.6181452473207,682.444164803139,1.3938293983332963,179.98007620493735,228.8868380304,1.2717343100231433,3507,15545.038244962692,319,5133.081254959106
18,KONG-REY,2024-10-25 03:00:00,515.4079627306867,681.6595811792142,1.3225631547632817,185.65079670987907,189.12412774807407,1.018708947657369,3417,14566.062987208366,296,4383.593941688538
19,KONG-REY,2024-10-25 03:30:00,562.7709816038023,691.2091879474299,1.2282246429579562,206.11265810642888,489.11020406437785,2.3730236102812143,3312,12996.01619374752,234,3049.6180057525635
20,KONG-REY,2024-10-25 04:00:00,581.738614375594,673.0690491210921,1.156995654901688,214.275344620404,386.31001227373156,1.802867301219797,3299,13351.706950187683,237,3621.4310159683228
21,KONG-REY,2024-10-25 04:30:00,636.2814674807336,726.651691589681,1.1420286912751905,142.02018770158028,414.13641241944947,2.916039044319883,3354,13236.446081161499,238,3536.553059577942
22,KONG-REY,2024-10-25 05:00:00,628.2103048535565,707.4854949759344,1.1261921199157292,139.1446342057574,443.18876475744895,3.1850941812250486,3324,13193.058331608772,244,3652.7266387939453
23,KONG-REY,2024-10-25 05:30:00,622.2736733860104,691.6598971069975,1.1115043536125047,144.92941258464182,409.0563595618113,2.82245233915449,3224,13280.240182042122,254,3869.4226303100586
24,KONG-REY,2024-10-25 06:00:00,664.4773982238165,689.684607858184,1.0379353905817514,151.39105231862794,342.32209459733133,2.2611778526834905,3227,13040.876950860023,247,3599.03156375885
25,KONG-REY,2024-10-25 06:30:00,603.7360147911842,698.172690585413,1.1564204776269487,157.74980348312621,378.60314702004547,2.4000229392396077,3006,12829.293113827705,257,3309.196484565735
26,KONG-REY,2024-10-25 07:00:00,621.1199890164357,695.0797866330455,1.1190748952287406,159.02005838004897,310.7063545318646,1.953881527255461,3029,13071.671566724777,258,3398.885396003723
27,KONG-REY,2024-10-25 07:30:00,642.7187652230434,688.7919386630625,1.0716848113560666,148.69761531038486,249.30397004425794,1.6765835116042052,3003,13238.366650223732,254,3554.0955533981323
28,KONG-REY,2024-10-25 08:00:00,689.9895096747312,827.9879532786741,1.200000785039465,211.7767377036434,409.3680840565672,1.933017235488006,2925,13032.703871130943,254,3607.9515466690063
29,KONG-REY,2024-10-25 08:30:00,621.8652376887761,1207.7972039369859,1.9422169478806728,173.0659728778261,1223.6617218209947,7.070492838501634,3001,12251.32198035717,242,2999.0416107177734
30,KONG-REY,2024-10-25 09:00:00,595.0790205349756,1249.6278590861668,2.099936001714109,164.37124641065796,1243.7511032677298,7.566719425856204,2985,12355.26090168953,246,3168.6693439483643
31,KONG-REY,2024-10-25 09:30:00,608.9539032318407,1212.7978978685758,1.9916087103342495,174.99292041388193,1375.505150388596,7.860347419400353,2947,12185.559311270714,242,3038.1140184402466
32,KONG-REY,2024-10-25 10:00:00,612.6395772603905,1009.3670885913457,1.6475708166048375,211.01883146957238,1173.2230748226114,5.559802727804307,2867,12519.870681166649,278,3696.061369895935
33,KONG-REY,2024-10-25 10:30:00,628.9647383024584,662.9123675475067,1.0539738194809936,164.94800100412883,366.23775494011505,2.2203224816949767,2855,14368.634813308716,333,5932.91775894165
34,KONG-REY,2024-10-25 11:00:00,578.6155098675247,624.303316308409,1.0789605630366588,177.68260421608764,218.85427732263804,1.2317147099919725,2937,15452.207112789154,354,6863.215169906616
35,KONG-REY,2024-10-25 11:30:00,575.2319553844353,623.6686097172569,1.08420369188365,176.63956201363334,218.3368841785225,1.236058795037488,2919,15485.134946584702,352,6921.625359535217
36,KONG-REY,2024-10-25 12:00:00,585.1352313083854,654.273970299165,1.1181585645358962,176.16263868539207,220.1080529366455,1.2494593324622825,3068,16027.004335284233,356,7044.6597509384155
37,KONG-REY,2024-10-25 12:30:00,596.091919287574,848.9157408499764,1.4241356297273182,159.95336817437513,263.41792773139764,1.6468420186327537,3357,12761.802094459534,281,3509.967785835266
38,KONG-REY,2024-10-25 13:00:00,596.8970786493113,746.3732781704193,1.2504220658264051,151.8288267211234,241.16676518374956,1.5884122296928436,3176,12969.147998929024,268,3841.711477279663
39,KONG-REY,2024-10-25 13:30:00,578.7191906293757,812.04409735711,1.403174649304414,162.75120019784976,303.9363618358498,1.8674907556218656,3344,13047.569776058197,270,3275.0968837738037
40,KONG-REY,2024-10-25 14:00:00,593.7890501228514,859.1596862412573,1.446910626027039,180.36606303503945,420.25005685826835,2.32998408784154,3355,12715.187485098839,257,2932.3637981414795
41,KONG-REY,2024-10-25 14:30:00,568.3759730081626,800.1515153013287,1.4077856089983523,158.8501953839128,390.00151996509095,2.4551529132370526,3350,13370.882353305817,285,3399.4692544937134
42,KONG-REY,2024-10-25 15:00:00,590.7182737571479,772.0819232976609,1.3070222432547813,148.44981072363237,310.44880041662606,2.0912711097664087,3236,13798.137845396996,294,3900.321434020996
43,KONG-REY,2024-10-25 15:30:00,593.4677102889183,745.7816043311719,1.2566506844460017,165.26984230470535,279.18082254155917,1.6892423847469782,3211,14334.813979744911,339,4836.66602230072
44,KONG-REY,2024-10-25 16:00:00,590.5372844920147,736.8341118422461,1.2477351239152934,164.46443632831387,254.05474378819045,1.544739698502535,3181,14274.846458673477,327,4738.8985986709595
45,KONG-REY,2024-10-25 16:30:00,595.9208873790051,709.0794888507781,1.189888630971586,164.40922330699198,245.56552022948566,1.4936237474399698,3149,14098.41166973114,314,4489.0948848724365
46,KONG-REY,2024-10-25 17:00:00,581.2142319286595,630.9666743046173,1.0856008673615265,221.06444957694546,365.8031779505785,1.6547354341714382,3218,15507.567062616348,394,5893.02915096283
47,KONG-REY,2024-10-25 17:30:00,564.9988607722584,614.6418715278431,1.087863913013435,229.27918997744413,343.4482707286866,1.4979478545893008,3177,15243.450063347816,378,5459.615064620972
48,KONG-REY,2024-10-25 18:00:00,565.514880466877,589.7292589120036,1.0428182869832439,232.63697172484908,302.0747565964212,1.2984812962304988,3133,15636.1492831707,395,5925.617315292358
49,KONG-REY,2024-10-25 18:30:00,529.273044092755,647.2257251861658,1.2228579037037421,234.53940483322643,358.9825183505583,1.5305850997866133,3604,16953.65227985382,397,5749.486615180969
50,KONG-REY,2024-10-25 19:00:00,529.6977915644802,662.1467425394382,1.2500462586105263,224.49543852884435,353.88121290134,1.5763403266470821,3637,16913.871940493584,372,5316.5036153793335
51,KONG-REY,2024-10-25 19:30:00,534.9642414206181,644.8120553046194,1.205336740998417,204.37071589042083,381.31101066499616,1.8657810587180457,3676,17250.045715093613,378,5352.052995681763
52,KONG-REY,2024-10-25 20:00:00,518.7716499273898,635.8916799152499,1.2257641295630777,194.39300720003013,380.66240423760644,1.958210378657826,3666,17895.008220672607,436,6395.1485023498535
53,KONG-REY,2024-10-25 20:30:00,511.5868984336449,623.8718043939671,1.2194835448368793,199.44732912870862,406.9207540323666,2.04024168089896,3625,18705.42914402485,504,7546.161060333252
54,KONG-REY,2024-10-25 21:00:00,497.9425686932711,613.0021569360883,1.2310699977805912,198.59272447959046,402.79249799328284,2.0282339096197664,3563,18575.431297063828,496,7831.929279327393
55,KONG-REY,2024-10-25 21:30:00,499.3888573547279,601.798284952751,1.2050695086399936,199.15104295621705,443.7061280855584,2.2279879708342984,3557,17855.357112169266,499,7382.182825088501
56,KONG-REY,2024-10-25 22:00:00,474.28165832554123,634.5051436068009,1.337823490469629,203.92583521640046,396.5502662442754,1.9445808120558403,3491,17054.380042791367,455,6566.2611951828
57,KONG-REY,2024-10-25 22:30:00,518.4751149487045,567.8791859296854,1.095287255948374,178.58348139332043,286.8292785201934,1.606135552304896,3541,17261.949561595917,424,6771.165808677673
58,KONG-REY,2024-10-25 23:00:00,522.8239881813487,543.7070292840234,1.039942775340733,183.6693421094485,266.9036164190831,1.4531745655191266,3527,17123.06344473362,421,6593.2859354019165
59,KONG-REY,2024-10-25 23:30:00,512.2010994811875,536.6715285919565,1.0477750421378522,178.300111273808,267.97230348737713,1.5029284141940988,3480,17369.103073596954,416,6738.122386932373
60,KONG-REY,2024-10-26 00:00:00,501.88474081889296,519.2761152127905,1.034652128226732,177.85725251970268,267.79957574199454,1.505699497479456,3395,17648.340703606606,423,7389.938076972961
61,KONG-REY,2024-10-26 00:30:00,421.0529754526149,733.8961148761828,1.7430018493213886,186.71629919333057,540.0640790436559,2.892431359109456,2998,14966.182492733002,428,6143.689589500427
62,KONG-REY,2024-10-26 01:00:00,420.7529637518069,736.4823854088669,1.7503914383436172,186.32450578424076,525.195119393784,2.818711994878142,2997,14962.747244119644,430,6163.872081756592
63,KONG-REY,2024-10-26 01:30:00,423.3835221163849,740.3242187280084,1.7485900609152596,186.17889148581486,505.3257664749057,2.7141947319704838,3001,14996.110879898071,419,6009.270378112793
64,KONG-REY,2024-10-26 02:00:00,432.6732040293369,742.6903040054992,1.7165155990458338,197.98657700700915,486.88344091421914,2.4591739918660243,3048,15039.570737719536,427,6009.159273147583
65,KONG-REY,2024-10-26 02:30:00,436.8428334159687,756.9521446977393,1.7327791296897748,202.9415913269272,482.1229210700065,2.375673305396191,3076,14967.838945627213,419,5912.536533355713
66,KONG-REY,2024-10-26 03:00:00,446.11304697566425,764.9764184377445,1.71475912579502,201.3742905187385,474.4128662907988,2.3558760409221695,3134,15000.630525946617,418,5845.170787811279
67,KONG-REY,2024-10-26 03:30:00,449.64033266012285,773.33264427143,1.719891629152361,202.54729487944124,464.0887122238609,2.2912609743817622,3177,15022.567513108253,424,5853.379390716553
68,KONG-REY,2024-10-26 04:00:00,443.0571284717561,783.6597126457071,1.7687554545139474,200.00787514035414,438.1899113029606,2.190863289735275,3176,15182.409034967422,418,5944.022605895996
69,KONG-REY,2024-10-26 04:30:00,433.2595259485799,803.6109360876818,1.8548026943625795,191.25144170312868,413.3665270065671,2.161377312115722,3147,15415.382322788239,414,6136.816131591797
70,KONG-REY,2024-10-26 05:00:00,427.0563642115452,772.5648773150127,1.8090466319155842,167.40261537969653,345.9912621874406,2.0668211270336116,3122,15485.242088198662,414,6550.788805007935
71,KONG-REY,2024-10-26 05:30:00,431.9730231748916,775.8029331651857,1.7959522737397582,168.39165043822354,335.8953327825961,1.9947267688656645,3155,15499.725892782211,413,6515.083613395691
72,KONG-REY,2024-10-26 06:00:00,433.7059165918678,789.2046413399132,1.8196769081261581,169.66630984081243,327.3124701703158,1.9291541760848765,3143,15275.701924443245,408,6377.921538352966
73,KONG-REY,2024-10-26 06:30:00,452.7102798026732,724.7936416888748,1.6010099041815338,188.44009471352777,423.44135615349984,2.247087366397399,3317,16201.578621506691,417,6348.813129425049
74,KONG-REY,2024-10-26 07:00:00,448.61764804861315,669.8711302544899,1.4931894301712798,167.7207429013443,336.43845331241937,2.0059442111481416,3275,16294.52257514,403,6598.66764831543
75,KONG-REY,2024-10-26 07:30:00,458.092668902475,629.6378437039493,1.3744770140340181,167.15013670851948,308.09787406430416,1.8432403354929405,3236,15705.240349769592,388,6371.988039970398
76,KONG-REY,2024-10-26 08:00:00,451.69772923410386,644.3877053415808,1.4265905352993462,170.57116648506394,289.11893137694426,1.6950047146582612,3222,15329.366681456566,368,5961.734589576721
77,KONG-REY,2024-10-26 08:30:00,453.03392798026806,662.246374687594,1.4618030434056954,173.99239752415437,278.98414914079666,1.6034272365381097,3213,15062.68390905857,364,5813.323522567749
78,KONG-REY,2024-10-26 09:00:00,445.26587237086204,715.7714001568793,1.6075146211985263,174.3549176787686,254.6990044670661,1.4608076896134465,3275,15555.518490672112,358,6040.852731704712
79,KONG-REY,2024-10-26 09:30:00,462.2396480703498,698.7297409701803,1.5116179321420664,182.12032964716602,241.24628857064516,1.3246532610501338,3297,15880.950701355934,363,6395.952027320862
80,KONG-REY,2024-10-26 10:00:00,457.97796965703003,696.3464356240622,1.520480201581617,181.6744512920115,236.88990865523462,1.3039252738651301,3290,16241.931987643242,365,6782.612730979919
81,KONG-REY,2024-10-26 10:30:00,453.9076927391542,704.2932285696855,1.5516221466077202,181.73925953363462,238.5458198542693,1.312571760589352,3287,16434.424641251564,370,7064.802396774292
82,KONG-REY,2024-10-26 11:00:00,442.66112254300225,709.8887579753955,1.6036844480428294,186.82255231687347,234.4989124703924,1.25519595767353,3258,16149.679148316383,365,6836.036504745483
83,KONG-REY,2024-10-26 11:30:00,440.94717114716434,719.7123267214396,1.632196267069909,187.49081686188848,230.41693431011018,1.2289505063058164,3252,16152.097978830338,362,6859.190525054932
84,KONG-REY,2024-10-26 12:00:00,443.18619809569833,756.0335997800165,1.7059051094744664,191.21709163273079,219.38207369764083,1.1472932248075667,3250,16023.121884226799,357,6652.12721157074
85,KONG-REY,2024-10-26 12:30:00,438.5558990239656,789.0984952377727,1.7993110957895229,183.82873838416134,247.76426399513392,1.3477994037981165,3238,17038.9212321043,397,7727.979907035828
86,KONG-REY,2024-10-26 13:00:00,432.44526221423394,698.8093094628211,1.61594858476361,201.9009298249947,235.26633600319025,1.1652563274825685,3120,17302.337648630142,407,8260.437032699585
87,KONG-REY,2024-10-26 13:30:00,429.42683793902927,715.7903165176731,1.66685044640666,202.8457269117424,230.2462181371384,1.1350804458272703,3100,17053.404702067375,399,8200.042140960693
88,KONG-REY,2024-10-26 14:00:00,432.7171848339673,673.1698963607357,1.5556809850734912,199.94232692809373,232.20340390864865,1.1613519132052312,3017,16525.13810122013,395,7911.925523757935
89,KONG-REY,2024-10-26 14:30:00,432.2413255942239,680.2643544135813,1.5738068392197022,197.92988163712633,233.4793479980204,1.1796063639651304,3012,16551.209134459496,396,7947.333510398865
90,KONG-REY,2024-10-26 15:00:00,427.93802119082346,636.792166162647,1.488047648560517,193.0925940385717,235.33882161389388,1.2187874050046787,3011,16692.62374854088,394,7746.709418296814
91,KONG-REY,2024-10-26 15:30:00,424.50071369823746,567.9938761132361,1.3380280828385167,179.35575201118118,234.4082386213436,1.3069457544173386,2989,16185.42796587944,376,7074.451934814453
92,KONG-REY,2024-10-26 16:00:00,416.8926571329537,544.5656693908535,1.306249126899785,174.0671782089998,244.7044995108321,1.4058049428308521,3072,16987.93868970871,389,7647.518611907959
93,KONG-REY,2024-10-26 16:30:00,418.3025703165142,569.9205373202568,1.3624600415173578,173.75539077501222,243.65489771719908,1.4022868391616987,3171,16699.534935235977,385,7306.5343379974365
94,KONG-REY,2024-10-26 17:00:00,425.3425980425605,570.4886219227062,1.3412449741646164,181.78349756163917,240.3807174532418,1.3223462012646785,3230,16812.6561306715,391,7368.948846817017
95,KONG-REY,2024-10-26 17:30:00,421.76804620074773,575.5796844342384,1.3646830043646312,194.80644922193042,225.6526847524386,1.1583429894323771,3230,16461.913480997086,385,7359.097994804382
96,KONG-REY,2024-10-26 18:00:00,424.7664878196502,577.301959905693,1.3591042995623652,191.20586043553425,228.46372706678756,1.1948573466649248,3274,17372.011781454086,386,8295.01469707489
97,KONG-REY,2024-10-26 18:30:00,442.79198916723647,569.8451665086412,1.2869364858663177,181.3299655473932,302.16222011334463,1.6663667210280726,3055,15284.951650261879,369,6366.03874206543
98,KONG-REY,2024-10-26 19:00:00,443.2193278526691,568.4514835470236,1.282551206196454,177.23652705229392,298.3891710706198,1.683564759664795,3068,15305.110673546791,362,6297.347509384155
99,KONG-REY,2024-10-26 19:30:00,442.2971581100257,571.4776838384661,1.292067275042957,176.63143304002404,291.84527474325324,1.6522839096092288,3012,15100.755734324455,358,6238.84565448761
100,KONG-REY,2024-10-26 20:00:00,441.54260513792514,559.3213988630648,1.2667438936914088,177.71677201634282,291.3687336908419,1.6395117376093578,2959,14670.003183484077,354,6101.339128494263
101,KONG-REY,2024-10-26 20:30:00,440.42134178992285,552.7025354323254,1.2549404013576582,178.5399331571409,289.45035171824964,1.6212079090647467,2969,14725.1196693182,353,6096.9374322891235
102,KONG-REY,2024-10-26 21:00:00,440.2324740696222,548.898136244124,1.2468369976661813,175.45935506304662,290.00017129576827,1.6528054100709697,2977,14677.880776286125,345,5939.078689575195
103,KONG-REY,2024-10-26 21:30:00,441.8919238446582,548.8199173876666,1.241977704893734,175.67683731334648,291.87968594837184,1.6614579953289925,3000,14669.482565760612,345,5858.271891593933
104,KONG-REY,2024-10-26 22:00:00,442.001357171081,519.0751307092625,1.1743745178328675,174.72546962396723,269.5439841443882,1.5426713960161715,3037,14742.530248641968,363,6176.498224258423
105,KONG-REY,2024-10-26 22:30:00,389.23576940421543,625.2020333548037,1.6062296492220356,175.5594996549682,245.94461840962916,1.400918884440827,2897,14657.582230329514,361,6648.280871391296
106,KONG-REY,2024-10-26 23:00:00,391.92064914553606,680.1459960090771,1.7354176093857954,172.43682652298014,243.9059477397932,1.4144655330181872,2917,14338.34776365757,360,6429.138788223267
107,KONG-REY,2024-10-26 23:30:00,391.75369414119956,679.2633755950458,1.733904199893052,171.50902663049806,244.03668411176824,1.4228795353000492,2918,14318.608978748322,357,6379.1077699661255
108,KONG-REY,2024-10-27 00:00:00,391.94774794364145,677.7915950337871,1.7292906990531953,170.92328327020817,244.01732783880908,1.4276424087468937,2919,14288.206595301628,356,6349.179203987122
109,KONG-REY,2024-10-27 00:30:00,409.670879265013,622.2305330632531,1.518854682030585,196.0651426220413,258.39272567922893,1.3178922179825532,2842,17288.430884242058,473,8217.745272636414
110,KONG-REY,2024-10-27 01:00:00,399.6228557324389,631.6879970713103,1.5807103823266937,199.6100480281253,259.40593031216076,1.2995634882849627,2856,17564.82583141327,494,8594.993221282959
111,KONG-REY,2024-10-27 01:30:00,410.95040742422447,595.6072382750124,1.4493409119805667,160.098065253564,225.60979165288708,1.4091974896483848,2864,15342.215218663216,321,5969.474809646606
112,KONG-REY,2024-10-27 02:00:00,432.7524764060212,686.2389891435662,1.5857540431489405,152.32088151964078,221.6409282619547,1.4550922109348094,2897,14615.6429104805,289,5308.261255264282
113,KONG-REY,2024-10-27 02:30:00,433.03367343764114,679.8344324419078,1.5699343356950404,152.38918155630307,223.7261755169079,1.4681237423290876,2902,14624.111153960228,290,5314.385327339172
114,KONG-REY,2024-10-27 03:00:00,434.79180041781626,679.7199897797873,1.563322926344526,149.56841275971047,225.9744039113872,1.5108430967601796,2917,14688.42137491703,291,5385.129977226257
115,KONG-REY,2024-10-27 03:30:00,433.46122916473695,678.2232763708189,1.5646688348061195,148.50929761617803,233.92612831876005,1.5751615021662824,2911,14634.150551319122,295,5432.041013717651
116,KONG-REY,2024-10-27 04:00:00,433.9797134726069,675.627240141009,1.5568175635095751,146.90839601827238,236.74610422624085,1.6115219459396513,2920,14646.086879849434,297,5445.875380516052
117,KONG-REY,2024-10-27 04:30:00,430.80199339044844,672.6698397416947,1.5614362283881837,147.0477535967609,241.1248010211438,1.6397720816760137,2911,14826.41053557396,304,5672.231928825378
118,KONG-REY,2024-10-27 05:00:00,432.08280129866546,672.4239942730018,1.5562387400099396,145.89246855888535,244.75090097033015,1.6776116230533293,2918,14875.733012676239,306,5709.66978931427
119,KONG-REY,2024-10-27 05:30:00,433.505435138739,671.8075927157673,1.5497097343214636,145.17946326544606,246.5185954051555,1.698026634486307,2928,14924.44616651535,307,5736.855500221252
120,KONG-REY,2024-10-27 06:00:00,448.29901295297367,646.9420087340874,1.4431037991197848,156.70589969798297,260.24140435107324,1.6606994685754086,3032,14842.780318260193,327,5712.0681076049805
121,KONG-REY,2024-10-27 06:30:00,484.2544173362522,927.7164270000009,1.9157624459124336,171.67592203940967,208.98320078584837,1.2173122375185106,3283,15215.446431398392,325,5722.314759254456
122,KONG-REY,2024-10-27 07:00:00,537.9702826599968,705.1721045587828,1.3108012232052195,154.8791250340159,222.76857336400235,1.438338273896334,3538,15601.854378700256,318,5684.835651397705
123,KONG-REY,2024-10-27 07:30:00,535.5963331710154,641.733046538227,1.1981654966508535,162.32270523292144,228.99200603446843,1.410720735006726,3463,14860.857141971588,318,5421.869420051575
124,KONG-REY,2024-10-27 08:00:00,524.8465468160921,630.0934554942129,1.2005289151973757,164.63863095849712,234.68715123136718,1.425468311204111,3377,14349.829273104668,320,5268.8616189956665
125,KONG-REY,2024-10-27 08:30:00,507.75227568393825,615.6370508142653,1.212475217339018,164.34566211871373,244.93709151767737,1.4903775880664718,3265,14179.480616807938,323,5333.3801527023315
126,KONG-REY,2024-10-27 09:00:00,517.3147848512798,606.3430083161439,1.1720968085040468,164.12427594318322,245.17510696273968,1.4938381635122233,3288,14078.446754932404,326,5228.051312446594
127,KONG-REY,2024-10-27 09:30:00,508.90730018735326,618.0414751569989,1.214448043738942,164.33740317560424,242.33550180691012,1.4746217058569364,3248,14057.323379158974,322,5211.520039558411
128,KONG-REY,2024-10-27 10:00:00,494.87993571286273,620.1754949713911,1.2531837526975949,148.0631067263888,238.5355001535531,1.6110394103397405,3226,14586.51496231556,314,5574.680945396423
129,KONG-REY,2024-10-27 10:30:00,469.58184316800754,639.9102313142806,1.3627235393028845,148.61716193281222,254.8578713240289,1.7148616486112482,3206,15404.855289459229,345,6371.218244552612
130,KONG-REY,2024-10-27 11:00:00,463.07248055209897,649.3765393683171,1.4023215946542438,146.82642634455578,255.50485313023316,1.7401830139939611,3214,15557.479404568672,342,6366.9128522872925
131,KONG-REY,2024-10-27 11:30:00,446.7915293485868,683.7423933971821,1.5303387564085278,144.01524608854007,251.9866210513495,1.7497218377589498,3162,15231.849030971527,327,6131.137245178223
132,KONG-REY,2024-10-27 12:00:00,442.18026639815844,664.9356290841181,1.503765951611643,143.72358900643943,251.66900936775272,1.751062655111369,3077,14991.232922554016,324,5970.671219825745
133,KONG-REY,2024-10-27 12:30:00,467.10327939236845,643.5812076381958,1.3778135072727329,139.78997117661595,249.85559140609647,1.787364210057799,3128,14810.616421103477,307,5690.453084945679
134,KONG-REY,2024-10-27 13:00:00,467.6867610374729,643.4860748827622,1.3758911487152448,138.72201127856104,249.4052754737553,1.797878167819631,3134,14793.477781176567,304,5648.037936210632
135,KONG-REY,2024-10-27 13:30:00,453.56252211366564,677.5855518710497,1.4939187407138568,140.93049094535186,245.30165928088462,1.7405861402696927,3141,15013.99400472641,308,5783.6801471710205
136,KONG-REY,2024-10-27 14:00:00,455.2814489696378,675.339737245409,1.483345606929056,140.8466988815552,244.69753030251508,1.7373323780083147,3149,15055.593322753906,308,5782.390464782715
137,KONG-REY,2024-10-27 14:30:00,456.23870381654444,672.4911995261524,1.4739898081872564,143.4614236254216,244.01845866350934,1.7009343173719014,3157,15086.363271951675,313,5836.5615339279175
138,KONG-REY,2024-10-27 15:00:00,435.09771100787674,700.2213500623803,1.6093427576080774,140.6366376562093,245.92007238253342,1.7486202491820877,3119,15092.737020373344,305,5790.14262008667
139,KONG-REY,2024-10-27 15:30:00,463.516849067745,702.1247256725449,1.5147771371951244,150.4351347087791,204.33095099194196,1.3582661483136644,2984,14088.834967970848,304,5833.9618673324585
140,KONG-REY,2024-10-27 16:00:00,462.57115509273217,676.155735836405,1.4617334617435318,152.17422985668426,207.78407009800912,1.3654353322089827,2994,14256.274991035461,311,5945.788049697876
141,KONG-REY,2024-10-27 16:30:00,472.1673479170751,679.7850302233877,1.439712070777868,151.75836381659545,210.08072362298753,1.3843106787634785,3052,14359.04423069954,314,6071.595682144165
142,KONG-REY,2024-10-27 17:00:00,471.43519899557367,673.3390098834319,1.4282747900836155,152.24713622160007,211.19582147047745,1.387190765697389,3051,14372.024507164955,317,6123.371001243591
143,KONG-REY,2024-10-27 17:30:00,475.31916319259886,670.7621488445428,1.411182634293979,154.99982143885688,212.3852231998422,1.3702288249642978,3113,14659.363951563835,323,6256.060475349426
144,KONG-REY,2024-10-27 18:00:00,471.22021022890743,661.6258681280374,1.4040693793813173,156.0973360725469,211.79912181371213,1.3568400790342523,3093,14831.491048693657,327,6462.659944534302
145,KONG-REY,2024-10-27 18:30:00,534.3240912284546,623.3199539951778,1.1665578330224888,150.3583832003521,222.6708738341336,1.48093421261004,3022,12987.864411115646,260,4038.566946029663
146,KONG-REY,2024-10-27 19:00:00,535.3812301046156,625.5779187837932,1.1684718918172599,152.08608640560738,225.8954055448986,1.4853127651824989,3074,13179.3920648098,263,4024.122477531433
147,KONG-REY,2024-10-27 19:30:00,536.6095262401462,627.5589054235022,1.1694889388576613,147.51467782071197,218.18151107986978,1.4790495041113412,3094,13017.63640153408,244,3746.055559158325
148,KONG-REY,2024-10-27 20:00:00,535.1682635021004,630.0921622055523,1.1773720625402484,146.25585427096544,218.51095172358762,1.4940321726797687,3088,13018.161062955856,246,3805.996590614319
149,KONG-REY,2024-10-27 20:30:00,537.0763992124006,619.2191809840803,1.1529443146117337,140.57491783468055,214.1167865385033,1.5231507144845586,3077,13101.24662077427,239,3785.4769287109375
150,KONG-REY,2024-10-27 21:00:00,536.3832574979937,603.6930205348652,1.1254881879625451,143.1118449273458,213.24344482763107,1.490047486536756,3140,13421.707916378975,245,3887.9492692947388
151,KONG-REY,2024-10-27 21:30:00,525.1352127567449,580.0418243111445,1.1045570935267535,147.88949010150836,212.34726996910365,1.435850984565241,3191,13673.125945329666,246,3977.8787450790405
152,KONG-REY,2024-10-27 22:00:00,514.1017157715321,567.1001436026528,1.1030893813524485,151.0806067397265,205.33597585339513,1.3591153774430855,3208,13612.556846261024,242,3904.297966003418
153,KONG-REY,2024-10-27 22:30:00,490.88769466118293,556.730754232631,1.1341305970541646,154.44032070808802,219.25697289306515,1.419687371068644,3224,14122.497104287148,268,4589.290845870972
154,KONG-REY,2024-10-27 23:00:00,485.1504524787849,566.6066910902184,1.1678989233035793,152.37031938547776,300.12111063870935,1.9696822310875304,3268,13759.502002716064,264,4049.6052017211914
155,KONG-REY,2024-10-27 23:30:00,487.0564246960152,580.342678305095,1.1915306910637735,140.50335933999298,361.2369895794221,2.571020303545132,3308,13936.443947911263,266,3978.8642797470093
156,KONG-REY,2024-10-28 00:00:00,489.811232431033,564.1954429203278,1.1518630149008826,147.8013219109272,318.4176201261835,2.1543624644851045,3249,13556.337950110435,238,3588.436346054077
157,KONG-REY,2024-10-28 00:30:00,474.49984368389966,583.4309039287617,1.2295702763548813,205.1667055321002,230.20242835108166,1.1220262457012709,3232,14720.804752469063,287,5023.901477813721
158,KONG-REY,2024-10-28 01:00:00,474.30312441698004,580.9561716408537,1.224862628419266,192.130317008478,211.24112938048108,1.0994679687701692,3283,15226.403654575348,316,5795.749660491943
159,KONG-REY,2024-10-28 01:30:00,471.43032146892676,584.1800693757629,1.23916524409274,191.2775324301773,205.07403097412038,1.0721281708764105,3245,15713.247170329094,334,6223.3345737457275
160,KONG-REY,2024-10-28 02:00:00,477.93924347371376,573.1844691823247,1.1992831243912034,186.6947107199408,197.20508505338012,1.0562971189323345,3205,15902.691898703575,340,6564.269499778748
161,KONG-REY,2024-10-28 02:30:00,478.08132611806496,593.8565693844226,1.2421664201077058,188.41132706177024,192.27424719033147,1.0205025896733575,3310,16192.997423529625,327,6188.513957977295
162,KONG-REY,2024-10-28 03:00:00,454.75232368273925,588.8748767501156,1.2949353880837924,185.53510140782095,198.05235198457422,1.0674656735128427,3345,16678.911942601204,340,6455.672160148621
163,KONG-REY,2024-10-28 03:30:00,444.724224698687,595.4566871369294,1.3389346792169157,191.98520494950048,199.13817517885386,1.0372579242824147,3364,16262.73227596283,331,5996.653710365295
164,KONG-REY,2024-10-28 04:00:00,436.29781692278783,585.0302924927229,1.3408966760799883,194.854348656481,212.09894517238683,1.0884999315376132,3344,16450.62216901779,365,6577.4717473983765
165,KONG-REY,2024-10-28 04:30:00,431.04882755265345,584.6233295037957,1.3562809875231165,192.2722460677679,213.09894609347887,1.1083188055044062,3352,16528.037501692772,371,6716.622845649719
166,KONG-REY,2024-10-28 05:00:00,426.9704858442242,588.2273293020626,1.377676792200269,189.56847098916768,222.51788796344346,1.1738127485142684,3411,16959.784242987633,384,6977.888934135437
167,KONG-REY,2024-10-28 05:30:00,425.2628617466186,575.485860350957,1.3532473961806786,192.15776208819636,225.75770098594003,1.1748560065053257,3395,17491.088542699814,399,7520.502688407898
168,KONG-REY,2024-10-28 06:00:00,426.3973631594693,578.4890777849458,1.356690091839508,194.8058570306244,223.5111004468378,1.1473530819543052,3405,17383.70250582695,399,7459.724089622498
169,KONG-REY,2024-10-28 06:30:00,459.29472193319543,586.6416674325552,1.2772662942072326,199.15857884428746,228.05798682531906,1.1451075226020042,3508,19318.223282933235,437,8699.681882858276
170,KONG-REY,2024-10-28 07:00:00,460.82473447833974,591.1359604245608,1.282778280323286,194.61418821845905,229.79276139203932,1.1807605781243982,3522,19119.726838231087,429,8501.32486152649
171,KONG-REY,2024-10-28 07:30:00,462.78245255260254,595.0240370736195,1.2857532384635615,195.75944228783382,232.21895063000974,1.1862464865861577,3534,18941.127173304558,433,8449.016484260559
172,KONG-REY,2024-10-28 08:00:00,477.6262157795411,601.8465912273749,1.2600786375284918,190.39523312880962,238.95396011042763,1.2550417160326957,3547,18584.112691044807,432,8001.69723033905
173,KONG-REY,2024-10-28 08:30:00,476.6955985336488,592.0547477311063,1.2419975127781955,188.05388939430784,240.91995307277952,1.2811218839915715,3469,17764.4304844141,425,7603.354907035828
174,KONG-REY,2024-10-28 09:00:00,471.0911879074806,589.787680938759,1.251960758507307,189.35281862887823,238.70312798107886,1.2606262199292817,3462,18086.466781258583,428,7835.243916511536
175,KONG-REY,2024-10-28 09:30:00,468.84476832184413,582.937652564964,1.2433489546049454,184.4751838513453,234.02884521646774,1.2686196610870586,3398,17304.461287498474,404,7304.709502220154
176,KONG-REY,2024-10-28 10:00:00,464.3072126176973,583.0519825548528,1.2557461239244772,184.8723971396418,232.55804756771013,1.2579381842063102,3371,17239.350333213806,401,7220.447508811951
177,KONG-REY,2024-10-28 10:30:00,462.7117123988431,581.2774943182046,1.2562411513308749,181.7229850526856,232.8228229050174,1.2811963375877604,3354,17219.460754990578,397,7210.8751430511475
178,KONG-REY,2024-10-28 11:00:00,462.4895011145109,581.0752032858588,1.2564073387300205,181.68621787066127,232.8946620774585,1.2818510110835717,3355,17222.524378061295,397,7214.072503089905
179,KONG-REY,2024-10-28 11:30:00,460.9543752604158,584.1511750893983,1.2672646284339557,182.16535610839972,233.51833824487173,1.2819031194159252,3328,16838.209037542343,398,7000.206809043884
180,KONG-REY,2024-10-28 12:00:00,458.0170201463304,584.2857491049865,1.2756856697559265,181.4766984948937,231.61987226499892,1.2763064028934539,3311,16627.01997566223,397,6977.628045082092
181,KONG-REY,2024-10-28 12:30:00,484.79080680404746,964.5919873432424,1.9897076714433832,222.66719102882521,279.78042309768625,1.2564959471800505,3657,19457.525446891785,524,8679.726243972778
182,KONG-REY,2024-10-28 13:00:00,481.90854961981665,975.013153396949,2.0232327360993,211.87485003250836,273.9215356675833,1.2928459211914662,3581,18962.16079747677,510,8382.96434211731
183,KONG-REY,2024-10-28 13:30:00,489.3716395362574,1034.051013741745,2.1130178584145973,181.50625934390263,252.80407516245947,1.3928118847045732,3388,17834.857514500618,418,7347.56402015686
184,KONG-REY,2024-10-28 14:00:00,549.8180922060495,1043.1510168412256,1.897265716840567,194.2709648364457,242.41857413190817,1.2478373921496508,3361,17525.76180613041,405,7133.278818130493
185,KONG-REY,2024-10-28 14:30:00,485.4815822286693,1052.884678091601,2.16874278372866,171.41348583457363,260.24611564239996,1.5182359449451643,3289,17362.78661441803,395,7208.342282295227
186,KONG-REY,2024-10-28 15:00:00,486.1910112274772,1082.8995299441049,2.2273129386125974,165.67115404761918,270.02749016636653,1.6299004598516311,3301,17247.23535645008,387,7038.317726135254
187,KONG-REY,2024-10-28 15:30:00,481.7906583957877,643.2158601323646,1.33505257713811,165.9851101543491,283.63830144495427,1.7088177438397825,3148,17601.353640794754,391,7194.320789337158
188,KONG-REY,2024-10-28 16:00:00,476.5331069589404,513.9673691535688,1.0785554280446936,165.17030535065234,291.6782179757123,1.7659240706523194,3136,17543.62203848362,390,7236.940876960754
189,KONG-REY,2024-10-28 16:30:00,490.11163438533606,529.4130378665543,1.0801886768725786,167.54992640888236,293.1581584764239,1.7496764382994139,3157,18013.534623265266,403,7508.835317611694
190,KONG-REY,2024-10-28 17:00:00,493.4208881847766,540.520878891905,1.0954560129799151,183.65454371524837,289.13286094815777,1.574330017102377,3179,18836.96460032463,432,8220.023782730103
191,KONG-REY,2024-10-28 17:30:00,503.80272076731353,529.7175605538634,1.0514384673172852,204.31514156030966,287.38646797159487,1.4065842882563007,3175,19410.04834806919,466,8898.016498565674
192,KONG-REY,2024-10-28 18:00:00,513.1687160794455,528.7617608159127,1.0303858053850112,232.79828834488566,290.7191532371452,1.2488027953472312,3260,20885.039605736732,552,10258.590454101562
193,KONG-REY,2024-10-28 18:30:00,466.6330181367801,567.863684548162,1.2169384987277259,182.45932757835365,255.09723427943763,1.3981046497603125,3013,15849.932075023651,392,6390.953161239624
194,KONG-REY,2024-10-28 19:00:00,471.6806525484386,567.0808932432601,1.2022559971018172,180.5441227705027,252.51905720488114,1.3986556489898452,2988,15717.413755655289,381,6217.119521141052
195,KONG-REY,2024-10-28 19:30:00,475.63489461367135,564.868482958486,1.1876094234366306,179.83255888034483,249.66733124267668,1.3883321952216474,2948,15553.167072415352,373,6085.145558357239
196,KONG-REY,2024-10-28 20:00:00,476.11033128489885,565.2750332080597,1.1872773936295964,181.32873377783483,249.64060387443848,1.3767294276719455,2926,15515.198449969292,376,6101.0781507492065
197,KONG-REY,2024-10-28 20:30:00,470.222551003123,580.4524538196754,1.234420706921432,177.24669255781694,251.77199506044056,1.4204608922579045,2926,15831.850035190582,375,6504.278204917908
198,KONG-REY,2024-10-28 21:00:00,492.48291235817766,593.8132411268751,1.2057539992270834,179.25020540501134,249.9765948723704,1.3945679688765387,2996,16561.701396107674,379,6802.387596130371
199,KONG-REY,2024-10-28 21:30:00,455.3779307009435,575.2878075373167,1.2633194732379758,178.50156301725357,247.44265599008781,1.3862212285848117,2988,18146.549683451653,389,8106.698866844177
200,KONG-REY,2024-10-28 22:00:00,441.63303060517,576.4911873772926,1.305362478407299,176.80922030262013,245.12743252646555,1.3863950766080702,3039,18534.754673480988,391,8418.10722732544
201,KONG-REY,2024-10-28 22:30:00,441.7020234228828,577.9691201790178,1.3085045789470435,172.8411803280873,252.00898210890975,1.4580378450930769,3054,18217.488467812538,386,8157.049637794495
202,KONG-REY,2024-10-28 23:00:00,444.50852996843435,584.4037606167639,1.3147188888777062,173.92282789792458,249.0268757385751,1.431823980488218,3135,18214.472836494446,385,8027.435400009155
203,KONG-REY,2024-10-28 23:30:00,425.8649089754493,582.2118477880381,1.3671280152871217,181.55008651417978,245.2994823292718,1.3511394405758743,3108,17756.243712425232,387,7719.060718536377
204,KONG-REY,2024-10-29 00:00:00,410.2441854721734,553.2499097448544,1.3485868400744943,189.0865428473464,237.32061665958474,1.2550899344073232,3087,18274.48076939583,403,8446.30593585968
205,KONG-REY,2024-10-29 00:30:00,413.3347627808273,604.07184913781,1.4614590969163666,197.017432475438,239.691731007156,1.2166016377105968,3134,18821.319707155228,449,9256.361186027527
206,KONG-REY,2024-10-29 01:00:00,443.55995164742313,609.3594981745255,1.373792868159774,197.5466032289072,228.45884441033084,1.1564807527750953,3182,18255.331178426743,412,8508.56705570221
207,KONG-REY,2024-10-29 01:30:00,441.63514637066476,632.213805335823,1.4315296473374517,198.79424111942785,224.80268577982702,1.1308309763599902,3212,18409.435678124428,403,8496.580466270447
208,KONG-REY,2024-10-29 02:00:00,438.33370995808883,619.4556885303201,1.4132056797309698,197.03055975200766,224.08868171505924,1.1373295695708683,3210,18483.141434669495,401,8589.96662902832
209,KONG-REY,2024-10-29 02:30:00,435.38355038913966,602.8963544876294,1.3847476643267018,195.6034882913119,224.79136391292985,1.149219606851527,3179,18554.52687418461,404,8731.751510620117
210,KONG-REY,2024-10-29 03:00:00,429.77437837168037,601.0049484896272,1.3984196795693125,189.1189310500948,238.38600714061027,1.260508431477249,3213,18644.175994873047,419,8928.994348526001
211,KONG-REY,2024-10-29 03:30:00,511.73167649669494,562.6741805923145,1.099549249021225,219.50280818276866,228.69802141043814,1.0418910960811585,2998,17800.57616496086,445,8519.399370193481
212,KONG-REY,2024-10-29 04:00:00,510.8575189708567,535.0054576063075,1.0472694200216466,210.26507938096634,225.84723002428356,1.0741071731415934,3024,18450.232967615128,439,8981.617319107056
213,KONG-REY,2024-10-29 04:30:00,517.6572766901045,536.2117149483522,1.0358430936717118,209.84550698992663,226.18744922068333,1.077876064468419,3027,18482.375394701958,437,8989.826663970947
214,KONG-REY,2024-10-29 05:00:00,521.7544467362675,539.0685937655882,1.033184474301321,209.44297827950112,226.95715413028972,1.0836226451450424,3030,18506.922713279724,438,9004.098028182983
215,KONG-REY,2024-10-29 05:30:00,525.5277707241063,539.7130325792597,1.0269924115249076,205.84097527875116,230.60468269696057,1.120305043175554,3041,18794.219769001007,433,9107.613512992859
216,KONG-REY,2024-10-29 06:00:00,522.9381274275823,559.8927565389756,1.0706673068440773,196.32184672088198,233.8289220936179,1.191048912788906,3072,18617.583322405815,390,8624.677132606506
217,KONG-REY,2024-10-29 06:30:00,431.67062031391873,579.9159665005587,1.3434223669862728,231.41009604824228,263.73025600054206,1.1396661619532833,3581,19814.013776779175,492,9154.998971939087
218,KONG-REY,2024-10-29 07:00:00,437.3438491787992,608.6645413791163,1.39172996835786,237.677333007994,275.5372258515667,1.1592911379660178,3821,21417.049357414246,560,10508.936703681946
219,KONG-REY,2024-10-29 07:30:00,437.6001478831738,627.5216162466792,1.434006865130693,243.69278157484194,255.65908090856396,1.0491040368795082,3863,22290.722914099693,576,10957.869614601135
220,KONG-REY,2024-10-29 08:00:00,435.81813127104436,626.1071800142746,1.436624901741144,243.32998361440696,252.57544258617193,1.037995559915932,3886,22726.162046790123,577,11381.482365608215
221,KONG-REY,2024-10-29 08:30:00,437.342085237443,628.2736618391315,1.4365726122562066,242.2322512564884,246.54590817038226,1.0178079380079135,3866,22900.91161799431,576,11469.366579055786
222,KONG-REY,2024-10-29 09:00:00,445.5393896849941,635.7701229798587,1.4269672619279754,238.21171475182075,250.924126695949,1.0533660234022142,3822,23219.203466057777,573,11461.60628414154
223,KONG-REY,2024-10-29 09:30:00,489.87695777742226,727.2283563393398,1.4845122735284024,245.03730242986867,254.90586178364364,1.040273702231922,3875,23123.528401851654,607,11191.236695289612
224,KONG-REY,2024-10-29 10:00:00,501.5176807262771,734.2792594470254,1.4641144024746469,242.3844622232855,256.15288546077676,1.0568040670231027,3950,23385.518616080284,607,11352.94452381134
225,KONG-REY,2024-10-29 10:30:00,500.54507704383735,692.1839938306869,1.3828604566818354,231.7146061582801,241.65644887025942,1.0429055503958484,4105,22501.415132641792,549,10345.647303581238
226,KONG-REY,2024-10-29 11:00:00,504.6860169791654,710.394280466248,1.407596518560912,232.25709211170405,240.26238342005922,1.0344673707724885,4034,22375.97220170498,549,10292.584609031677
227,KONG-REY,2024-10-29 11:30:00,521.8426681045464,727.6990904980391,1.3944798594971346,228.3232904505227,241.6562741263333,1.0583951976581154,4002,21996.124542951584,546,10067.440899848938
228,KONG-REY,2024-10-29 12:00:00,514.1804441523842,746.3673025117108,1.451566878903923,228.3010950048529,251.59959163123963,1.1020516201461512,4045,22817.47453069687,578,10636.787734031677
229,KONG-REY,2024-10-29 12:30:00,454.7349460131922,523.6239048597664,1.1514925550599195,236.87919340878858,278.4831476687118,1.175633636965848,3378,20383.131178736687,534,10449.774064064026
230,KONG-REY,2024-10-29 13:00:00,448.47963893270963,523.1356722980382,1.1664647107346804,235.57610648054595,278.2258720795161,1.181044530517746,3434,20559.011240124702,533,10569.392335891724
231,KONG-REY,2024-10-29 13:30:00,452.84128829073666,503.0463891251336,1.1108668801466768,218.77246580063533,239.25929976403626,1.093644480755038,3433,17877.169196248055,390,7616.133813858032
232,KONG-REY,2024-10-29 14:00:00,453.1636837406079,496.0354908025988,1.0946055665981604,222.06451613782616,236.09356192582183,1.0631755402978806,3391,17721.05520236492,391,7601.600420951843
233,KONG-REY,2024-10-29 14:30:00,456.5344673348869,493.4657544122213,1.0808948496110868,216.00116138844194,236.393317306074,1.094407621637548,3328,16924.019471526146,365,6976.668850898743
234,KONG-REY,2024-10-29 15:00:00,456.6235318867532,496.49196935834675,1.0873113948088864,208.7060376953151,242.46189466375793,1.1617387658795049,3315,16326.653688788414,351,6586.462248802185
235,KONG-REY,2024-10-29 15:30:00,454.58812542122786,501.10332755736613,1.1023238389542962,208.75755514686307,243.2987366577274,1.1654607493681515,3315,16275.716284036636,359,6712.691728591919
236,KONG-REY,2024-10-29 16:00:00,448.53899517567226,500.3305175444812,1.1154671565367988,210.06789990551076,240.6624405805004,1.145641198339918,3350,16781.96065723896,368,7173.968813896179
237,KONG-REY,2024-10-29 16:30:00,444.15662122663895,500.3890865684517,1.126605036724462,219.65997851462936,236.2931449746774,1.0757223349129081,3364,17042.159824609756,383,7580.012601852417
238,KONG-REY,2024-10-29 17:00:00,434.7724931944293,493.638427030501,1.1353947978713224,224.81676990068812,229.66470832349594,1.0215639537252865,3343,17319.747610926628,383,8051.4917278289795
239,KONG-REY,2024-10-29 17:30:00,433.98396553502016,494.2050085300894,1.1387632902999698,222.19143411255516,229.37390617928185,1.0323256028991974,3345,17246.44622862339,380,8009.643703460693
240,KONG-REY,2024-10-29 18:00:00,432.1521590046436,492.0583514851,1.138622916100742,223.18766863035955,232.97227835657011,1.04384027928718,3347,17848.81576192379,389,8393.601476669312
241,KONG-REY,2024-10-29 18:30:00,492.9225381976369,711.2146435423963,1.4428527576420818,229.88132207226187,247.00791270646963,1.0745018798387762,3543,20971.214277267456,540,10238.396617889404
242,KONG-REY,2024-10-29 19:00:00,518.6050569995824,780.2185803223452,1.5044561748709904,227.3385066047892,259.21994263685764,1.140237729666672,3631,21296.58284521103,554,10023.845429420471
243,KONG-REY,2024-10-29 19:30:00,527.3317864623391,770.2137125740945,1.4605865459792458,224.3297986075695,264.07773471380017,1.1771852707618322,3687,21201.35969722271,552,9788.838507652283
244,KONG-REY,2024-10-29 20:00:00,525.838407160384,736.3575923487739,1.4003495794938745,228.54000174555424,263.9059981032638,1.154747510665915,3690,21518.120297670364,570,10172.627712249756
245,KONG-REY,2024-10-29 20:30:00,501.16899352725403,690.7849438665828,1.378347329520129,223.2188900888272,246.9560605704464,1.106340330212072,3463,20603.994883298874,537,10245.079196929932
246,KONG-REY,2024-10-29 21:00:00,491.31857139592626,581.4006852833971,1.1833476671389194,227.6796962981445,249.0111635355877,1.093690687330805,3398,20661.015949368477,551,10529.297323226929
247,KONG-REY,2024-10-29 21:30:00,432.73425714789965,545.7446205108473,1.2611541875787333,232.25861315015408,256.7344486319105,1.10538182050511,3372,21240.89771783352,584,11227.532996177673
248,KONG-REY,2024-10-29 22:00:00,429.678124694254,538.7261807793024,1.2537901043080617,230.82264512025301,258.38674617378587,1.1194167974254499,3338,21128.368081092834,582,11171.13795375824
249,KONG-REY,2024-10-29 22:30:00,429.7995447749975,535.3838002617837,1.2456593004119136,230.23717678006003,258.9120012223799,1.1245447188127706,3315,20941.23673593998,579,11033.754452705383
250,KONG-REY,2024-10-29 23:00:00,427.37668170716603,519.802262525135,1.2162625729807524,232.81155817941834,262.1328384300342,1.1259442635920078,3299,21273.59002971649,595,11440.952098846436
251,KONG-REY,2024-10-29 23:30:00,428.1936952253046,522.6568712413856,1.220608516821752,232.55264852854205,260.78123654324963,1.1213857945429586,3327,21378.728541970253,592,11433.598077774048
252,KONG-REY,2024-10-30 00:00:00,429.9330832256135,522.7919676134496,1.2159845055215392,232.4514941721957,262.57422035755354,1.1295871480311603,3347,21368.130615472794,594,11389.93632221222
253,KONG-REY,2024-10-30 00:30:00,472.2432127129305,515.1417938937294,1.0908400163855299,228.35216599274943,241.8188988353402,1.0589735279455037,3814,22427.7184984684,544,11820.119946479797
254,KONG-REY,2024-10-30 01:00:00,472.4362692804488,515.2742258128479,1.090674572038347,228.65403466535676,241.85660672791604,1.0577403853025409,3820,22452.148438096046,545,11844.574913024902
255,KONG-REY,2024-10-30 01:30:00,472.33840322778855,515.9618701241031,1.0923563838938495,228.6810940802653,241.95818342749882,1.0580594097672644,3821,22477.44795703888,545,11859.172661781311
256,KONG-REY,2024-10-30 02:00:00,472.1236237304621,516.4503165787564,1.093887894230007,228.70068508277373,242.05262651182935,1.0583817290456392,3823,22492.544857382774,545,11871.84243965149
257,KONG-REY,2024-10-30 02:30:00,471.9850891493927,516.7701710446416,1.0948866456267912,228.18046504428352,242.89550727318962,1.0644886152986377,3824,22483.01068520546,546,11879.084732055664
258,KONG-REY,2024-10-30 03:00:00,472.4839151197834,517.7461487654517,1.0957963481872022,227.88820049482956,243.33747409494717,1.0677932142452766,3832,22514.314033150673,546,11882.347449302673
259,KONG-REY,2024-10-30 03:30:00,472.3658351959685,518.024133919301,1.0966587659846088,227.86566962518975,243.38071156251078,1.0680885451627717,3829,22495.32313334942,546,11872.02719116211
260,KONG-REY,2024-10-30 04:00:00,472.75874543991625,518.9561596066975,1.0977187933853916,227.57876960706403,243.59122399262677,1.0703600534145108,3835,22473.01084303856,545,11830.94635772705
261,KONG-REY,2024-10-30 04:30:00,478.018910575697,521.3124891534968,1.090568757051177,230.30678014553055,248.4461115052785,1.0787616037542822,3901,22917.355447769165,565,12006.71509552002
262,KONG-REY,2024-10-30 05:00:00,476.8312107456827,517.9355253097649,1.0862030706836512,233.6886911747914,248.32978121146093,1.0626521119317556,3947,23575.066447854042,577,12379.110600471497
263,KONG-REY,2024-10-30 05:30:00,476.9558785338009,518.0180636289871,1.0860922088252971,233.67642498548346,248.39773717526427,1.0629987051141092,3948,23574.657437205315,577,12375.909311294556
264,KONG-REY,2024-10-30 06:00:00,477.0858166038282,518.2009611927499,1.0861797671572,233.66177034599957,248.46487484305163,1.0633527019637443,3950,23574.125869989395,577,12372.41369342804
265,KONG-REY,2024-10-30 06:30:00,485.34259672185243,516.8730127261097,1.06496527652265,259.1870511639018,315.6717116666725,1.2179301020213789,3943,26286.169162154198,805,15423.264558792114
266,KONG-REY,2024-10-30 07:00:00,488.42845326350056,520.8097976676596,1.0662970066297277,264.37653816893095,322.10067735489207,1.2183406272952837,3969,26765.102642774582,832,15797.198870658875
267,KONG-REY,2024-10-30 07:30:00,494.79117431034206,518.8922690049135,1.0487096293262776,266.6083205006606,334.98948219101766,1.256485474879192,3994,27237.512342572212,869,16290.519577026367
268,KONG-REY,2024-10-30 08:00:00,498.098566974355,519.7389785098034,1.0434460425511753,266.90601533240374,335.3807602190304,1.2565500249267412,4012,27334.87501680851,872,16336.583183288574
269,KONG-REY,2024-10-30 08:30:00,498.71323414618,520.601758892692,1.0438900018043136,266.1827042051473,334.89861735513756,1.258153186005014,4018,27307.611263155937,868,16270.702693939209
270,KONG-REY,2024-10-30 09:00:00,502.8267055551926,519.3782037981894,1.032916903696912,267.14993141742445,338.90442266835413,1.2685925872045658,4049,27927.397371649742,878,16765.411187171936
271,KONG-REY,2024-10-30 09:30:00,489.8968576647997,590.4827558392046,1.205320562074777,275.3024762630539,344.6449959186974,1.251877573340041,3851,25035.94916331768,678,13068.431077003479
272,KONG-REY,2024-10-30 10:00:00,494.67379670015583,602.514037358736,1.2180027350911933,274.81825598443316,325.04184693182333,1.182752018301993,3874,24889.526312351227,660,12968.53661441803
273,KONG-REY,2024-10-30 10:30:00,554.6780021079169,854.9584936442084,1.541360014990946,249.0482041907569,280.94153832960046,1.128060887820793,4262,25437.225830316544,652,13030.692816734314
274,KONG-REY,2024-10-30 11:00:00,570.7308995725405,802.3114545542782,1.4057613757292322,241.18288468960287,280.8448417075981,1.164447643409847,4408,24864.498214006424,638,12206.63224029541
275,KONG-REY,2024-10-30 11:30:00,567.0468907713968,813.1386094600772,1.4339883044837822,242.4688739919418,289.1831379982124,1.1926608691547844,4401,24641.997319102287,658,12158.311730384827
276,KONG-REY,2024-10-30 12:00:00,556.3806239398591,820.1086124901888,1.4740064215083726,242.64024329759235,285.6330889925278,1.177187613689476,4249,24238.888008117676,653,12234.484568595886
277,KONG-REY,2024-10-30 12:30:00,449.5951982775928,501.5530243752026,1.115565794066885,244.5998116495639,281.36295691807214,1.150299156081025,3329,21803.317890167236,638,12081.01470375061
278,KONG-REY,2024-10-30 13:00:00,460.32654084082725,506.3719715607703,1.100027755592445,250.00355792152752,284.59117153677437,1.138348485528763,3456,21522.396810412407,631,11631.297859191895
279,KONG-REY,2024-10-30 13:30:00,470.4626039230404,510.5652937363389,1.0852409723512424,252.47897420890044,289.7684075151262,1.1476932224675924,3496,22324.86786556244,640,12023.186420440674
280,KONG-REY,2024-10-30 14:00:00,478.08954666065586,518.4129193797656,1.0843427198957978,250.625528368147,295.43550333013684,1.1787925406232629,3517,21918.239477276802,626,11467.13775730133
281,KONG-REY,2024-10-30 14:30:00,476.3669940664497,522.1079182225772,1.0960203471816223,252.58644260868024,294.9543830906952,1.167736399643794,3437,22150.748558998108,642,11859.938139915466
282,KONG-REY,2024-10-30 15:00:00,475.69734321121723,523.3351842643883,1.1001431724036725,255.6541512510526,290.7640541840885,1.1373335921252332,3557,21824.865562915802,624,11281.607809066772
283,KONG-REY,2024-10-30 15:30:00,549.1761835433413,788.9028257850412,1.4365204636059734,247.782763288951,284.8485471921272,1.1495898399516633,4168,25493.514348745346,677,13515.261635780334
284,KONG-REY,2024-10-30 16:00:00,507.082806225582,591.6100838696068,1.166693243403762,252.8233956831855,276.54393368164887,1.0938225591597805,3774,24466.745010256767,665,13272.904306411743
285,KONG-REY,2024-10-30 16:30:00,542.4639297525961,700.4919005307333,1.2913151679047277,249.92227004637738,271.5461781782833,1.0865225340978704,3863,23101.71267259121,634,11933.391377449036
286,KONG-REY,2024-10-30 17:00:00,543.2713387171923,695.94141734264,1.2810199392921058,252.71926795654954,270.6397175508459,1.0709104997778656,3883,23517.643928527832,638,12159.605525016785
287,KONG-REY,2024-10-30 17:30:00,547.8794279796956,806.9034512520049,1.472775596315887,253.29178727334318,270.62063985707124,1.0684145852902303,3904,23560.290917158127,632,12117.254891395569
288,KONG-REY,2024-10-30 18:00:00,551.7954100015141,765.1550795315115,1.386664451466551,256.04869490158876,271.19236876500963,1.0591437260371126,3884,23778.730884313583,637,12473.189011573792
289,KONG-REY,2024-10-30 18:30:00,487.63134794367835,554.2517526365814,1.136620430523668,229.12577817867066,296.0504366104321,1.292086988045373,3526,20672.12889647484,573,10044.850171089172
290,KONG-REY,2024-10-30 19:00:00,486.7636947960422,554.4677503984533,1.1390901916602028,228.7347769985222,295.94030503837735,1.2938142110339788,3525,20662.066464662552,572,10024.973713874817
291,KONG-REY,2024-10-30 19:30:00,461.16980115779455,536.2479591082385,1.1627993805360946,231.64984715696963,297.33817544539795,1.283567328425283,3479,21754.600672483444,588,11152.68476486206
292,KONG-REY,2024-10-30 20:00:00,461.2511813865416,537.2537083710438,1.1647747042208847,231.30285082144843,297.1472890996104,1.2846676469586125,3484,21746.9837539196,587,11128.831532478333
293,KONG-REY,2024-10-30 20:30:00,456.9525785491484,534.2268496556364,1.1691078565566633,243.40058015638442,310.26127313433875,1.2746940575696049,3444,22141.705761551857,647,11818.483134269714
294,KONG-REY,2024-10-30 21:00:00,454.64041879005146,530.6139711841894,1.1671069030693035,243.61489177029512,306.47764873648305,1.2580415199964872,3435,22220.9417771101,641,11920.490414619446
295,KONG-REY,2024-10-30 21:30:00,445.0707474475169,935.2587003838472,2.101370862379877,221.99007078479517,298.7770425343692,1.3459027310460774,4139,23266.002084851265,582,10932.040197372437
296,KONG-REY,2024-10-30 22:00:00,460.5782053787979,867.390343514474,1.8832639785920735,220.6772634905556,302.89165565790233,1.3725548833936123,3917,22275.782658219337,574,10438.56775856018
297,KONG-REY,2024-10-30 22:30:00,466.35235062071223,814.9398430014088,1.7474766491832343,223.0681976333351,284.7507271294179,1.2765187066130834,3717,21668.19886159897,558,10197.569184303284
298,KONG-REY,2024-10-30 23:00:00,466.78369690011954,810.830382049266,1.737058058012601,223.26561283536498,284.5823631633917,1.2746358901817993,3715,21641.79925239086,557,10169.287669181824
299,KONG-REY,2024-10-30 23:30:00,459.6001272052576,866.2823309805717,1.8848609469459259,221.55271428764533,285.0768913120053,1.286722630452111,3726,21843.87015414238,560,10329.227949142456
300,KONG-REY,2024-10-31 00:00:00,454.06838699317586,915.2565238006028,2.01567990641541,223.221400556042,289.48621831269253,1.2968569213864993,3714,21967.56057202816,567,10600.165719032288
301,KONG-REY,2024-10-31 00:30:00,450.62573787361976,580.19632925988,1.2875348221290406,237.355742295672,286.37363316998966,1.2065165578056893,3456,23239.857134222984,655,12794.654713630676
302,KONG-REY,2024-10-31 01:00:00,459.1716364882993,577.5774883399647,1.2578683926499048,232.2933438774881,283.1065693781446,1.2187459384434807,3487,22650.712671756744,626,12081.743708610535
303,KONG-REY,2024-10-31 01:30:00,457.5241260786082,551.9924405164553,1.2064772304960703,230.81653966360983,277.54685734527743,1.2024565386422081,3397,21943.616933107376,604,11570.08153629303
304,KONG-REY,2024-10-31 02:00:00,436.0807507662887,603.174654828278,1.383171932648638,228.64319244250484,281.8389979404617,1.2326586019451786,3384,21771.485125422478,607,11537.532746315002
305,KONG-REY,2024-10-31 02:30:00,430.8540492414194,582.8079836475507,1.3526807620206118,228.45513155350886,278.2588595121244,1.2180022292340116,3321,22123.592789411545,607,12084.720980644226
306,KONG-REY,2024-10-31 03:00:00,437.19805111053347,599.7489307979864,1.3718014736674913,221.01537983218856,273.40013875044514,1.237018613627838,3473,22209.03037774563,579,11846.599202156067
307,KONG-REY,2024-10-31 03:30:00,473.8234450075253,592.0202542410933,1.2494532731103871,233.24752057660544,253.73845102111102,1.0878505820505588,3464,19785.171933412552,445,8180.039479255676
308,KONG-REY,2024-10-31 04:00:00,475.6201689300617,599.3155922806076,1.2600718628665504,237.09673070051502,250.34384840164864,1.0558722073560156,3433,19507.661178946495,461,8225.33194732666
309,KONG-REY,2024-10-31 04:30:00,482.06009497886123,619.386793132236,1.2848746444349337,237.23980991048003,246.72887401090068,1.039997773156201,3399,18974.98931670189,455,7837.8334856033325
310,KONG-REY,2024-10-31 05:00:00,491.1829478219691,604.3154969800538,1.2303267034406267,194.39871320951954,249.31549269226232,1.2824955915400178,3336,17686.81022465229,377,6618.8821449279785
311,KONG-REY,2024-10-31 05:30:00,468.91549062940913,577.8229423305482,1.2322539004948527,197.70752162880314,241.6231277913045,1.2221241043370719,3379,17449.9160490036,381,6631.327598571777
312,KONG-REY,2024-10-31 06:00:00,400.29503127194715,571.4087140142557,1.4274689151114097,195.4878230450667,216.48904323667884,1.1074298125810604,3288,18322.330823898315,402,7748.651467323303
313,KONG-REY,2024-10-31 06:30:00,407.7788497710954,588.7409324212473,1.4437750578572983,199.35488781236452,232.45035398347662,1.1660128153078486,3587,18563.349185347557,426,7776.175434112549
314,KONG-REY,2024-10-31 07:00:00,415.010834846533,589.733525590075,1.4210075402203688,201.4303252131254,244.7138181837708,1.2148807183071748,3641,18783.026550531387,443,7921.3143701553345
315,KONG-REY,2024-10-31 07:30:00,414.88332937978,588.6800391613067,1.4189050209400762,200.92047311303722,245.87951877000398,1.2237653782134572,3637,18739.773415327072,442,7908.670694351196
316,KONG-REY,2024-10-31 08:00:00,414.0568256826624,587.4015740371386,1.418649657734004,200.37183670112245,249.90440087806627,1.2472032247267668,3628,18709.5126953125,446,7964.415998458862
317,KONG-REY,2024-10-31 08:30:00,412.1146179907438,593.6672969619035,1.440539284571643,198.8407902493081,264.56161750808644,1.3305198454319949,3554,18214.698818564415,455,7690.83588218689
318,KONG-REY,2024-10-31 09:00:00,419.077968391398,593.7457572914922,1.4167906739897187,201.25556081688754,276.5281736444752,1.3740150707988295,3625,18454.433379530907,474,7862.607921600342
319,KONG-REY,2024-10-31 09:30:00,492.45941467012653,664.932789990157,1.3502286080479549,220.77544090827644,265.28302041026274,1.2015966056680927,3512,19564.417652964592,497,8756.242883682251
320,KONG-REY,2024-10-31 10:00:00,498.1668479158836,773.2068373205617,1.55210416059464,205.3037440336699,263.11390775026985,1.281583582358429,3521,19806.838349938393,472,8742.57197380066
321,KONG-REY,2024-10-31 10:30:00,486.5397254083608,713.2664794639484,1.4659984420908088,141.26438751043221,263.3046556611942,1.8639139014547994,3074,16109.595941781998,326,6303.116101264954
322,KONG-REY,2024-10-31 11:00:00,519.2187232684932,1190.5559394666038,2.2929757462751454,169.84926366174713,1439.3822051642535,8.474468326402393,3388,16557.801443696022,323,6140.970832824707
323,KONG-REY,2024-10-31 11:30:00,518.514613156046,1189.940052260357,2.29490167117478,169.75217403856655,1434.9455579565454,8.453179266090148,3390,16488.13424873352,321,6077.144364356995
324,KONG-REY,2024-10-31 12:00:00,514.0398917171831,1233.4317009461163,2.399486344971703,162.84808422410026,1462.4974001497924,8.980746731642208,3260,15608.539703249931,303,5465.080939292908
325,KONG-REY,2024-10-31 12:30:00,449.63949920722274,492.5152463215069,1.0953558288137029,131.19206274507735,243.32009066668587,1.8546860654175819,2759,14900.157966971397,302,5222.761290550232
326,KONG-REY,2024-10-31 13:00:00,441.9837992959317,474.41317721335923,1.0733723226260454,128.06706950039177,232.6228530089064,1.8164142735240223,2744,14354.019649386406,280,4762.398481369019
327,KONG-REY,2024-10-31 13:30:00,461.07009642601946,511.6239293757708,1.1096445710568041,138.596380714052,202.87139444669182,1.4637567979877388,2899,14112.496226549149,248,4127.581359863281
328,KONG-REY,2024-10-31 14:00:00,493.75155583960094,582.308202034739,1.1793546676416047,149.4801383415415,206.49766414764673,1.3814388081166118,3028,14379.508743047714,264,4431.963493347168
329,KONG-REY,2024-10-31 14:30:00,491.93345559983067,1047.1326543722398,2.1286063032558626,153.42715060273005,229.77163579535602,1.4975943624887083,3117,14670.48717713356,285,4822.6910943984985
330,KONG-REY,2024-10-31 15:00:00,473.2748522197362,1439.5048599871784,3.0415832433007224,177.02038573039192,824.5638357905523,4.658016263993383,2993,13893.697270393372,251,4055.83234500885
331,KONG-REY,2024-10-31 15:30:00,472.27233079776266,589.6112078303912,1.2484559636056136,150.86812050182326,183.0493779080551,1.2133072069777773,3042,12542.86151778698,191,2794.3039693832397
332,KONG-REY,2024-10-31 16:00:00,494.4106568701257,579.5299284126764,1.172163100369637,134.66195550277973,175.92982606227602,1.3064553043613207,3084,12334.459997296333,183,2644.3426961898804
333,KONG-REY,2024-10-31 16:30:00,498.11311497890233,581.0335435725857,1.166469073188716,136.08155476672368,175.8994423386014,1.2926031205341078,3073,12260.816043376923,184,2626.0704431533813
334,KONG-REY,2024-10-31 17:00:00,501.28342939209557,579.8509812827389,1.1567327928352242,137.2044679439069,175.4419043749417,1.2786894406869176,3047,12119.026713490486,187,2631.625491142273
335,KONG-REY,2024-10-31 17:30:00,496.0339198809053,613.495687187614,1.2368018851108191,145.6268885675984,176.96508178115255,1.215195102510249,2968,11756.133214235306,194,2648.5048961639404
336,KONG-REY,2024-10-31 18:00:00,498.38986605167906,1754.1592801416848,3.5196527851547224,158.2412395579573,2606.5353424742307,16.471909280763356,2992,11568.955809116364,161,2044.9680862426758
337,KONG-REY,2024-10-31 18:30:00,824.0419111156568,1471.0024626114243,1.785106367490285,429.3632716165954,1616.771828151073,3.7655103149921567,3771,15870.68456697464,332,3945.510561943054
338,KONG-REY,2024-10-31 19:00:00,789.2365874381354,1435.0064116969638,1.8182208409204617,294.06676230470566,1516.0535310481318,5.1554739446453475,3771,16225.93905699253,342,4108.28048324585
339,KONG-REY,2024-10-31 19:30:00,762.6673691109248,1432.0873170917648,1.8777351373524878,299.60303356907644,1552.775776431163,5.182777216683789,3764,16145.646214723587,334,4014.954559326172
340,KONG-REY,2024-10-31 20:00:00,758.8934605774692,1428.4357051396528,1.8822611859808398,295.3612078386932,1560.8270658199951,5.284468726415862,3750,16048.431520819664,332,3977.556547164917
341,KONG-REY,2024-10-31 20:30:00,753.2757412080343,1425.283043456194,1.892113293294769,290.24498604261487,1584.914887520624,5.460610738295115,3743,15957.829941272736,330,3939.8922777175903
342,KONG-REY,2024-10-31 21:00:00,751.2422893753019,1421.9075813556126,1.8927416646605488,285.9418437038783,1591.2417845587847,5.56491405366565,3740,15884.671458244324,328,3903.756378173828
343,KONG-REY,2024-10-31 21:30:00,732.3478970001877,1404.3221003241877,1.9175614568929742,258.70934440935304,1572.798199513684,6.079402362154558,3727,16053.29608142376,335,3961.399646759033
344,KONG-REY,2024-10-31 22:00:00,728.2712861879779,1398.3821379398998,1.920139053208469,246.0626254017176,1579.181218901012,6.417802038496751,3727,16013.20440018177,333,3928.4713230133057
345,KONG-REY,2024-10-31 22:30:00,727.0610514968465,1395.4480352244043,1.9192996686475026,238.18622436973644,1602.5122816522694,6.727980536627018,3728,15962.74708724022,332,3905.936848640442
346,KONG-REY,2024-10-31 23:00:00,727.0606937225812,1390.0883374627685,1.9119288794797256,234.99501057249938,1608.6966440543258,6.84566297869551,3723,15905.140824198723,330,3873.0803728103638
347,KONG-REY,2024-10-31 23:30:00,725.0862568495672,1387.204443440694,1.9131578213438591,230.06845758245035,1632.881574493631,7.097372632701912,3717,15835.6625944376,328,3838.96537399292
348,KONG-REY,2024-11-01 00:00:00,634.7173685567138,1269.1165921877075,1.9994987612731543,362.5524491403503,1297.7894794594854,3.579590987556907,3668,15126.085901021957,312,3616.9264430999756
349,KONG-REY,2024-11-01 00:30:00,755.5206784359337,1415.319040001003,1.8733028498054758,331.62210397366425,1728.4347259900214,5.212061274803562,3636,15219.754839420319,302,3423.9910430908203
350,KONG-REY,2024-11-01 01:00:00,752.6322443624782,1411.5414778159827,1.8754730326650244,331.7965386331619,1732.855139729907,5.22264381318868,3637,15189.000230550766,301,3408.12730884552
351,KONG-REY,2024-11-01 01:30:00,751.7323782995992,1407.9011351412978,1.8728754750805532,330.72040472168817,1735.8596684371744,5.248722617819577,3640,15166.164348959923,300,3391.0957441329956
352,KONG-REY,2024-11-01 02:00:00,747.496724248294,1403.4750350346587,1.877566803314135,329.41049066477694,1740.1592925412037,5.282646855081684,3635,15097.960191845894,299,3375.043543815613
353,KONG-REY,2024-11-01 02:30:00,745.7580342915344,1400.5481788241377,1.8780195645557451,331.72907463637057,1744.6265582953115,5.2591909835087645,3635,15053.835994720459,298,3358.9634323120117
354,KONG-REY,2024-11-01 03:00:00,744.2683640680738,1390.4368855234327,1.8681929162264592,328.74249147029207,1713.938721784507,5.213620892507556,3635,15103.043682336807,305,3457.1724185943604
355,KONG-REY,2024-11-01 03:30:00,627.8129679627441,844.6924899289871,1.3454524405094987,210.42943976011858,354.00816051900523,1.6823128974850627,3750,18269.066494345665,405,6574.7451248168945
356,KONG-REY,2024-11-01 04:00:00,622.2723622877301,843.0998929122991,1.3548727920563826,210.16350674379743,361.6905266115986,1.7209958675295634,3738,18042.93646478653,404,6517.635919570923
357,KONG-REY,2024-11-01 04:30:00,659.5591167144553,878.4342256583111,1.3318506308186058,306.810823699199,674.1529170021793,2.197291832386998,3691,17629.66833949089,397,6263.363774299622
358,KONG-REY,2024-11-01 05:00:00,437.65092544020763,960.620914313977,2.1949477505336974,186.8990027834031,325.1584938517138,1.7397551030731695,3714,16291.596529006958,336,4794.743608474731
359,KONG-REY,2024-11-01 05:30:00,434.2453958324774,960.4392754425378,2.2117431403073584,184.8205453551634,301.2432703509052,1.629923068195771,3687,16244.074273943901,336,4857.009977340698
360,KONG-REY,2024-11-01 06:00:00,444.66923289155864,1005.8215044772016,2.2619543473620283,194.53848665727614,438.06267902941664,2.2518047022806424,3644,15855.526535868645,336,4617.16953086853
361,KONG-REY,2024-11-01 06:30:00,395.7146282456472,1082.1355810619275,2.734636285394456,202.61047200199462,1071.0247079294115,5.286127105606182,3413,16103.878405809402,371,5549.783638000488
362,KONG-REY,2024-11-01 07:00:00,394.2768822678484,1069.8528270984898,2.713455632865871,201.45041380913744,988.5279591652217,4.907053504996965,3435,16324.433574318886,383,5785.756367683411
363,KONG-REY,2024-11-01 07:30:00,391.60658374059307,1108.8332524554091,2.8314979841858747,187.3260280646165,1234.220837406688,6.588624390097822,3384,14539.540213346481,315,4448.443634033203
364,KONG-REY,2024-11-01 08:00:00,391.8765961930301,1104.9797248853504,2.81971349047101,188.20968157191209,1225.2607840039211,6.51008372029874,3403,14582.330229997635,314,4483.144392967224
365,KONG-REY,2024-11-01 08:30:00,392.58291046139385,1114.1196999691176,2.8379220548844444,200.00935580924673,1234.011228275466,6.1697675255369715,3351,14455.279750227928,318,4451.8584842681885
366,KONG-REY,2024-11-01 09:00:00,384.1331064789962,1139.361280712775,2.9660585393336056,185.69163981373873,1392.0951208401784,7.496810961637996,3297,13869.801892518997,262,3613.154227256775
367,KONG-REY,2024-11-01 09:30:00,391.4334984343735,1127.6685492413537,2.880868790616325,180.35473788110457,1331.8247714601873,7.3844734388855375,3352,14027.394055485725,283,3897.412073135376
368,KONG-REY,2024-11-01 10:00:00,385.3404912642393,1158.2124671262548,3.0056858632383676,162.54106519129823,1524.9997802474818,9.382243056255758,3316,13621.989792346954,221,3071.451555252075
369,KONG-REY,2024-11-01 10:30:00,378.6612661355941,1136.3096906733113,3.0008606432600087,160.92214696394066,1387.2662072223711,8.620728926349836,3251,13983.591906547546,261,3708.399987220764
370,KONG-REY,2024-11-01 11:00:00,361.3760310810221,1154.8751842266624,3.19577139848473,128.5977757027508,1509.1532932174277,11.73545409296791,3067,13388.123279213905,232,3389.2469005584717
371,KONG-REY,2024-11-01 11:30:00,360.7584563933861,1162.3239636691806,3.22188972446908,130.26097391537468,1509.36522056645,11.587240408220904,3048,13268.430144071579,234,3450.3438787460327
372,KONG-REY,2024-11-01 12:00:00,369.1875285545859,1149.7786556494361,3.1143485809256783,140.29455610883906,1411.502533556649,10.060992904540145,3112,13398.824018597603,258,3785.4506969451904
373,KONG-REY,2024-11-01 12:30:00,457.3901897715451,979.2280790501479,2.140903108436247,219.45732631281572,667.5487599026383,3.0418157876903478,3083,16839.643859744072,422,7352.057147026062
374,KONG-REY,2024-11-01 13:00:00,522.1859958899271,1007.3469125604545,1.9290959935524463,240.29046946076758,752.9184359119921,3.1333678676545205,3109,16536.969145298004,425,7165.283368110657
375,KONG-REY,2024-11-01 13:30:00,525.906674499563,1007.938410780115,1.9165727678570288,246.03785910196407,758.1227978257054,3.0813257788571384,3094,16583.0380808115,419,7115.248734474182
376,KONG-REY,2024-11-01 14:00:00,526.1155565058438,1007.6696446330408,1.9153009869645363,243.9291291542191,761.0460406826192,3.119947352419155,3088,16563.446132302284,418,7095.913414001465
377,KONG-REY,2024-11-01 14:30:00,526.368626809183,1008.0269253470539,1.9150589036007988,243.3661500195063,763.6694719738061,3.1379445001393713,3083,16534.523942112923,417,7069.731187820435
378,KONG-REY,2024-11-01 15:00:00,527.5342859204679,1008.2704272136857,1.9112889041029886,243.13824925745945,765.5638838957025,3.148677290528002,3078,16520.336993694305,418,7073.477952957153
379,KONG-REY,2024-11-01 15:30:00,528.029984024248,1008.6066408461538,1.9101313776905422,241.64360346766279,768.6632383499777,3.1809790423558164,3075,16485.72349882126,416,7029.788404464722
380,KONG-REY,2024-11-01 16:00:00,528.55650086006,1009.47800726987,1.9098771950155924,240.5680916424474,771.3042241343095,3.2061784207054513,3074,16454.81994175911,415,6997.035809516907
381,KONG-REY,2024-11-01 16:30:00,531.1311991624782,1023.7550281470476,1.9274993255176278,238.51170997967972,835.107496239201,3.501327026292946,3075,16070.578732728958,398,6683.688075065613
382,KONG-REY,2024-11-01 17:00:00,534.3411894269719,1042.8331556512026,1.951624123847791,233.9003615522311,965.9812522488847,4.129883536042215,3046,15728.08333826065,400,6506.769696235657
383,KONG-REY,2024-11-01 17:30:00,536.8563181056401,1051.9727183425562,1.9595051466555562,223.25401513868349,1003.1490069802317,4.493307797206154,3054,15686.137056708336,408,6443.093849182129
384,KONG-REY,2024-11-01 18:00:00,536.8205857478777,1052.5191043453644,1.9606533957318972,222.76716792791035,1005.0921988686844,4.511850683463093,3053,15676.63602566719,407,6431.603464126587
385,KONG-REY,2024-11-01 18:30:00,350.09761006454477,1205.9493382966352,3.4446088851457746,223.18419182281528,1035.5191767279873,4.639751445971925,3097,15212.447969555855,385,6635.740376472473
386,KONG-REY,2024-11-01 19:00:00,341.6672887536917,1184.9634479232939,3.468179386577249,223.98810767741577,994.8278890059306,4.4414317318965075,3096,15462.576450824738,399,7073.55383682251
387,KONG-REY,2024-11-01 19:30:00,346.24552144763084,1203.1720449040963,3.474910057677297,225.40473716780815,1120.3515564199886,4.970399338084497,3093,15142.634320735931,402,6784.7633600234985
388,KONG-REY,2024-11-01 20:00:00,346.2891304515452,1202.875438287886,3.4736159252800913,225.30388493492768,1121.1348758636238,4.976100950001041,3086,15108.068668603897,402,6768.012198448181
389,KONG-REY,2024-11-01 20:30:00,346.2238189095517,1203.0523690452121,3.474782216989804,225.21738431585786,1121.9215636878132,4.981505167089414,3082,15087.341205835342,402,6756.565103530884
390,KONG-REY,2024-11-01 21:00:00,356.7698071122856,1185.392425401094,3.3225693479942207,234.47570389107952,1162.5201526764524,4.957955700248033,3053,14810.154845833778,391,6386.594174385071
391,KONG-REY,2024-11-01 21:30:00,684.7631850414301,1011.763695865561,1.4775381007148405,447.52503514916157,862.8031608797086,1.9279438983611978,4052,15628.585772156715,258,3007.8197736740112
392,KONG-REY,2024-11-01 22:00:00,688.2988546135309,1007.5101883463102,1.4637685092647872,443.7097796352505,846.9635596370749,1.9088232860977625,4147,15938.319906711578,260,3019.2847270965576
393,KONG-REY,2024-11-01 22:30:00,617.0736708826881,1044.0258636251126,1.6918982495747912,148.04019273241073,1040.8097233493816,7.030588816043253,3695,14599.78591811657,202,2193.9583234786987
394,KONG-REY,2024-11-01 23:00:00,618.027082633055,1044.9062398750252,1.6907127037593304,148.04180376250727,1041.179021572169,7.0330068609705,3689,14575.889215230942,202,2193.2627172470093
395,KONG-REY,2024-11-01 23:30:00,619.628727353352,1046.0604684262173,1.6882052465422328,148.54982706630594,1040.8423702103682,7.006688535192816,3691,14565.251289606094,202,2192.3399686813354
396,KONG-REY,2024-11-02 00:00:00,621.3895956249049,1046.9751397073508,1.6848932571110253,147.01419397208852,1044.0329660701018,7.101579363611043,3697,14557.795048832893,201,2180.981622695923
397,KONG-REY,2024-11-02 00:30:00,552.1499686772453,878.1915784321352,1.5904946631364807,153.72657827157877,434.5235567476486,2.826600068987428,3976,17649.254972338676,254,3305.273093223572
398,KONG-REY,2024-11-02 01:00:00,552.3085243923549,878.7272084364555,1.5910078690225213,154.02760458665895,433.854419093942,2.8167315869009975,3980,17625.57978630066,253,3289.848412513733
399,KONG-REY,2024-11-02 01:30:00,552.2887120331582,878.6284989487556,1.5908862154981054,153.91327503925456,434.73440785265757,2.8245413382424527,3973,17605.955136179924,252,3273.153775215149
400,KONG-REY,2024-11-02 02:00:00,552.4473293357435,878.9663817065731,1.59104105501502,153.92423676910497,435.11015125380345,2.8267812814072317,3970,17587.993378520012,252,3266.5906858444214
401,KONG-REY,2024-11-02 02:30:00,552.5941611172536,879.5605547002617,1.5916935367574907,153.94352730521902,435.5029499167522,2.828978636128632,3970,17569.41847550869,252,3260.899302482605
402,KONG-REY,2024-11-02 03:00:00,552.9217664407234,879.8819680414955,1.5913317605589732,153.26879404561728,457.6897871358135,2.9861903069426425,3971,17556.72751581669,252,3254.072032928467
403,KONG-REY,2024-11-02 03:30:00,553.2783379347659,880.2972481111451,1.591056775143318,153.13795961893416,458.77497899873265,2.9958279458622625,3970,17542.98487150669,251,3237.05717086792
404,KONG-REY,2024-11-02 04:00:00,553.9666008754886,880.553438520416,1.5895424690383646,152.46038902450698,459.9399733958908,3.01678341724522,3969,17522.85908663273,248,3200.246328353882
405,KONG-REY,2024-11-02 04:30:00,554.2118984239506,881.0301542420414,1.5896990965864934,152.3638034217658,482.70231517702257,3.1680904803933467,3969,17498.78913295269,247,3183.260449409485
406,KONG-REY,2024-11-02 05:00:00,554.2875194427521,881.4859225221157,1.5903044748478334,152.3826419418181,483.0867802774113,3.1702218449648467,3968,17469.111653089523,247,3175.9544219970703
407,KONG-REY,2024-11-02 05:30:00,635.3433244038142,804.7920847972472,1.2667042430207902,298.95257665227035,380.45975345082155,1.2726424963828151,4103,16974.434460401535,290,3310.4663915634155
408,KONG-REY,2024-11-02 06:00:00,635.0717360755788,804.5067755051456,1.266796693672101,299.5438431001364,379.6454095903099,1.2674118274679227,4089,16910.567517876625,289,3295.9836387634277
409,KONG-REY,2024-11-02 06:30:00,729.0381172479853,1200.3421597802192,1.6464738007270974,433.521723484701,1048.1610136894549,2.417781986250205,3340,9156.166544556618,123,1235.5816926956177
410,KONG-REY,2024-11-02 07:00:00,730.7527135624655,1203.5558276756585,1.6470083591044724,439.15485498787496,1055.2723979824057,2.402961930163653,3330,9124.637522935867,122,1225.480972290039
411,KONG-REY,2024-11-02 07:30:00,691.6812786819884,1250.918158778438,1.8085181677348332,402.37141921223554,1109.2485707267085,2.7567777375898053,3268,8607.087555646896,105,1053.838891029358
412,KONG-REY,2024-11-02 08:00:00,665.5933123993761,1275.7885878202692,1.9167689399119976,338.0149215518949,1161.0434378687335,3.434888118365144,3220,8244.036274552345,91,913.5299396514893
413,KONG-REY,2024-11-02 08:30:00,663.693689294634,1299.5945018380014,1.958123940004904,329.02239947950704,1343.4615115793792,4.083191641981359,3260,8321.437733054161,94,944.4223747253418
414,KONG-REY,2024-11-02 09:00:00,705.1588888997203,1284.6626273847664,1.8218059044668085,185.55985601113358,1351.578747605514,7.2837885125563595,3228,8076.12231528759,98,983.2930593490601
415,KONG-REY,2024-11-02 09:30:00,755.0243880385351,1175.682527345931,1.557145101498264,708.1761907633148,1307.8701514714253,1.846814632474049,3391,8950.312324523926,115,1155.6175298690796
416,KONG-REY,2024-11-02 10:00:00,755.8992027820942,1178.7908521425138,1.5594550805239127,711.0487548958771,1313.2221980384043,1.8468806660532089,3389,8933.24957048893,114,1145.6050052642822
417,KONG-REY,2024-11-02 10:30:00,729.2905901817395,1109.6750291365727,1.5215814437699513,622.5799369077464,1173.2522221615764,1.8845005317532846,3468,9752.488660812378,128,1286.419412612915
418,KONG-REY,2024-11-02 11:00:00,697.2665495436399,1081.718207549512,1.551369714003194,560.8065867067502,1041.8931037973448,1.8578474798516522,3452,9736.887637734413,130,1311.2090291976929
419,KONG-REY,2024-11-02 11:30:00,703.8497008763541,1027.9164069034778,1.4604203221563226,511.4514053057698,835.0481255704782,1.6327027688412457,3566,10772.224073171616,145,1496.9103422164917
420,KONG-REY,2024-11-02 12:00:00,660.7898804133981,1108.3379692760807,1.677292588958368,115.16701201771083,586.78473787988,5.095076511923717,3526,10925.245232462883,149,1629.6944417953491
421,MAN-YI,2024-11-08 12:00:00,569.2307146932014,755.8371721978621,1.3278221864841475,180.71251831138335,524.6826344577856,2.903410562591514,3727,13513.087148308754,264,2984.610445022583
422,MAN-YI,2024-11-08 12:30:00,568.9168419115596,751.0864679507788,1.320204312157693,174.32639648415386,525.9425069549184,3.016998673535497,3852,13954.113698363304,240,2979.9710578918457
423,MAN-YI,2024-11-08 13:00:00,584.5570387266146,769.8549959758238,1.3169886682963508,201.41952609383492,517.3314966628682,2.568427732383093,3995,14244.892192482948,251,3010.4857835769653
424,MAN-YI,2024-11-08 13:30:00,606.7740144039395,750.2291262876828,1.2364226359045125,210.40017545700135,497.1903575568478,2.3630700710059735,4006,14025.411264181137,244,2858.0223875045776
425,MAN-YI,2024-11-08 14:00:00,624.7035592642078,756.3717966818053,1.2107691487666223,218.96719238237273,470.5641266555857,2.149016578857431,4012,13944.453820347786,239,2832.089807510376
426,MAN-YI,2024-11-08 14:30:00,641.0454500574554,736.3275493089542,1.148635481685359,180.51687646769545,451.980522020287,2.503813110798918,3948,14280.071209430695,245,3002.7188577651978
427,MAN-YI,2024-11-08 15:00:00,649.7982201671365,745.9404902189323,1.147957115098077,166.86205896659501,464.9659182624387,2.7865287120514313,3938,14633.66813826561,256,3158.4524488449097
428,MAN-YI,2024-11-08 15:30:00,648.5980424499853,741.6089677729392,1.1434030312080767,161.88224285476036,447.06045596010523,2.7616398690571766,3847,14233.62773180008,241,3017.609101295471
429,MAN-YI,2024-11-08 16:00:00,637.6394077771612,751.7466126294283,1.1789525607428322,152.10062405466408,396.23778982871244,2.6051029855492525,3792,13650.505274295807,205,2687.1346502304077
430,MAN-YI,2024-11-08 16:30:00,630.8467605521646,766.6514153731014,1.2152736025815034,152.60756892853595,384.7877578054255,2.521419877841143,3700,13116.023046016693,197,2565.244013786316
431,MAN-YI,2024-11-08 17:00:00,611.4667366591339,817.207190663153,1.3364703943310479,146.98962878385436,363.8322716490417,2.475224100225793,3758,13372.399562358856,193,2585.669599533081
432,MAN-YI,2024-11-08 17:30:00,593.543239992458,884.9056629816642,1.4908865999264131,160.68924564516854,423.70084504914024,2.636771635512853,3900,14225.888670563698,233,3205.2089080810547
433,MAN-YI,2024-11-08 18:00:00,561.0459992253308,931.0633701605469,1.6595134292840859,221.4751058591829,445.6305369328369,2.012102151183408,3933,14740.827122926712,258,3461.8283920288086
434,MAN-YI,2024-11-08 18:30:00,624.1592023742388,834.9653990268782,1.3377442739781011,157.89937761086424,434.16108556746525,2.749606060116542,3738,13814.26340329647,216,2907.603470802307
435,MAN-YI,2024-11-08 19:00:00,666.8480227131768,812.5773677816052,1.2185345687545182,195.25487503368038,482.3034056654729,2.470122221441466,3674,13821.033362865448,212,2585.833987236023
436,MAN-YI,2024-11-08 19:30:00,606.5360937443334,786.2207456703487,1.2962472535092933,232.79899095843533,509.3720318406985,2.18803367550524,3738,14960.28964304924,261,3203.30251789093
437,MAN-YI,2024-11-08 20:00:00,625.600377464881,755.3766518909467,1.2074427687399367,207.6762227767913,488.31804204096943,2.3513430450139077,3495,14445.425778150558,264,3347.192108154297
438,MAN-YI,2024-11-08 20:30:00,709.8458447454203,787.2202651944807,1.1090017234330771,161.76882940210015,449.1011404724029,2.776190828185406,3364,13476.037697196007,207,2542.689558982849
439,MAN-YI,2024-11-08 21:00:00,724.4183591871797,803.0101247144028,1.1084894723201169,173.44526368331393,404.1243685047389,2.3299821506951583,3326,13198.104664206505,205,2429.424180984497
440,MAN-YI,2024-11-08 21:30:00,717.8537547082639,788.9000642223245,1.0989704505243312,178.45801053176118,343.3548758010913,1.924009321733308,3298,13180.242203712463,209,2545.6541328430176
441,MAN-YI,2024-11-08 22:00:00,657.8258257095614,762.5652644139357,1.1592206243824439,164.26880694545687,343.1707543036557,2.089080457116844,3235,13616.882128715515,207,2792.8459119796753
442,MAN-YI,2024-11-08 22:30:00,572.5442954555706,763.9657077659365,1.3343346773860554,175.81005585624015,355.14530526393446,2.0200511485778416,3305,13596.313425540924,222,2918.9302015304565
443,MAN-YI,2024-11-08 23:00:00,489.4426899940069,744.3898967584744,1.5208928685145704,176.186440874655,345.84076851831196,1.9629249946898741,3337,13493.001131653786,227,2957.32621383667
444,MAN-YI,2024-11-08 23:30:00,438.32270294982277,752.724298801959,1.7172833935734462,177.04394726654965,335.2568127964885,1.8936361167531954,3559,14987.29606449604,273,3890.209179878235
445,MAN-YI,2024-11-09 00:00:00,431.284335789247,735.0131245853561,1.7042425694415402,173.1878954482224,300.6822131079612,1.7361618277638449,3535,15642.779972195625,278,4295.072709083557
446,MAN-YI,2024-11-09 00:30:00,518.6671086883034,705.0156700091287,1.3592835523966325,191.2794582692965,301.4079883102054,1.5757467688237632,3807,17269.288556456566,380,5912.274492263794
447,MAN-YI,2024-11-09 01:00:00,507.8566734211824,706.3993688785856,1.3909423777380272,178.9132011847244,311.623543366093,1.7417582453535445,3733,17077.888095378876,387,5816.823680877686
448,MAN-YI,2024-11-09 01:30:00,507.225043514143,700.2963826551157,1.3806423630097986,175.27888071009073,293.91399420139584,1.6768363251219327,3587,16436.187207102776,385,5726.4450340271
449,MAN-YI,2024-11-09 02:00:00,509.15545020844525,743.2398202394505,1.4597502981361998,182.07488465261486,325.5356321301351,1.7879216716310478,3695,17451.860189914703,451,6461.52553653717
450,MAN-YI,2024-11-09 02:30:00,530.2140629048099,765.3120098753564,1.4434019454002156,190.86243922874803,353.4236842942304,1.851719414895727,3731,17299.39938020706,459,6159.938681602478
451,MAN-YI,2024-11-09 03:00:00,555.997510723756,788.7296889539692,1.418584928423975,198.54309481907168,380.16032969447986,1.9147496922061702,3716,17455.616005897522,462,6323.089715957642
452,MAN-YI,2024-11-09 03:30:00,490.24365066701114,803.4640853337513,1.6389076824158353,197.8307017115247,420.506044448088,2.125585365719749,3761,18143.632630348206,497,6801.0956354141235
453,MAN-YI,2024-11-09 04:00:00,474.100770770509,807.7408506391533,1.7037324139473777,207.74583601629053,373.17696397457615,1.7963150122792904,3736,18107.968460798264,455,6582.576774597168
454,MAN-YI,2024-11-09 04:30:00,466.50446208806443,814.8272964665582,1.746665600623424,227.87433187651504,401.99737237141363,1.7641187099091704,3731,17775.41512155533,446,6247.28796005249
455,MAN-YI,2024-11-09 05:00:00,463.7014904972772,763.5482225286945,1.646637412594593,224.9246037492695,380.2088174270083,1.6903834044355472,3571,16555.39266359806,402,5337.3251953125
456,MAN-YI,2024-11-09 05:30:00,471.3449823351789,717.7880573038601,1.522850744581452,261.75016568444624,355.9022659152273,1.359702160969346,3534,15820.163275003433,359,4481.167950630188
457,MAN-YI,2024-11-09 06:00:00,707.9681595745324,1381.485037952576,1.9513378098568799,423.24220370479964,1780.368622295963,4.206500690885068,3341,15985.50129544735,331,4421.342188835144
458,MAN-YI,2024-11-09 06:30:00,739.4408509963713,1285.7760431082818,1.7388490795115534,305.06950037246,1395.9064472089435,4.575699784818455,3753,17965.225938916206,400,6266.502258300781
459,MAN-YI,2024-11-09 07:00:00,739.9607527508479,1392.2180212293165,1.8814754918469145,286.8371567827757,1573.2088270543688,5.48467585127323,3818,17675.469726085663,378,5841.512736320496
460,MAN-YI,2024-11-09 07:30:00,715.1500410024771,1533.0716896090817,2.1437063577037105,317.00719636796174,1749.6551711241902,5.519291647541327,3868,17616.405177235603,369,5438.896574020386
461,MAN-YI,2024-11-09 08:00:00,720.371233136359,1546.5062263669508,2.1468184114373297,303.6907132211799,1791.670763460156,5.899656082519931,3886,17481.18345630169,364,5330.420578956604
462,MAN-YI,2024-11-09 08:30:00,734.984207007112,1580.9729841116837,2.1510298711716174,305.25905007581576,1842.6946655440934,6.03649479052767,3893,17223.258388638496,353,5170.517914772034
463,MAN-YI,2024-11-09 09:00:00,736.1495537737826,1576.8473992462314,2.1420204510927294,334.82579449990163,1849.1111241879214,5.522606545143161,3895,17194.37756025791,355,5012.718475341797
464,MAN-YI,2024-11-09 09:30:00,732.2216830091406,1629.8832433404943,2.225942335717673,350.19936124564805,1910.798129565448,5.456315290721245,3884,16976.736243247986,372,4811.6415910720825
465,MAN-YI,2024-11-09 10:00:00,727.2616050874573,1637.7576667138467,2.2519512308323977,366.4608521472755,1935.130825103379,5.280593585275165,3911,17017.72800529003,371,4729.225209236145
466,MAN-YI,2024-11-09 10:30:00,727.3743183135684,1638.9475941132287,2.253238192287512,371.44751511888353,1934.3329079324265,5.207553770586751,3914,17030.313405036926,372,4741.313750267029
467,MAN-YI,2024-11-09 11:00:00,719.7759835884472,1592.9407794627712,2.213106321665741,357.47084271520356,1855.0151152658066,5.189276700655804,3946,17752.789605736732,392,5235.259496688843
468,MAN-YI,2024-11-09 11:30:00,716.0286660326234,1576.8896643745254,2.202271695505942,325.51784603290463,1754.9659698902594,5.391304935437718,3993,18158.08818912506,433,5960.17369556427
469,MAN-YI,2024-11-09 12:00:00,715.3557900168743,1575.6700585664134,2.2026382962934337,329.74259378910796,1748.937525098083,5.303947861272171,3987,18156.324270129204,434,5984.486178398132
470,MAN-YI,2024-11-09 12:30:00,647.3877056347768,1409.9053429021058,2.1778376861816717,439.236583701234,1313.572923328837,2.990581777728966,3498,15168.063879609108,331,4026.948327064514
471,MAN-YI,2024-11-09 13:00:00,621.5601661229518,1241.8102293690827,1.997892234817757,264.54118641008233,496.87104944617323,1.8782370193045839,3554,15266.832464337349,334,4033.6648845672607
472,MAN-YI,2024-11-09 13:30:00,624.5795849983012,1213.2890274606684,1.9425691402705172,395.8885743841862,506.90890906459515,1.280433288212731,3715,15633.945327758789,352,4264.9071407318115
473,MAN-YI,2024-11-09 14:00:00,642.4774645012899,1207.3296443095182,1.8791781984862013,289.0455327680058,501.84649260722495,1.7362195077064764,3766,15910.325724720955,373,4535.365421295166
474,MAN-YI,2024-11-09 14:30:00,652.8714480913899,1191.9485556834795,1.8257017658959211,333.8644644553279,465.5580275073264,1.3944521716824347,3883,15938.423764944077,399,4968.17587184906
475,MAN-YI,2024-11-09 15:00:00,632.3145281405137,1096.8768491241954,1.7347013239595284,200.57032451711305,434.28177374816727,2.1652344373163306,3900,15973.838470935822,409,5240.162819862366
476,MAN-YI,2024-11-09 15:30:00,630.4144123379134,1090.261908552008,1.729436839029001,202.18758817546473,430.3639316662626,2.1285378373116415,3908,16048.916756868362,409,5251.95627784729
477,MAN-YI,2024-11-09 16:00:00,657.9839508888371,1404.4971443334023,2.1345462034995477,514.9850843082257,1282.8913371959586,2.491123289365266,3823,14834.760786890984,368,3977.5866231918335
478,MAN-YI,2024-11-09 16:30:00,649.8235980851272,1408.367869356539,2.167307979437275,498.5447792608657,1287.203788565519,2.5819221103346095,3803,14893.21210885048,366,3961.319682121277
479,MAN-YI,2024-11-09 17:00:00,650.2613120256988,1405.9526607154544,2.1621348751867435,508.3626612556984,1298.5581486698204,2.5543932464714665,3776,14875.68878877163,368,3982.12140750885
480,MAN-YI,2024-11-09 17:30:00,655.2444897490282,1444.9682123592756,2.2052351984107874,510.65598403155667,1448.1863877734347,2.8359334523806132,3758,14827.704338788986,372,3925.5449686050415
481,MAN-YI,2024-11-09 18:00:00,654.4322603543987,1443.4436547104738,2.205642573195879,508.1805218988997,1452.5681971263364,2.858370469805837,3757,14834.839062690735,372,3925.932779312134
482,MAN-YI,2024-11-09 18:30:00,537.1598856890514,767.986194282343,1.429716206930072,181.03544342431954,298.3735226393965,1.6481497600447927,3666,18752.220383882523,463,7808.149842262268
483,MAN-YI,2024-11-09 19:00:00,536.943263489879,767.6158156589726,1.4296032148160849,181.32175701786517,299.0954023745102,1.6495284807164063,3667,18762.338443636894,464,7823.894286155701
484,MAN-YI,2024-11-09 19:30:00,536.4129962672537,766.6505646277493,1.4292169838588034,181.59550104150176,299.9856258851379,1.6519441515050401,3667,18775.023299336433,465,7843.247973442078
485,MAN-YI,2024-11-09 20:00:00,536.3552351624775,766.3149285021487,1.4287451268561002,181.57561205033963,299.96307731086534,1.6520009153415525,3668,18795.277044057846,465,7852.807153701782
486,MAN-YI,2024-11-09 20:30:00,561.6034044246172,845.9068210873659,1.5062352087306632,177.11057765814175,293.0323370463348,1.6545162966604017,3664,18586.55991768837,441,7393.588231086731
487,MAN-YI,2024-11-09 21:00:00,561.622746963104,845.5893956678184,1.505618140006299,176.92164970139913,292.70617648498313,1.6544395611221046,3665,18609.764991402626,441,7402.352519989014
488,MAN-YI,2024-11-09 21:30:00,561.4792943918231,844.1603931574432,1.5034577438368584,176.89316632433568,292.6723395478723,1.6545146747571498,3663,18612.674310088158,441,7409.857723236084
489,MAN-YI,2024-11-09 22:00:00,561.4076738606949,842.7041054879747,1.5010555514727038,177.18537866223087,292.46099059227987,1.6505932532378853,3665,18626.77604842186,442,7428.62242603302
490,MAN-YI,2024-11-09 22:30:00,561.162833271886,840.479751092425,1.497746645464681,177.15962560447167,292.43353835287536,1.6506782363932273,3662,18629.96691942215,442,7437.627725601196
491,MAN-YI,2024-11-09 23:00:00,561.0107905909408,838.3294942540018,1.4943197320161092,177.13475441833214,292.40832760554395,1.6507676800396445,3661,18644.906353712082,442,7447.2507429122925
492,MAN-YI,2024-11-09 23:30:00,561.0119092519037,837.7051609077233,1.4932038822933047,177.19478148900552,292.6496201930432,1.6515701971234389,3661,18670.604246258736,444,7477.296498298645
493,MAN-YI,2024-11-10 00:00:00,560.7209181782703,835.9372649611644,1.4908258954865545,176.99753388451992,292.4042633984221,1.6520245055459153,3661,18685.175952792168,445,7498.96732711792
494,MAN-YI,2024-11-10 00:30:00,581.8516876584894,714.2972545344383,1.2276277094063959,162.16196534363402,229.17184560795033,1.4132280965041073,3528,15624.367672801018,323,4961.229112625122
495,MAN-YI,2024-11-10 01:00:00,581.9745473305117,713.7041317122765,1.2263493910274954,164.5901643316229,228.4650663389609,1.3880845630522542,3534,15643.691148757935,324,4977.26123046875
496,MAN-YI,2024-11-10 01:30:00,581.9584762225633,712.5636293572494,1.2244234914876237,164.55882451278165,228.4081484592533,1.388003038642944,3536,15651.92106962204,324,4982.033037185669
497,MAN-YI,2024-11-10 02:00:00,581.8989018158951,711.6448715265423,1.2229699511474517,164.52700663829063,228.35052567091574,1.3879212315151304,3540,15660.851646900177,324,4986.8271198272705
498,MAN-YI,2024-11-10 02:30:00,581.7411779957748,708.7055428986006,1.2182488874867763,166.18734125022206,228.30246140569054,1.3737656531970308,3537,15673.013327717781,324,4993.245780944824
499,MAN-YI,2024-11-10 03:00:00,581.5618161961744,706.4234166127345,1.2147004788471878,165.19907416202483,228.91273235923498,1.385678058550857,3539,15679.629884958267,324,4998.674310684204
500,MAN-YI,2024-11-10 03:30:00,581.3559201516719,704.5706851293131,1.2119437692240136,165.74221253729596,228.2719724151069,1.377271178660891,3540,15683.97211933136,324,5003.776386260986
501,MAN-YI,2024-11-10 04:00:00,581.217835225862,703.0137010671464,1.2095528706443655,165.70842061293257,228.21763966995846,1.3772241556935463,3539,15697.899598002434,324,5010.509799957275
502,MAN-YI,2024-11-10 04:30:00,581.1166890840261,700.8137106711551,1.2059776011179406,165.80734328535976,228.76819012237868,1.3797229096702908,3540,15719.232615709305,325,5027.559166908264
503,MAN-YI,2024-11-10 05:00:00,581.0331915737103,698.7115407216439,1.2025329204157928,165.76804906781624,228.70910581085175,1.3796935362211131,3539,15729.44050002098,325,5033.0501708984375
504,MAN-YI,2024-11-10 05:30:00,580.9982799934926,695.3762895518602,1.1968646267931249,165.20769640954185,228.88531688168726,1.3854397940050582,3541,15743.110735535622,325,5039.270789146423
505,MAN-YI,2024-11-10 06:00:00,580.7723129776383,694.6447112951156,1.1960706386529492,165.1696329685277,228.82713153944243,1.385406793166653,3540,15748.235857725143,325,5045.528747558594
506,MAN-YI,2024-11-10 06:30:00,556.7570113700548,723.4939181865725,1.2994787733453308,163.61543307393205,225.8927010871499,1.380631990779718,3502,16026.839211821556,331,5279.812184333801
507,MAN-YI,2024-11-10 07:00:00,556.4525761129275,721.5793209800721,1.2967489988466367,164.10370769264992,224.22524627041932,1.3663630726148477,3502,16038.31412267685,331,5288.669527053833
508,MAN-YI,2024-11-10 07:30:00,556.2294037214498,719.566378710044,1.2936503785952123,164.06050126338042,224.16840469282508,1.3663764462900605,3502,16049.390032291412,331,5297.3072872161865
509,MAN-YI,2024-11-10 08:00:00,555.801899648729,716.9230822227834,1.2898895859763755,164.4182510525376,224.08526493539856,1.3628977531441677,3501,16067.205894947052,332,5317.476883888245
510,MAN-YI,2024-11-10 08:30:00,555.3400304201625,715.2951905161108,1.288031028440228,163.74453232298725,224.6853128024266,1.3721698649407839,3501,16087.259002685547,332,5328.995054244995
511,MAN-YI,2024-11-10 09:00:00,554.9794274147166,712.9711579234838,1.2846803371518567,163.71771360084742,224.6423814578557,1.3721324132680262,3502,16106.319110631943,332,5340.663802146912
512,MAN-YI,2024-11-10 09:30:00,563.2237405627279,676.8466268665385,1.201736677843669,166.3807179812211,216.58025487499384,1.3017148711874011,3436,16207.121690750122,338,5472.596315383911
513,MAN-YI,2024-11-10 10:00:00,538.4148569594076,583.1208645208853,1.0830326410640765,158.36866493506494,225.10307389885716,1.421386446562226,3361,16004.624157071114,333,5578.612769126892
514,MAN-YI,2024-11-10 10:30:00,536.0639560362316,538.65945307977,1.004841767506118,161.05497565389442,223.8335145515102,1.3897957119469868,3285,16025.138346076012,339,5723.984857559204
515,MAN-YI,2024-11-10 11:00:00,535.8510459688139,538.4050301054483,1.0047662203066448,161.03148590964736,223.8080656831506,1.3898404055510298,3285,16033.92500269413,339,5731.338852882385
516,MAN-YI,2024-11-10 11:30:00,535.6026343779376,538.2380217722366,1.0049204152951166,161.0099883647066,223.78179114590773,1.3898627868912965,3284,16046.410843253136,339,5738.935455322266
517,MAN-YI,2024-11-10 12:00:00,493.69219647311326,529.2574223081303,1.072039270802922,158.35853025494453,228.71859968943988,1.444308679306507,3187,15767.932694911957,340,5873.763573646545
518,MAN-YI,2024-11-10 12:30:00,493.10343602139403,529.1348669884414,1.0730707359449083,158.93939783798015,228.5190177805224,1.4377745284619046,3187,15767.122393012047,341,5888.776466369629
519,MAN-YI,2024-11-10 13:00:00,494.96815339682786,529.3605022553592,1.0694839630034885,158.92428932700437,228.47498700597671,1.4376341588406454,3200,15799.868082046509,341,5895.520962715149
520,MAN-YI,2024-11-10 13:30:00,494.5154011247477,529.3721349867772,1.0704866497236458,158.9165457193051,228.4568673049747,1.4375901909452369,3202,15806.96028828621,341,5900.965439796448
521,MAN-YI,2024-11-10 14:00:00,487.94132753455324,538.5616380583976,1.1037426175389062,156.77866930714987,231.54421624557241,1.4768859645819905,3192,15596.154436707497,342,6005.1936140060425
522,MAN-YI,2024-11-10 14:30:00,487.51162144189595,538.4909646005783,1.1045705187660992,156.77618019110062,231.528957103548,1.4768120821755373,3191,15600.481229901314,342,6008.869484901428
523,MAN-YI,2024-11-10 15:00:00,487.1166472501036,538.4527373477232,1.1053876733374308,156.77378147841924,231.5136995026994,1.4767373556946897,3191,15605.973897099495,342,6012.613310813904
524,MAN-YI,2024-11-10 15:30:00,486.84413818693207,538.375950220637,1.1058486854244864,156.64988548635523,232.07448742958806,1.4814852031909154,3191,15611.6656332016,343,6026.428479194641
525,MAN-YI,2024-11-10 16:00:00,486.78367678746554,538.2996589507985,1.1058293131423638,156.37473908679132,231.6878316510194,1.481619301199449,3191,15614.795189857483,342,6019.657049179077
526,MAN-YI,2024-11-10 16:30:00,486.6945604590234,538.2961474137387,1.106024581219988,156.36517302577764,231.6651635364138,1.4815649741788797,3191,15614.364341974258,342,6022.106101989746
527,MAN-YI,2024-11-10 17:00:00,486.3665566628721,538.2271047937303,1.106628524145842,156.3579304960809,231.6450054406325,1.4815046777971852,3190,15614.261354327202,342,6025.078145027161
528,MAN-YI,2024-11-10 17:30:00,485.91711301978285,538.0437258714816,1.1072747006742596,156.3533625483094,231.6277655848969,1.4814376986189093,3190,15611.310622215271,342,6028.650141716003
529,MAN-YI,2024-11-10 18:00:00,485.83249002818314,537.950005958309,1.1072746615342697,156.85711086364026,231.5139144386363,1.4759542182304732,3190,15615.0250467062,343,6042.305704116821
530,MAN-YI,2024-11-10 18:30:00,447.4220628043096,521.7827284573921,1.1661980305285138,166.6544680113507,228.87563156276798,1.3733543078315673,3055,15190.036542773247,364,6433.106711387634
531,MAN-YI,2024-11-10 19:00:00,453.8161530105969,528.699255265258,1.1650075735689192,155.54165718025763,220.3712249362078,1.4167987465944099,3026,14243.43888771534,321,5533.130176544189
532,MAN-YI,2024-11-10 19:30:00,454.76521881561405,543.6798801763503,1.1955177258109215,145.63890207750626,218.3021327807442,1.4989273447321543,2961,13565.84496498108,295,4857.7812032699585
533,MAN-YI,2024-11-10 20:00:00,454.4947509288699,543.6004886208826,1.1960544924004126,145.63119282483217,218.29446796471535,1.4989540614920485,2958,13551.612586021423,295,4854.619718551636
534,MAN-YI,2024-11-10 20:30:00,454.11972847930326,543.5482899080772,1.1969272767079275,145.62630529633742,218.29064399422046,1.4989781107885396,2956,13538.542886137962,295,4852.033319473267
535,MAN-YI,2024-11-10 21:00:00,454.15158141929305,543.4546660350762,1.1966371763733514,145.06712477614747,218.39798885313593,1.5054960880360975,2956,13528.136149048805,294,4839.496975898743
536,MAN-YI,2024-11-10 21:30:00,455.9264202566017,549.3657016664962,1.2049437743864555,146.59265872861948,220.17564204760248,1.5019554454988255,2976,13568.81949031353,300,4893.287708282471
537,MAN-YI,2024-11-10 22:00:00,455.3399898040508,549.4157028992248,1.206605427157094,146.28989502049907,220.66654655735078,1.5084196111182395,2965,13561.355513572693,300,4891.592929840088
538,MAN-YI,2024-11-10 22:30:00,447.8754875944307,556.355608993917,1.2422104455462366,147.63032395394035,226.3090799446163,1.5329444106294967,2979,13744.48051083088,310,5050.083512306213
539,MAN-YI,2024-11-10 23:00:00,467.5425575116664,555.9780391219554,1.1891495868974047,141.64671544482545,245.49529531990996,1.73315205050084,2988,14434.368952035904,325,5512.431209564209
540,MAN-YI,2024-11-10 23:30:00,467.2545072050601,556.1862708579362,1.190328316327714,141.4243788476387,245.681936688165,1.7371965052280327,2989,14430.895107030869,325,5509.6099100112915
541,MAN-YI,2024-11-11 00:00:00,445.799300803962,602.3431148719934,1.3511531170769362,157.52813524049748,285.3400184571734,1.8113590821191676,3019,14330.170742154121,344,5153.020906448364
542,MAN-YI,2024-11-11 00:30:00,489.8464150913914,645.697026694146,1.3181621969687702,186.1632853228994,256.04813727705414,1.3753954590613202,3650,17344.760647654533,433,6797.617639541626
543,MAN-YI,2024-11-11 01:00:00,489.0824066734766,644.3412329644642,1.31744921545428,187.44166282429052,254.2029055552251,1.3561707772167804,3648,17396.86775326729,433,6827.697750091553
544,MAN-YI,2024-11-11 01:30:00,518.2271192036977,617.0731925736072,1.1907389052155242,188.2780675172013,239.30067488425368,1.2709960222126757,3617,16819.319000720978,407,6388.5328187942505
545,MAN-YI,2024-11-11 02:00:00,539.6564832380373,628.1801342110319,1.1640370378612621,163.95546322343657,277.10032847914806,1.6900951211459012,3710,16929.09132862091,413,6233.185312271118
546,MAN-YI,2024-11-11 02:30:00,566.2967748295061,668.5203590043214,1.180512389825265,198.41077038499722,277.12350667812245,1.3967160459101553,3810,18040.180575966835,500,7362.275314331055
547,MAN-YI,2024-11-11 03:00:00,652.5796773352381,810.865465096185,1.2425539643025572,205.6039906559355,306.19363560321557,1.489239749804315,3950,18895.823526144028,558,7865.580095291138
548,MAN-YI,2024-11-11 03:30:00,640.589011480027,862.5821333467336,1.3465453167137675,219.24416362193628,302.6539611413794,1.3804424990909827,3930,18471.210933446884,539,7148.980394363403
549,MAN-YI,2024-11-11 04:00:00,618.6920572599736,889.417451881797,1.4375769681298227,214.27772111891676,316.5663471359003,1.4773647278067485,3945,18813.233088731766,562,7433.899005889893
550,MAN-YI,2024-11-11 04:30:00,603.9196877317506,914.1932719506135,1.513766301251432,207.70584877024993,293.18312501605686,1.4115304251270973,3924,18522.872349739075,524,7394.7990646362305
551,MAN-YI,2024-11-11 05:00:00,567.3802367787468,887.8499428874223,1.5648235263323824,201.19367090737342,295.29824083809405,1.4677312636441904,3877,18029.171729683876,520,7353.747908592224
552,MAN-YI,2024-11-11 05:30:00,554.9543703638126,841.0585197193705,1.5155453576624587,181.97599839427824,289.5386255762064,1.5910813960689258,3819,18072.52722287178,490,7567.293933868408
553,MAN-YI,2024-11-11 06:00:00,532.9003788861124,817.7172984592614,1.5344655978073838,169.25927202986293,278.91557946945136,1.6478599731909505,3764,17630.738856434822,433,7185.68713092804
554,MAN-YI,2024-11-11 06:30:00,477.5165926924244,635.0018347482549,1.3298005649769487,219.86503549108096,284.2463542348793,1.2928219969127774,3008,13008.482022047043,329,3851.8744382858276
555,MAN-YI,2024-11-11 07:00:00,484.531568300734,642.6193279080488,1.3262692669576344,199.22692738138832,338.2754473648142,1.697940392953197,3084,12955.857079148293,335,3724.917109489441
556,MAN-YI,2024-11-11 07:30:00,451.1905742203007,667.1026051874202,1.4785384343195425,187.61435962717422,414.0462197836352,2.2069004771618888,3211,14709.299259781837,378,4546.109270095825
557,MAN-YI,2024-11-11 08:00:00,450.6612030181545,667.063121326891,1.480187592940006,188.31398639860487,412.7387645229784,2.191758415911448,3208,14718.252069950104,378,4550.485560417175
558,MAN-YI,2024-11-11 08:30:00,453.3564822405541,667.0413865324421,1.4713396910877383,188.03076915401783,420.22294372145416,2.234862653660919,3220,14846.195350766182,378,4580.342345237732
559,MAN-YI,2024-11-11 09:00:00,432.2021585337847,689.19437649827,1.5946111394637907,157.44989010187857,442.2516958451181,2.808840930653903,3146,14811.85415816307,382,4831.503153800964
560,MAN-YI,2024-11-11 09:30:00,420.32787096953336,676.9499918987404,1.6105284437533913,143.41392025759774,457.4284171366586,3.189567765214353,3189,14864.249135375023,388,4841.573323249817
561,MAN-YI,2024-11-11 10:00:00,422.14223503930384,678.4284708836634,1.60710872917157,140.08635229655803,425.8264939065653,3.039742893762428,3234,15170.08182489872,389,5088.850491523743
562,MAN-YI,2024-11-11 10:30:00,421.2177395039742,678.1473569932361,1.6099686537224678,140.0643207381425,427.97720339922483,3.055576189166314,3230,15170.774576187134,389,5090.850497245789
563,MAN-YI,2024-11-11 11:00:00,433.59335073389315,699.5768631945979,1.6134400170355556,145.2473880216158,347.18413690382886,2.3902952172341876,3233,15170.700737476349,368,5198.040954589844
564,MAN-YI,2024-11-11 11:30:00,434.0236561691149,700.3470153006269,1.6136148464399347,145.17487759732884,349.7489207029301,2.4091559537802767,3237,15195.5109000206,368,5200.743483543396
565,MAN-YI,2024-11-11 12:00:00,441.49481479023876,708.3069718746169,1.604338144290875,145.03668698820474,395.3468045727634,2.7258400118096513,3341,15203.790052771568,365,5185.35516834259
566,MAN-YI,2024-11-11 12:30:00,446.0803072852154,675.1013309689016,1.5134076083238817,162.23139047273816,365.23310978755285,2.251309741741537,3334,14008.76971411705,350,4426.845721244812
567,MAN-YI,2024-11-11 13:00:00,446.0500696947,673.9205396918838,1.5108629848508908,163.55478584375075,363.6201885733102,2.223231724449117,3331,13999.027156591415,350,4428.725457191467
568,MAN-YI,2024-11-11 13:30:00,474.15324054734964,642.3006824969791,1.3546267906036522,164.9926374506138,277.453525921975,1.6816115567885366,3323,14401.928620100021,354,5022.1996240615845
569,MAN-YI,2024-11-11 14:00:00,512.0087408858126,675.9714161774646,1.3202341331282414,161.86772304271022,284.47147456814037,1.7574317425412744,3357,14879.422404646873,356,5126.656866073608
570,MAN-YI,2024-11-11 14:30:00,575.6366114728534,811.2059007298612,1.4092326383727867,168.269796522954,297.49525911590644,1.7679658813595984,3318,14163.928023457527,346,4688.288139343262
571,MAN-YI,2024-11-11 15:00:00,580.6272378698278,858.8476423430723,1.479172154399718,171.12557186554366,310.08965870656994,1.812059152387879,3365,14256.033478856087,343,4681.951522827148
572,MAN-YI,2024-11-11 15:30:00,587.1220420374337,860.670725980919,1.4659145192270653,168.3577358817085,319.6865416695341,1.8988527019284125,3345,14159.94730424881,347,4662.946084976196
573,MAN-YI,2024-11-11 16:00:00,593.4581373767734,868.9995828048958,1.46429803228595,156.50593379284157,337.614796163492,2.1572012509785874,3338,14134.716790556908,342,4641.228966712952
574,MAN-YI,2024-11-11 16:30:00,604.5806712631913,880.7281356688674,1.4567586718058667,156.00392978712298,333.39165646154277,2.1370721680952154,3316,13598.602553725243,331,4284.9893617630005
575,MAN-YI,2024-11-11 17:00:00,605.1578150373773,884.7996088295703,1.4620973022961283,156.09344896425972,329.81756921885125,2.112949463333125,3288,13471.812031626701,332,4280.873936653137
576,MAN-YI,2024-11-11 17:30:00,618.1137421321979,922.9524602416052,1.493175765770645,154.1742745131849,330.58752597934574,2.1442457052137573,3288,12967.783942222595,316,3905.250534057617
577,MAN-YI,2024-11-11 18:00:00,622.0318500273371,894.942533163052,1.4387406900847914,158.3030280519257,319.87378399779317,2.020642232395377,3292,12938.866513729095,312,3758.9858894348145
578,MAN-YI,2024-11-11 18:30:00,617.4488977057113,937.7408360018812,1.5187343268184537,165.65822849592334,326.65779937376954,1.9718778978842348,3301,12747.087379097939,309,3645.9635219573975
579,MAN-YI,2024-11-11 19:00:00,596.9990328684077,956.5270813691977,1.602225512449091,162.50361005114513,310.07702265338645,1.908123902944638,3317,12490.985043048859,328,3840.8239583969116
580,MAN-YI,2024-11-11 19:30:00,593.6516254696606,1039.1114537980436,1.7503724561959395,170.950332506384,287.219851044313,1.680136252636919,3520,13144.952659606934,345,3946.555655479431
581,MAN-YI,2024-11-11 20:00:00,690.1160811845311,810.4129711743084,1.1743139933549958,215.77954068763867,258.81475605985077,1.1994406663164996,3688,14267.021911621094,380,4200.2487535476685
582,MAN-YI,2024-11-11 20:30:00,711.372183519075,759.8707566801746,1.068176088810757,202.60817028027176,275.6619754367528,1.3605669260791555,3814,14888.582852005959,379,4205.747594833374
583,MAN-YI,2024-11-11 21:00:00,677.9568880275272,765.5317116114953,1.1291746202900312,193.05921943367244,259.86781138560593,1.346052326057834,3837,15140.238085150719,362,4130.6442193984985
584,MAN-YI,2024-11-11 21:30:00,679.9100692222793,761.5828386216745,1.1201229002135769,180.78060549967256,284.58105016065133,1.5741790961152922,3802,15547.134846806526,376,4544.305559158325
585,MAN-YI,2024-11-11 22:00:00,681.3199451546715,775.2407327891485,1.1378512229128332,166.01956442294212,308.81328402545387,1.8601017602885441,3727,15192.534377455711,368,4309.454509735107
586,MAN-YI,2024-11-11 22:30:00,669.4605726557306,797.030277582174,1.1905559642151544,173.8922761096011,375.945008705642,2.161941962670548,3745,14755.73475408554,354,3883.78595161438
587,MAN-YI,2024-11-11 23:00:00,673.6450374773207,797.8324415734329,1.1843513975270574,167.7959950917531,354.02895078515843,2.109877238676457,3730,14905.6557918787,357,3976.281774520874
588,MAN-YI,2024-11-11 23:30:00,644.5332208757188,733.2679442695946,1.1376728468290773,167.57915285305023,375.34443116109986,2.2398038465454966,3652,14236.201715350151,312,3342.6522998809814
589,MAN-YI,2024-11-12 00:00:00,611.4196955195195,839.0960373742327,1.3723732544488227,186.4671600537941,385.6101364845942,2.067978813928131,3562,13954.31741130352,315,3377.1291818618774
590,MAN-YI,2024-11-12 00:30:00,514.2318632993992,862.2549627380456,1.6767824483019573,165.46031883166498,418.4816478875605,2.5291964311594874,3488,15016.098736286163,370,4297.052088737488
591,MAN-YI,2024-11-12 01:00:00,503.7193233376203,851.6499154738981,1.690723138891922,171.14625290073084,421.01377536796105,2.4599649027207,3354,13487.700040698051,307,3384.689764022827
592,MAN-YI,2024-11-12 01:30:00,529.2216515452816,984.1292216385425,1.859578531537718,156.98854191607074,483.57984972736983,3.0803512398114914,3378,12919.284746289253,314,3196.787178993225
593,MAN-YI,2024-11-12 02:00:00,524.8330996512358,1073.9464569056718,2.0462628169209087,181.0609241766996,535.8374723810175,2.959431886352707,3477,13222.941468954086,320,3238.7813453674316
594,MAN-YI,2024-11-12 02:30:00,545.1382093086751,1012.9537261011014,1.8581594700281447,189.30329837881317,584.5074213980586,3.087676899471677,3558,13330.108076453209,341,3442.2195205688477
595,MAN-YI,2024-11-12 03:00:00,550.7794246099922,962.8795198174089,1.748212581650492,173.61927943284113,588.7281856686335,3.390914808492568,3483,12530.241087198257,269,2748.8305711746216
596,MAN-YI,2024-11-12 03:30:00,562.8934983027161,936.9419963060159,1.6645102477309839,217.67343068852415,606.0570590102378,2.7842491253673556,3500,12509.636878609657,269,2769.642307281494
597,MAN-YI,2024-11-12 04:00:00,619.0277974148136,951.6747173093331,1.5373699231015463,247.15740028083005,564.1772034216431,2.28266360942703,3483,12200.138137102127,258,2654.144401550293
598,MAN-YI,2024-11-12 04:30:00,629.5678666691506,908.3424104028888,1.4428030058278656,260.8386060209532,431.1283516454721,1.6528548370283722,3556,12461.053538322449,253,2609.7826471328735
599,MAN-YI,2024-11-12 05:00:00,627.4424789143642,847.555378702897,1.350809687239192,228.46015423151587,331.8082136200006,1.4523679839756778,3683,13373.956041812897,268,2805.366174697876
600,MAN-YI,2024-11-12 05:30:00,627.8623911798084,896.9807647205179,1.4286263635492025,214.76806673685843,400.24588199532855,1.863619150074682,3697,13381.586267590523,268,2779.0975456237793
601,MAN-YI,2024-11-12 06:00:00,597.4921145844763,919.446840615993,1.5388434728639344,210.27214327131728,522.3047575544637,2.483946515352362,3608,13224.135265231133,266,2753.2863159179688
602,MAN-YI,2024-11-12 06:30:00,608.5559146766951,810.8537033045064,1.3324226808892061,275.8493260920738,559.1066573220138,2.0268552591474935,3459,14702.433350205421,242,3021.599765777588
603,MAN-YI,2024-11-12 07:00:00,614.964486500049,805.7906311385267,1.3103043327339539,276.5984162718839,555.4095644098726,2.0079997994779832,3472,14758.137757658958,243,3054.6132793426514
604,MAN-YI,2024-11-12 07:30:00,619.528491851491,800.5896171021043,1.292256333053387,276.18706715443426,550.5790821182891,1.993500592880485,3477,14797.574237465858,244,3086.429920196533
605,MAN-YI,2024-11-12 08:00:00,623.0177167063373,797.7829903813081,1.2805141314421817,276.75027336058804,548.2029514836543,1.9808578500277707,3482,14848.216018915176,245,3121.919164657593
606,MAN-YI,2024-11-12 08:30:00,624.7762688012808,795.6101572724397,1.2734321020209776,258.17530873317924,543.1527278870827,2.103813608482683,3513,15036.949232697487,247,3314.8439512252808
607,MAN-YI,2024-11-12 09:00:00,632.371990014804,793.2464458600346,1.2543984527864098,255.71840926202708,537.252043110179,2.1009517643278888,3504,15121.60395359993,246,3362.2552099227905
608,MAN-YI,2024-11-12 09:30:00,657.5234717305856,749.1077822756039,1.1392867547434762,239.02994843360588,477.6505559742544,1.9982874911882724,3861,16480.764779925346,332,4260.834985733032
609,MAN-YI,2024-11-12 10:00:00,643.9330734778835,733.4519168135702,1.1390188623985318,228.21132499644824,476.268144019239,2.0869610394078792,3890,16805.572848558426,344,4542.90508556366
610,MAN-YI,2024-11-12 10:30:00,646.5290590770946,726.2011536968689,1.1232304928930854,226.3259879740964,474.2688862546524,2.095512276340672,3844,16785.004390358925,351,4693.480512619019
611,MAN-YI,2024-11-12 11:00:00,639.6227637267898,746.7623013369208,1.1675042598325873,213.33827902202276,502.99247978849644,2.3577225901244403,3756,15974.407860279083,352,4322.110301017761
612,MAN-YI,2024-11-12 11:30:00,613.5361037062429,666.7764261380838,1.0867761849876905,189.850262683408,364.171237653294,1.9182024428408593,3727,15854.27585196495,330,4155.163795471191
613,MAN-YI,2024-11-12 12:00:00,595.2358539351927,648.6334352037746,1.089708274317754,154.8721803320756,360.68080192804695,2.3288934213664194,3806,17027.452762007713,342,4726.694314002991
614,MAN-YI,2024-11-12 12:30:00,572.5765894150339,673.2513283284128,1.1758275500160262,212.1675489216949,448.44664791753496,2.1136439111291327,3730,16095.692420959473,346,4242.585935592651
615,MAN-YI,2024-11-12 13:00:00,575.2085113936045,672.2447679496973,1.1686975325191105,222.1100782460875,451.1849578934708,2.031357430767176,3736,15929.817585349083,348,4163.908220291138
616,MAN-YI,2024-11-12 13:30:00,616.7830956237098,739.9776720785528,1.1997372777058095,248.55090329231365,537.7127121729308,2.1633906980436115,3781,16033.426125645638,345,4278.713347434998
617,MAN-YI,2024-11-12 14:00:00,619.7117142278861,738.3558833454196,1.1914505832205446,248.36371551853196,536.9365886916448,2.1618962639958514,3791,16079.62775194645,346,4317.164012908936
618,MAN-YI,2024-11-12 14:30:00,622.2350627590707,736.5058720876483,1.1836457251731922,248.09759264018894,534.2456678227819,2.1533690115146977,3795,16132.940503954887,347,4354.931718826294
619,MAN-YI,2024-11-12 15:00:00,625.8760914930267,738.6602953760801,1.1802021285299549,250.63164809412947,527.1394466960769,2.103243747166749,3810,16121.135936498642,347,4350.739404678345
620,MAN-YI,2024-11-12 15:30:00,617.2399735467144,741.2748635650379,1.2009508381409697,351.4924872440538,760.2958661400716,2.163050118371858,3821,15200.050196647644,322,3588.663808822632
621,MAN-YI,2024-11-12 16:00:00,614.4587926563288,742.7109588811754,1.2087237871076861,348.0167627400132,759.2010334367851,2.1815070844847377,3826,15238.221172332764,322,3601.7314624786377
622,MAN-YI,2024-11-12 16:30:00,585.7911812250643,675.3829241541519,1.152941433399054,222.8707712330545,403.9288601537061,1.8123904625040246,3918,16760.427647709846,343,4462.1532945632935
623,MAN-YI,2024-11-12 17:00:00,524.3085817593048,782.8294743409269,1.4930701147674523,206.36128495323072,393.07287195133176,1.9047801143534024,3906,15466.948130130768,333,3808.4660987854004
624,MAN-YI,2024-11-12 17:30:00,475.0863402092963,867.2637294978434,1.825486561275944,191.03339647773996,396.07163390074714,2.073310956112834,3878,16025.673595547676,338,4027.5481967926025
625,MAN-YI,2024-11-12 18:00:00,473.22895873022554,871.1641387248198,1.84089355195493,189.31116136780588,394.6009227340101,2.084403898232667,3888,16068.35058093071,339,4051.4017486572266
626,MAN-YI,2024-11-12 18:30:00,537.1948899621086,776.0369238893624,1.4446096535730248,165.5899095418591,424.09551222430423,2.5611192940297824,3750,15262.528618693352,307,3914.3567724227905
627,MAN-YI,2024-11-12 19:00:00,537.3505492362697,777.0677812117381,1.4461095877098746,165.55970050533972,423.982194176931,2.5609021572448056,3747,15249.628990888596,307,3915.746048927307
628,MAN-YI,2024-11-12 19:30:00,536.7730652041507,777.9004674719093,1.4492166576503782,165.53480481330547,423.8751839382244,2.5606408538450838,3738,15213.71051120758,307,3914.795147895813
629,MAN-YI,2024-11-12 20:00:00,536.7758494984391,779.017634915304,1.4512903955034733,165.46853515859286,423.33772533026445,2.5584182813035423,3734,15208.049742102623,307,3918.7135877609253
630,MAN-YI,2024-11-12 20:30:00,537.1455308714104,779.8911876450289,1.451917856190316,165.4489038007024,423.18733158451926,2.5578128465225896,3734,15207.400005698204,307,3923.517020225525
631,MAN-YI,2024-11-12 21:00:00,537.9268749497237,780.282394067913,1.4505361795519867,165.0135455472642,422.5958999127155,2.560977030771516,3729,15199.110039114952,307,3926.7258806228638
632,MAN-YI,2024-11-12 21:30:00,572.3595049353928,753.4818078356423,1.316448493190819,171.4469461954412,400.3391681933311,2.3350615282290392,3818,15505.759924411774,313,3980.7602615356445
633,MAN-YI,2024-11-12 22:00:00,572.6827037064919,754.5414966560573,1.3175559376467032,171.4265383536956,400.2025628901741,2.3345426369425617,3821,15505.447410702705,313,3979.009630203247
634,MAN-YI,2024-11-12 22:30:00,572.9830160865204,755.5510059822253,1.3186272276317101,172.04282014493393,398.62004325223523,2.316981568405027,3824,15505.174879789352,313,3978.1368017196655
635,MAN-YI,2024-11-12 23:00:00,578.1799882762942,738.6173006173465,1.2774867957975449,171.69116471450062,399.80905075601623,2.328652446506742,3769,15476.209250211716,313,4078.9961547851562
636,MAN-YI,2024-11-12 23:30:00,578.1022795037701,740.3542026261135,1.2806630052758408,172.79804126674725,398.8341255871771,2.3080940192574118,3771,15470.664595246315,313,4075.2483339309692
637,MAN-YI,2024-11-13 00:00:00,579.3982608844364,725.7938160742586,1.2526682682242642,167.2118477051211,400.5512489297814,2.395471699087693,3775,15765.935379266739,315,4176.914556503296
638,MAN-YI,2024-11-13 00:30:00,586.4467609348137,699.5958344050738,1.1929400603899591,193.9592219947746,388.7430052302956,2.0042512092607105,3877,16348.393591403961,333,4358.493841171265
639,MAN-YI,2024-11-13 01:00:00,570.3655519406607,726.8391011504827,1.2743390597090265,173.34126165855216,362.22755489393694,2.089678772544365,3881,15995.38423871994,324,4076.708127975464
640,MAN-YI,2024-11-13 01:30:00,571.8294516435896,704.2816898001842,1.23162891973453,175.81913663183158,366.35677239764607,2.0837138630978584,3877,15975.694625854492,326,4069.5679817199707
641,MAN-YI,2024-11-13 02:00:00,575.0420099723564,686.312837400646,1.1935003451898019,171.0134048313903,368.2948985314524,2.153602513759483,3871,15784.816842198372,347,4145.210185050964
642,MAN-YI,2024-11-13 02:30:00,601.7920594309497,655.3863092992098,1.0890577551304637,193.85516617583752,359.23051259998664,1.8530871252311252,3884,16456.616980671883,420,4821.367204666138
643,MAN-YI,2024-11-13 03:00:00,588.6543714818403,671.0049726863688,1.139896355474645,201.07000612853392,349.3400372151892,1.737405016001601,3885,16327.959988355637,420,4794.817419052124
644,MAN-YI,2024-11-13 03:30:00,629.5630970638163,724.3184912470676,1.1505097656218646,233.13981689510993,326.8642696996638,1.4020096354743183,3897,16688.733981370926,467,5353.051445007324
645,MAN-YI,2024-11-13 04:00:00,633.4512006964259,707.0186739691409,1.1161375543875087,220.46722839889813,324.8482559530648,1.4734537115208133,3925,16594.89497113228,455,5253.151363372803
646,MAN-YI,2024-11-13 04:30:00,631.9671622381027,708.2403782971228,1.1206917394076275,225.44390106687547,324.60431424808047,1.4398451797185177,3908,16594.146398067474,456,5268.59335231781
647,MAN-YI,2024-11-13 05:00:00,621.3110878750344,863.8571200807457,1.3903777623464748,238.4856862398843,334.5671684057727,1.4028815468163656,3904,17931.78307366371,518,6232.135460853577
648,MAN-YI,2024-11-13 05:30:00,620.8357310015513,926.397118435239,1.4921775152031684,221.28535834657754,338.8002758778958,1.531056001216604,3932,17816.655428886414,502,6081.388186454773
649,MAN-YI,2024-11-13 06:00:00,620.8445677605239,939.7450987844674,1.5136559898949624,226.86774658220338,337.59042003370666,1.4880494257978734,3933,17895.55706334114,505,6121.865188598633
650,MAN-YI,2024-11-13 06:30:00,633.8131465866354,1002.736125567087,1.5820689914168926,200.97703254428458,304.0729702312748,1.512973728300381,3966,18105.281520605087,466,5887.691909790039
651,MAN-YI,2024-11-13 07:00:00,634.124227595023,1003.0105239202258,1.5817255992950119,201.24313816829863,304.678138237004,1.5139802579614006,3967,18137.449348330498,467,5900.977046966553
652,MAN-YI,2024-11-13 07:30:00,602.2088110658158,884.7488307681488,1.4691728425598418,216.7326762514259,308.751022397005,1.4245707095815567,4000,18931.59383571148,490,6315.934101104736
653,MAN-YI,2024-11-13 08:00:00,572.9093014817367,814.6444083718027,1.4219430654465828,226.6117854441688,306.3005907638946,1.3516534021543982,4032,19722.891340970993,507,6705.03794670105
654,MAN-YI,2024-11-13 08:30:00,573.1109335389904,816.6499796521681,1.4249422439200554,227.012997196059,306.1516473755394,1.3486084548327921,4052,19767.64217853546,508,6725.1952085494995
655,MAN-YI,2024-11-13 09:00:00,573.7841243871412,818.9833618220235,1.4273370890084807,227.89337758603455,306.5000295091124,1.3449273197655813,4071,19844.15858709812,509,6745.011585235596
656,MAN-YI,2024-11-13 09:30:00,574.1662160697676,823.0654669583059,1.4334968584398438,229.14502693519256,305.9820778067155,1.335320612885275,4101,19907.587727069855,511,6774.332509994507
657,MAN-YI,2024-11-13 10:00:00,574.2108944979171,825.3129566536844,1.4372993695553726,228.9601685946442,306.6088592983065,1.3391362400729703,4118,19957.750936746597,512,6797.459625244141
658,MAN-YI,2024-11-13 10:30:00,574.8054760295083,829.4706009229916,1.4430457528912064,230.03091745641098,307.5543124328882,1.3370129364943562,4145,20021.888561725616,513,6817.267501831055
659,MAN-YI,2024-11-13 11:00:00,564.5519991866729,847.0937002340834,1.500470641242003,223.38187628024073,344.09653607477225,1.5403959435056809,4455,21278.18331551552,537,7369.9090032577515
660,MAN-YI,2024-11-13 11:30:00,564.8268669859305,850.5733100488252,1.5059009402079504,223.11903891948037,344.82128523180586,1.5454588138318581,4484,21360.71208369732,538,7399.635374069214
661,MAN-YI,2024-11-13 12:00:00,564.7712955364981,852.3963384012246,1.509277020871783,222.87237730581876,346.94257504564655,1.5566871912959446,4506,21428.167635798454,539,7428.689609527588
662,MAN-YI,2024-11-13 12:30:00,655.8166129512881,1024.0090088796296,1.5614258447516456,198.56449173840963,360.73673840776684,1.8167232985593535,4136,18830.438440322876,481,6286.170123100281
663,MAN-YI,2024-11-13 13:00:00,662.3249537387413,1020.3872254858721,1.5406141950803947,199.57135882181146,369.8099642525139,1.8530212272728934,4206,19105.157334327698,491,6371.411750793457
664,MAN-YI,2024-11-13 13:30:00,630.8561566461448,839.3587752685444,1.3305073849653337,215.7511545236186,372.57418752165967,1.7268699597195978,4610,19896.21483886242,518,6436.8891706466675
665,MAN-YI,2024-11-13 14:00:00,596.6529709214836,822.5057784109924,1.378532947117812,224.75426156994976,377.14286957424093,1.6780232194033924,4628,20092.797293424606,540,6764.276479721069
666,MAN-YI,2024-11-13 14:30:00,596.785757094526,824.531603997443,1.3816207813197565,226.7714320445748,376.1966566593655,1.658924377147372,4656,20170.685474276543,540,6795.696310997009
667,MAN-YI,2024-11-13 15:00:00,580.85228040405,816.1353983617348,1.405065325376732,248.19027244351219,346.57412599154156,1.3964049540677306,4649,21020.06659245491,553,7324.699069023132
668,MAN-YI,2024-11-13 15:30:00,576.2430647877954,817.6657013344668,1.4189597260239046,242.71460299283365,349.4280490411022,1.439666360130041,4808,21720.92734873295,573,7720.14591884613
669,MAN-YI,2024-11-13 16:00:00,565.5663216586913,817.2302233651706,1.4449768171633675,265.3128919953501,296.2577856883524,1.1166354693896423,4774,22361.13410115242,573,8125.589161872864
670,MAN-YI,2024-11-13 16:30:00,554.9188877401001,815.7914493712734,1.4701093572315982,256.17343466897927,271.7525876563402,1.06081486555189,4770,23198.173463702202,577,8934.183353424072
671,MAN-YI,2024-11-13 17:00:00,530.8535710269258,814.9022810850054,1.535079211219379,255.55612709734228,284.9417366418659,1.114986910618384,5041,24635.179943919182,611,9797.96921634674
672,MAN-YI,2024-11-13 17:30:00,525.567272788191,814.485905550858,1.5497272142344805,257.6870118081298,284.64442321589655,1.1046130001609773,5011,24529.43763279915,611,9794.853367805481
673,MAN-YI,2024-11-13 18:00:00,522.911003491987,813.1362561665603,1.5550184462297685,256.37802431364065,284.5419165161982,1.1098529886793342,5010,24540.007769703865,611,9822.328241348267
674,MAN-YI,2024-11-13 18:30:00,652.9402300299988,830.2560221088696,1.2715651202418985,201.71123777657257,357.5280694416353,1.7724747187246603,4209,17873.934940338135,487,5949.879084587097
675,MAN-YI,2024-11-13 19:00:00,600.3271227714843,805.0404562283564,1.3410029726989285,179.39451097309149,318.5425454723758,1.7756538020282808,3925,16769.908015847206,417,5363.890948295593
676,MAN-YI,2024-11-13 19:30:00,592.0544740937648,800.5093642282766,1.3520873488095573,178.20473810368793,315.75167032912344,1.7718477841223417,3913,16715.846633911133,413,5357.476421356201
677,MAN-YI,2024-11-13 20:00:00,530.2229387735563,862.7446973493702,1.6271357466068122,176.18213469667992,253.25659863181494,1.4374703716005435,3827,16454.08557987213,362,4997.814789772034
678,MAN-YI,2024-11-13 20:30:00,520.4313134917136,870.8704819133809,1.6733629574870794,186.8706874222805,243.20781964114147,1.3014765611235324,3844,16606.808172225952,362,5052.251441955566
679,MAN-YI,2024-11-13 21:00:00,509.83093593082845,818.34428452854,1.6051287335760411,181.62967963962762,230.62461558846343,1.2697518161461587,3862,17456.765292048454,346,5356.601905822754
680,MAN-YI,2024-11-13 21:30:00,490.8299837253548,827.3398777733247,1.6855935969801372,188.32588582108718,228.23737160405236,1.2119277740760532,3876,17303.421990275383,356,5283.383058547974
681,MAN-YI,2024-11-13 22:00:00,483.701304369473,838.1709652920913,1.7328275895072975,203.4715783374514,228.82982612074014,1.1246279602806821,3861,16905.802622437477,371,5196.690505027771
682,MAN-YI,2024-11-13 22:30:00,457.90808235942876,822.0471125828411,1.7952229808810942,186.46464365664403,257.9928299482731,1.3836018715877294,3891,17884.566544890404,390,5781.0244426727295
683,MAN-YI,2024-11-13 23:00:00,437.8322013730641,826.223319598815,1.8870775539298723,197.94725792734144,260.1170040740879,1.3140722776244023,3946,18892.828655958176,420,6360.072412490845
684,MAN-YI,2024-11-13 23:30:00,432.87873445772186,820.9744748715043,1.8965460982969233,196.31268383010183,264.17837225388746,1.3457020050855115,3932,18922.310328722,423,6480.960331916809
685,MAN-YI,2024-11-14 00:00:00,434.8982045934711,846.95903377712,1.9474879979530568,189.4496718131521,271.4756591149719,1.4329698041531467,3932,18555.177448153496,408,6008.291186332703
686,MAN-YI,2024-11-14 00:30:00,556.0872968531597,697.8233236559031,1.2548808929907436,261.2672733564405,431.8837392835423,1.6530342041512878,5235,27663.636104941368,860,13554.487170219421
687,MAN-YI,2024-11-14 01:00:00,555.8787007909121,698.8031148457449,1.2571143917755376,261.7082127483991,432.2758713091203,1.6517474433433228,5242,27680.33225274086,863,13581.100154876709
688,MAN-YI,2024-11-14 01:30:00,555.8301660769754,698.8032731873878,1.2572244470276037,261.9382030349201,433.9371564817813,1.6566394342406388,5249,27681.107746362686,866,13607.82849407196
689,MAN-YI,2024-11-14 02:00:00,555.9219575330587,698.4190197789743,1.2563256592314767,261.1059231745341,434.63262114893985,1.6645835370743833,5253,27631.28582918644,863,13540.824858665466
690,MAN-YI,2024-11-14 02:30:00,562.9937196375856,716.3400802871676,1.2723766807706023,270.6343184897132,435.8748673875719,1.6105676095330008,5491,27678.874035716057,889,13306.959544181824
691,MAN-YI,2024-11-14 03:00:00,563.0405361815208,716.9242119966714,1.273308342697262,272.01503748866156,435.8988594623946,1.6024807432955341,5500,27713.614265441895,897,13402.62444972992
692,MAN-YI,2024-11-14 03:30:00,584.047364203897,756.9650293858743,1.296067880415275,296.4668101147034,437.9351061371233,1.4771808890434788,6548,33771.1309183836,1143,19125.41894054413
693,MAN-YI,2024-11-14 04:00:00,580.8219722389806,765.1241807823459,1.3173127349726577,298.28065980114695,447.3945885973419,1.4999114890506222,6542,33500.85068118572,1155,18984.708106040955
694,MAN-YI,2024-11-14 04:30:00,579.8701764369229,764.3345762277212,1.3181132730851224,298.1270554319135,447.26083410664074,1.5002356410043602,6533,33433.20114672184,1153,18940.64115715027
695,MAN-YI,2024-11-14 05:00:00,556.398502702214,741.2666453755032,1.3322585193444163,274.2450495879715,437.26442083682207,1.5944295858531299,6246,32063.551900982857,1057,17492.716696739197
696,MAN-YI,2024-11-14 05:30:00,543.938641655427,709.7392401043256,1.3048148922538367,260.91102715069445,392.5911261786581,1.5046934982625613,5979,31083.763491749763,927,16381.805911064148
697,MAN-YI,2024-11-14 06:00:00,543.4508819346627,708.7114658471376,1.3040947938554313,260.3164114854053,392.5322218379484,1.5079042446770754,5967,31051.88304567337,924,16349.129940986633
698,MAN-YI,2024-11-14 06:30:00,631.1646344318439,797.757429598457,1.263945072455737,248.93700511729384,352.47427895835176,1.4159175683513665,6533,28856.811099529266,603,11061.981371879578
699,MAN-YI,2024-11-14 07:00:00,598.2602798779238,730.8616075783384,1.2216448795956685,256.8508044201369,451.7590202303633,1.7588382533986877,6234,29004.858437776566,770,13072.364374160767
700,MAN-YI,2024-11-14 07:30:00,597.8930417913306,728.0659501589203,1.217719390039364,256.714269601989,450.0491083369305,1.7531129416167126,6222,28950.160076260567,768,13059.49760723114
701,MAN-YI,2024-11-14 08:00:00,588.0658396377244,733.1815801152868,1.2467678458707263,237.80645036169386,444.05148625947453,1.8672810833519804,6378,29839.346835136414,806,14023.79557800293
702,MAN-YI,2024-11-14 08:30:00,585.9677216610452,728.7564459698098,1.2436801875434358,237.44272263147548,443.9686499870015,1.8697926180540985,6345,29712.427780389786,803,13969.088506698608
703,MAN-YI,2024-11-14 09:00:00,582.4311695220877,726.8400316196949,1.247941507347727,243.16380505333547,429.05505604684527,1.7644692471921746,6351,29911.71062684059,789,14137.588033676147
704,MAN-YI,2024-11-14 09:30:00,568.6870127556452,716.3783164851271,1.2597057791311668,240.7554577570192,424.87572308965,1.764760504488547,6097,29438.97039914131,776,13912.549903869629
705,MAN-YI,2024-11-14 10:00:00,577.2312384891949,725.1812058041929,1.256309703026868,206.8043061216192,363.0009907791279,1.755287390223149,6174,28411.637922406197,661,12148.515804290771
706,MAN-YI,2024-11-14 10:30:00,588.2483551910453,742.7264633844044,1.2626069530499375,205.03251224281985,348.9910365561966,1.702125349480599,6252,28861.008660793304,638,12322.913199424744
707,MAN-YI,2024-11-14 11:00:00,585.6393345195269,732.8496260647056,1.2513668103696491,203.94474955245718,341.53963667365383,1.6746674647086408,6169,28477.285918593407,637,12133.614644050598
708,MAN-YI,2024-11-14 11:30:00,584.2581631784371,721.4443052052776,1.234803979940185,209.52734647998113,358.3993136415385,1.710513303693174,6039,27577.30029463768,648,11690.90799331665
709,MAN-YI,2024-11-14 12:00:00,566.9276226894424,714.3691722587386,1.260071204274451,190.7989396082825,333.0454586396056,1.7455309726739514,5558,25189.479827165604,555,9929.079399108887
710,MAN-YI,2024-11-14 12:30:00,553.5155931861211,678.3501193375466,1.2255302789806832,216.8048145677807,375.74549204286853,1.733104925699866,5745,28523.84097957611,751,14170.275737762451
711,MAN-YI,2024-11-14 13:00:00,560.0815504025404,682.2688993638292,1.2181599248778492,208.2262549971494,374.2488338816451,1.797318181065912,5618,26861.53746509552,691,12465.263053894043
712,MAN-YI,2024-11-14 13:30:00,564.2073349178366,700.7641577735225,1.2420330513348798,256.2821012330395,404.65459334840017,1.5789420775056104,5656,27269.19320678711,704,12521.915197372437
713,MAN-YI,2024-11-14 14:00:00,582.8613274846856,695.1341800338184,1.1926236091758575,245.8502179325608,392.5415330526536,1.5966694532698364,5942,28380.479743123055,700,13053.991315841675
714,MAN-YI,2024-11-14 14:30:00,588.6181235569957,701.1248856750643,1.191137101654624,252.9240698193238,394.77986102212714,1.560863152740411,6109,28755.04355585575,711,13122.044744491577
715,MAN-YI,2024-11-14 15:00:00,584.0385773974588,710.1896532703919,1.2159978480104434,291.9643921565026,428.9762302123592,1.4692758491672924,6114,29174.68224322796,755,13686.165714263916
716,MAN-YI,2024-11-14 15:30:00,603.463320515251,718.2684374807667,1.1902437365497065,291.62380021881427,430.2556881339189,1.4753791967976666,6319,29108.566009283066,731,13253.788404464722
717,MAN-YI,2024-11-14 16:00:00,609.4769728403958,719.3866061511479,1.180334349300401,286.22061990320344,419.8473526748699,1.4668661985878446,6388,29306.99557209015,717,13232.2748336792
718,MAN-YI,2024-11-14 16:30:00,606.9473202626617,717.4872405355624,1.1821244061594378,278.3326211557469,410.0512755927875,1.4732418855184535,6396,29475.31374692917,713,13379.462886810303
719,MAN-YI,2024-11-14 17:00:00,602.2290834463596,714.0002140197496,1.1855957037706635,268.36227915139364,391.829338092179,1.4600760558868682,6392,29768.576414585114,717,13541.20878791809
720,MAN-YI,2024-11-14 17:30:00,603.0652700268413,708.0883335129374,1.1741487508995843,258.23002240600243,378.7943342363183,1.4668872763398402,6396,29903.69265818596,708,13649.696434020996
721,MAN-YI,2024-11-14 18:00:00,612.2451714586391,695.829776543786,1.136521460652781,214.14805146254466,341.4481483787571,1.5944490087432626,6430,30629.54088962078,690,13726.973779678345
722,MAN-YI,2024-11-14 18:30:00,611.672328060438,686.9069164379339,1.1229981886152303,214.47752193529396,334.36887223575803,1.55899261245956,6250,29641.872893452644,658,12999.988297462463
723,MAN-YI,2024-11-14 19:00:00,612.4292048228352,684.8275118220662,1.118214981305755,213.9870509599406,331.23069998467685,1.5479006720209592,6218,29437.80225753784,651,12835.270722389221
724,MAN-YI,2024-11-14 19:30:00,609.5931292584602,665.4969966541343,1.0917068528375267,204.82117366298027,310.0618480581278,1.513817358396318,5955,28090.287150382996,597,11872.913961410522
725,MAN-YI,2024-11-14 20:00:00,583.5157650452036,640.823872055066,1.098211754408078,190.55740176675766,273.38786923065186,1.43467462662656,5316,24177.593935489655,480,9576.389531135559
726,MAN-YI,2024-11-14 20:30:00,582.2547790484705,638.9465516220761,1.0973659205790478,189.98150646565588,272.54652291403187,1.4345950191909882,5287,24029.38373398781,476,9518.143043518066
727,MAN-YI,2024-11-14 21:00:00,580.2248758544043,636.50487534445,1.0969968745431158,189.7891663040294,272.3642727826966,1.4350886201079889,5248,23934.269891619682,475,9515.474500656128
728,MAN-YI,2024-11-14 21:30:00,577.4798973264452,634.3422303885993,1.0984663419894063,188.52708540049673,270.73768696317904,1.4360678540594691,5205,23757.754054427147,468,9420.776912689209
729,MAN-YI,2024-11-14 22:00:00,574.6013834065899,631.8794043176459,1.0996830543140632,188.24693637804774,270.1443649137977,1.4350531812707839,5161,23630.244394421577,466,9401.241104125977
730,MAN-YI,2024-11-14 22:30:00,571.791769133926,630.0207179306084,1.1018359338835513,187.3419330790039,269.4250706383917,1.438146101144217,5118,23494.145501613617,463,9362.942970275879
731,MAN-YI,2024-11-14 23:00:00,576.9847271035619,648.0064691310857,1.1230911992836425,192.6002208022866,262.9614530608097,1.365322697790419,5248,23412.45952272415,474,9242.322390556335
732,MAN-YI,2024-11-14 23:30:00,528.8771330966376,636.4397304827635,1.2033791795011688,190.89271535708008,242.11189381990127,1.2683139498907037,4364,20836.660138607025,430,8311.649879455566
733,MAN-YI,2024-11-15 00:00:00,486.00889889683907,643.5536548115865,1.324160228901872,187.76438032200977,241.91903272488557,1.288418135058423,3973,19891.61670267582,416,7874.363964080811
734,MAN-YI,2024-11-15 00:30:00,493.7667276311831,625.8348530942685,1.2674706862017076,174.25655133901284,249.7617556110763,1.4332990851240255,3904,19930.746899604797,407,8162.560648918152
735,MAN-YI,2024-11-15 01:00:00,475.7183383324502,622.5672702052088,1.3086888186558276,173.72973726002402,252.45166732588493,1.4531287004022524,3847,20317.791069626808,417,8538.238906860352
736,MAN-YI,2024-11-15 01:30:00,473.0871353568123,608.6238193800674,1.2864941231619607,184.5925197596505,249.71204141754575,1.3527744338865035,3972,20672.749472737312,448,8650.490177154541
737,MAN-YI,2024-11-15 02:00:00,444.826707662842,612.601440322975,1.3771687485709536,187.98171106009758,251.94377379191948,1.3402568386632674,3960,21216.50310099125,457,8984.835406303406
738,MAN-YI,2024-11-15 02:30:00,456.3199856082247,598.8346599075255,1.3123130233039058,192.3643733790139,256.3100515410045,1.3324195485824064,4003,21861.949641942978,484,9275.763008117676
739,MAN-YI,2024-11-15 03:00:00,443.95023964076137,586.3999509809842,1.3208686438720922,189.0869974400475,265.9988326702917,1.4067536968248104,3866,21084.321357250214,484,9083.180477142334
740,MAN-YI,2024-11-15 03:30:00,459.1047794324508,665.2923984313135,1.449107977603178,206.45060607705258,275.7892042460731,1.3358604728103354,3873,21001.644591093063,539,9281.856611251831
741,MAN-YI,2024-11-15 04:00:00,460.2381844079886,695.7488055763451,1.5117146493859388,202.70389520768967,261.6118162700863,1.2906107009045806,3772,20085.40295135975,503,8654.671124458313
742,MAN-YI,2024-11-15 04:30:00,461.2422268832823,700.0238408852116,1.517692440294179,203.72578144466942,256.33551326088093,1.2582379679348472,3759,20105.60624754429,498,8686.703268051147
743,MAN-YI,2024-11-15 05:00:00,446.0609509886557,750.6985377667982,1.6829505835535206,214.01385693662198,257.50373409210533,1.2032105667268136,3578,20152.44068801403,526,9381.642793655396
744,MAN-YI,2024-11-15 05:30:00,440.0798353469695,746.1392449120976,1.6954633795566247,217.10537750953952,258.82378729804867,1.1921574226629872,3558,20945.8009070158,545,10110.423558235168
745,MAN-YI,2024-11-15 06:00:00,438.5294655080728,729.5304375447643,1.6635836241916857,219.27174120479174,253.24260715194922,1.1549258730764982,3622,21619.743027448654,526,10379.97866821289
746,MAN-YI,2024-11-15 06:30:00,441.9589504690432,767.889843152522,1.737468700062692,207.69811572181243,264.4006172976197,1.273004410168807,3570,19046.9463545084,455,7946.724157333374
747,MAN-YI,2024-11-15 07:00:00,440.7706224610017,752.3278798837382,1.7068466942809932,207.10492865984185,259.4465486687392,1.2527299584205658,3557,19468.72501182556,465,8426.125122070312
748,MAN-YI,2024-11-15 07:30:00,438.36286689504965,747.7268846795071,1.7057258749485318,207.4079667864419,249.39665626659624,1.2024449211412738,3541,19645.806470274925,469,8816.431137084961
749,MAN-YI,2024-11-15 08:00:00,449.3222420850353,754.2578606399829,1.6786568524627723,208.97902173740812,236.13250064767922,1.129933993778522,3557,19828.85295522213,450,8802.89250946045
750,MAN-YI,2024-11-15 08:30:00,448.9545096552286,746.2308990521777,1.6621525856266344,216.80347588278386,231.34126293887692,1.0670551382854763,3553,19754.53602516651,453,8669.613039970398
751,MAN-YI,2024-11-15 09:00:00,455.3482133772656,727.6490595795109,1.598005741985061,210.98748251567196,235.92850700132598,1.118210920326993,3583,19807.158720493317,447,8762.172147750854
752,MAN-YI,2024-11-15 09:30:00,459.90613205260297,878.8375150224535,1.9109062779835522,215.70752575161487,232.55939452193874,1.078123694162287,3561,19984.17756640911,468,9179.7181558609
753,MAN-YI,2024-11-15 10:00:00,469.1888668929732,850.1376704922291,1.8119306114868927,218.4117225734492,232.01773808478725,1.062295262136223,3578,19751.644851088524,472,8943.26338005066
754,MAN-YI,2024-11-15 10:30:00,473.5337345159608,804.4778585629751,1.6988818323266848,217.80787199876477,230.70549970196396,1.059215617804995,3545,19351.0419601202,460,8460.637705802917
755,MAN-YI,2024-11-15 11:00:00,447.10218759819116,784.7179937178382,1.7551200049664242,216.24424686648385,240.5190422017976,1.1122563753120362,3456,19215.229342222214,493,9255.834809303284
756,MAN-YI,2024-11-15 11:30:00,460.2995554255027,604.810336204863,1.3139494250559782,221.56308082097178,240.0865807103065,1.0836037295595338,3540,20126.445805072784,510,9600.44654083252
757,MAN-YI,2024-11-15 12:00:00,477.46917110205385,682.4394975871363,1.429284944223699,239.02091375925838,258.48628670406305,1.081437948833252,3640,21771.597331762314,585,11300.96085357666
758,MAN-YI,2024-11-15 12:30:00,467.9444851750693,686.8465127488473,1.4677948656492448,249.1849120071265,263.9558512464723,1.0592770209093652,3627,22666.459906578064,626,12428.908329963684
759,MAN-YI,2024-11-15 13:00:00,466.07097046111727,745.6128767494517,1.5997839900042736,250.37533987608398,264.1495559316471,1.0550142680280703,3694,23436.33089673519,639,13041.14228439331
760,MAN-YI,2024-11-15 13:30:00,479.1655223628302,695.6104979469291,1.4517123321327,250.97346778322424,260.7351365401886,1.0388952220455225,3817,22976.215906262398,629,12550.318351745605
761,MAN-YI,2024-11-15 14:00:00,490.58868584247153,720.4449583035243,1.46853153995251,242.95885497236517,268.3139535850353,1.1043596398886262,3884,22522.48778641224,611,11695.296007156372
762,MAN-YI,2024-11-15 14:30:00,474.10787279941627,727.266327820889,1.5339680472434942,259.51623586738845,281.01345363429374,1.082835733552675,3878,23227.225937604904,693,12816.984802246094
763,MAN-YI,2024-11-15 15:00:00,471.6797138241801,724.755212062654,1.5365409849549028,260.21099529410185,286.25343541810764,1.1000820126550392,3856,23282.181327819824,710,12998.282315254211
764,MAN-YI,2024-11-15 15:30:00,452.2049097326564,544.3464680981975,1.2037606323646817,230.56508497576257,238.95801215564327,1.0364015530832085,3655,20830.045302033424,468,9823.297459602356
765,MAN-YI,2024-11-15 16:00:00,453.1862985025757,538.93077954769,1.189203604187574,232.83268334052573,237.7784670047341,1.0212417930045241,3650,20413.713787794113,467,9510.977827072144
766,MAN-YI,2024-11-15 16:30:00,458.3226586423341,535.6878378457471,1.168800686033256,233.66940075786766,239.2317393210974,1.0238043087592479,3619,19803.153074979782,458,9021.7251329422
767,MAN-YI,2024-11-15 17:00:00,512.6038444117692,653.1394686185673,1.2741603008617042,234.8254903144847,241.5628221121229,1.0286908026407795,3630,19982.88018798828,470,9239.493620872498
768,MAN-YI,2024-11-15 17:30:00,499.93609167969817,618.2648274331199,1.236687724136612,227.68257560163772,242.4321830268538,1.0647814501669268,3633,19610.02351105213,460,8816.581983566284
769,MAN-YI,2024-11-15 18:00:00,485.1076418994364,613.7252788038785,1.265132159948747,226.08063619846607,241.70825464760972,1.0691240909080943,3710,20238.88885164261,471,9017.35211277008
770,MAN-YI,2024-11-15 18:30:00,518.5604676855396,1472.0560240849427,2.8387355300242625,231.36377447513834,809.4586369225201,3.4986403500669834,3965,21616.958094596863,525,9819.121532440186
771,MAN-YI,2024-11-15 19:00:00,483.7323279715546,1583.909718814891,3.274351593280381,229.11229532753347,787.2418197807425,3.4360522583710185,3873,22143.637119054794,527,10511.160593986511
772,MAN-YI,2024-11-15 19:30:00,496.40363870311717,1666.3840106790171,3.356913367985249,234.16320910285035,1033.2011673199277,4.41231212741928,3842,22879.285022377968,583,11133.353675842285
773,MAN-YI,2024-11-15 20:00:00,483.30884259914546,1630.3642219101635,3.373338284361534,233.65814651666787,998.0221783280973,4.271292027290389,3821,23361.912162423134,589,11636.952169418335
774,MAN-YI,2024-11-15 20:30:00,471.1850400720969,1319.1812446742917,2.7997095248873745,237.81649044078225,877.499727360348,3.689818673776313,4011,24542.54563677311,631,12373.22166633606
775,MAN-YI,2024-11-15 21:00:00,489.0562641220264,1314.0200871661789,2.6868484948764704,237.20751974943954,877.1705535124454,3.697903651785534,4087,24718.628631711006,632,12413.525952339172
776,MAN-YI,2024-11-15 21:30:00,474.9077707598495,1307.1840866447544,2.75250094255831,237.14340371188925,874.67279427026,3.688370751956127,3968,24485.92136156559,628,12355.400776863098
777,MAN-YI,2024-11-15 22:00:00,464.77568718370134,1301.7668214491748,2.8008496514462733,246.44040885065928,872.2778992493635,3.5395084082089503,3971,25033.540099024773,662,13166.912159919739
778,MAN-YI,2024-11-15 22:30:00,468.92603988284696,1306.0662884521817,2.785228751166126,234.26550432661108,952.476048691725,4.065797273181913,3942,23122.384177446365,563,10724.068486213684
779,MAN-YI,2024-11-15 23:00:00,453.65988304562785,1302.8326195949371,2.871826820675477,231.99074154063828,949.4847620540662,4.092770063790407,3953,22474.891541838646,540,10247.696354866028
780,MAN-YI,2024-11-15 23:30:00,443.85963390123374,1277.664160842886,2.878532002590677,233.6531902317309,898.7708165497841,3.8466019473494186,3924,22517.979128718376,569,10508.47059726715
781,MAN-YI,2024-11-16 00:00:00,448.6906132682386,1277.0719746074597,2.8462195036917137,233.16456405452433,913.8303557785323,3.9192505923191394,3906,22405.804271817207,575,10492.742307662964
782,MAN-YI,2024-11-16 00:30:00,438.1698436648453,534.1033750023021,1.2189414281345083,248.61001994296797,282.62603964407253,1.1368248138546742,3597,21568.716515541077,618,11463.049187660217
783,MAN-YI,2024-11-16 01:00:00,438.129047351448,533.9076117863386,1.2186081133261635,248.78751593999507,281.5093739188497,1.1315253213378507,3595,21547.268664956093,616,11435.180828094482
784,MAN-YI,2024-11-16 01:30:00,433.77169007950016,533.9945292063613,1.231049746719274,245.20687109896667,280.6513335064912,1.1445492218414133,3581,21630.14396059513,610,11531.172932624817
785,MAN-YI,2024-11-16 02:00:00,433.6773054313428,533.7665473031547,1.230791975089082,245.39591724644004,280.92463851494557,1.1447812240202209,3580,21651.987541794777,611,11561.209843635559
786,MAN-YI,2024-11-16 02:30:00,433.8421168775563,533.685592802276,1.2301378129060194,245.27558209587392,280.12942011774646,1.1421007249235582,3580,21645.872083306313,609,11534.175036430359
787,MAN-YI,2024-11-16 03:00:00,430.9072365034147,532.9647665444688,1.2368433885427312,244.84915860663295,280.60364402578443,1.1460265807022534,3568,21906.974831342697,614,11826.267126083374
788,MAN-YI,2024-11-16 03:30:00,424.42470555055183,530.3611975610153,1.2496002014610443,245.89442533526653,281.0922428155752,1.1431419904388513,3552,22141.553948879242,625,12213.488223075867
789,MAN-YI,2024-11-16 04:00:00,425.91185757035066,532.8896049922903,1.2511734423929912,244.52198063746116,280.58359931224294,1.147478024596272,3560,22147.51402068138,623,12128.940735816956
790,MAN-YI,2024-11-16 04:30:00,421.7522787544957,531.7127032673247,1.260722775079151,244.76133803592725,281.33913231589105,1.1494426961932753,3516,22191.017463326454,626,12192.77672958374
791,MAN-YI,2024-11-16 05:00:00,420.56784266171064,536.6762427646804,1.2760753160967702,245.63058363614243,274.5219324516532,1.11762113816538,3487,21464.072094798088,596,11380.367811203003
792,MAN-YI,2024-11-16 05:30:00,424.2923154119678,539.1507675113894,1.2707059447633364,248.4211922498262,269.7777125009243,1.0859689950671345,3487,21221.54619562626,581,10971.692429542542
793,MAN-YI,2024-11-16 06:00:00,421.1482919119133,543.0418060645889,1.2894313392541772,245.8406499081854,265.90410422644453,1.0816116225113754,3467,20800.96641087532,570,10621.48480129242
794,MAN-YI,2024-11-16 06:30:00,453.58735115472564,523.8996359424675,1.1550137688115472,254.98434198504046,267.7874425349966,1.0502113206257435,3459,20849.0364331007,589,10359.454748153687
795,MAN-YI,2024-11-16 07:00:00,451.5600855319219,519.3077754169066,1.1500302884502713,253.5571866581047,264.1599871298047,1.0418162096347745,3425,20080.73843753338,575,9708.658568382263
796,MAN-YI,2024-11-16 07:30:00,447.1421049386739,520.1293541811356,1.1632305444652113,259.4259523286235,269.6779182562488,1.0395178887678813,3390,19982.812138557434,598,9716.420794487
797,MAN-YI,2024-11-16 08:00:00,447.33143094347406,513.5944149827203,1.1481295063472037,263.0863089116685,272.61812197937996,1.036230745366954,3356,20247.372867703438,623,10126.647632598877
798,MAN-YI,2024-11-16 08:30:00,438.5916332080634,505.4123952379614,1.1523530249337832,272.3067525309501,280.2350697824634,1.0291153898235084,3272,21103.8175303936,673,11340.908033370972
799,MAN-YI,2024-11-16 09:00:00,432.83874803999214,510.0577066577268,1.1784012151578416,275.73141043191254,287.1592976881026,1.0414457215385367,3278,21897.55416893959,703,12117.294512748718
800,MAN-YI,2024-11-16 09:30:00,432.7996409144877,509.9132306029124,1.178173876312572,275.2932306713909,287.1633054160724,1.0431179317985095,3276,21885.48965525627,702,12106.176286697388
801,MAN-YI,2024-11-16 10:00:00,429.88458136904154,513.7249730619095,1.195030004160332,277.25815049348654,294.5417869645576,1.0623377038341602,3341,22579.040315151215,733,12901.851768493652
802,MAN-YI,2024-11-16 10:30:00,426.60856464035857,510.84377589714927,1.1974531648885245,277.8507435953043,300.24689106311706,1.0806049578202033,3347,23355.15447485447,753,13748.139450073242
803,MAN-YI,2024-11-16 11:00:00,426.4974776734897,510.7861447466161,1.1976299309738319,277.7151390622154,299.6983509819078,1.0791574128580959,3344,23333.920367360115,751,13725.219247817993
804,MAN-YI,2024-11-16 11:30:00,430.75500467335223,513.9706349760006,1.19318552169986,274.0178155067698,293.99989628943104,1.072922560694476,3369,22685.17373585701,717,12868.45475101471
805,MAN-YI,2024-11-16 12:00:00,423.0244413869487,514.4456949181765,1.2161134076118354,264.25106011474105,290.35507741700724,1.0987849104216663,3318,22310.69767165184,698,12646.481987953186
806,MAN-YI,2024-11-16 12:30:00,439.47529000490266,511.94200690142065,1.164893723366582,272.263975764836,293.3881614928865,1.0775871492683085,3358,23364.69822382927,734,13557.588728904724
807,MAN-YI,2024-11-16 13:00:00,432.228071113297,514.1218494585925,1.1894689026891732,266.94093318486205,295.71377168523003,1.107787285213546,3318,23409.052298069,735,13608.89329624176
808,MAN-YI,2024-11-16 13:30:00,432.11782161541186,514.3128531166558,1.1902143984572728,266.9479180891711,295.21963577305934,1.1059072417056397,3314,23356.90617084503,734,13563.75405883789
809,MAN-YI,2024-11-16 14:00:00,433.50797843935084,513.3838870506607,1.1842547601981068,270.2186190195418,299.54338218060246,1.1085223633643795,3310,23549.451598525047,750,13840.682869911194
810,MAN-YI,2024-11-16 14:30:00,433.3103339706163,513.4002471006004,1.1848326865322671,269.84994727510855,299.59643549202053,1.1102334409077526,3306,23530.62134206295,749,13821.000527381897
811,MAN-YI,2024-11-16 15:00:00,431.9148699898151,515.3179537222834,1.1931007462985328,269.94708596656903,299.16306822873963,1.1082285521162754,3319,23526.259953975677,749,13846.214256286621
812,MAN-YI,2024-11-16 15:30:00,433.4253999067709,524.7385365109209,1.2106778620352892,259.8430303884323,290.5900671804036,1.1183292726612957,3414,23142.63034760952,700,13082.472531318665
813,MAN-YI,2024-11-16 16:00:00,436.7993202836971,541.3071466103755,1.2392582164706674,253.898411211103,292.28360500185767,1.1511832768375942,3517,22817.584520101547,691,12586.115273475647
814,MAN-YI,2024-11-16 16:30:00,422.40442549918794,535.3495971561268,1.2673863360296511,249.3018675498331,293.0266150807471,1.1753887684863518,3338,21917.16682946682,672,12175.310959815979
815,MAN-YI,2024-11-16 17:00:00,415.1442184084415,545.0051305586853,1.3128091549681133,238.94548194539684,282.10162453287523,1.180610833216504,3304,20415.023613214493,603,10750.905906677246
816,MAN-YI,2024-11-16 17:30:00,415.91429447024035,548.6160814653668,1.3190604140310938,237.30328227075668,281.8919007266208,1.1878971838450534,3341,20551.254984736443,599,10758.06918334961
817,MAN-YI,2024-11-16 18:00:00,415.56472370396926,548.3398713296226,1.3195053382833222,236.3739505102724,281.8002751668572,1.1921799105126412,3337,20510.664565324783,594,10691.839127540588
818,MAN-YI,2024-11-16 18:30:00,434.7525394388193,507.55840961749345,1.16746508317732,263.81781539370104,281.56293919747725,1.0672627956428709,3287,22000.726597309113,647,12098.11277103424
819,MAN-YI,2024-11-16 19:00:00,433.0846439052305,500.77884189115156,1.1563070843969545,268.30044021232396,297.1747908133143,1.1076194678552858,3259,22670.297617912292,700,13078.839142799377
820,MAN-YI,2024-11-16 19:30:00,433.27515300863666,500.4444356150527,1.1550268510437198,268.39481840382973,297.6573623664679,1.1090279765334676,3258,22673.09553861618,702,13101.367600440979
821,MAN-YI,2024-11-16 20:00:00,433.50828105805056,500.1635018613052,1.153757664422396,268.36919863758374,297.65827159691946,1.1091372374625141,3258,22676.114886283875,702,13103.00640296936
822,MAN-YI,2024-11-16 20:30:00,433.6343562921876,499.8174568131537,1.1526242087616554,268.34265240881575,297.6587344397907,1.109248685469171,3255,22676.194558262825,702,13104.526628494263
823,MAN-YI,2024-11-16 21:00:00,433.66521751518343,499.4605132179444,1.1517190981553789,268.31979629081354,297.65121901670705,1.1093151647077952,3253,22682.953357219696,702,13113.667313575745
824,MAN-YI,2024-11-16 21:30:00,432.2062529830874,492.69996786479004,1.139964922913942,269.67778631318197,298.3922391878596,1.10647689328527,3217,22831.28045618534,708,13422.202485084534
825,MAN-YI,2024-11-16 22:00:00,432.26399211527763,492.5000932036164,1.1393502632351429,270.0540908282524,298.34933792406656,1.1047762209749605,3215,22855.024735569954,709,13445.928627967834
826,MAN-YI,2024-11-16 22:30:00,432.34733231578525,492.11843884396285,1.1382478902044428,270.10177938850495,298.64956030751927,1.1056926799358513,3214,22898.652162194252,712,13505.744592666626
827,MAN-YI,2024-11-16 23:00:00,432.50379664493084,491.6913882946547,1.13684872158085,270.04621282430315,298.5979065738482,1.1057289174728036,3212,22913.39907348156,712,13516.188794136047
828,MAN-YI,2024-11-16 23:30:00,435.04836364853145,495.11886921021176,1.138077764637242,265.41241599037374,290.71839499999066,1.0953458748912999,3213,22405.490527629852,683,12842.782409667969
829,MAN-YI,2024-11-17 00:00:00,433.9045346927988,492.53148623076515,1.1351148624880647,263.2000642035978,293.85893544473225,1.1164850446898722,3211,22950.44581103325,691,13427.97081565857
830,MAN-YI,2024-11-17 00:30:00,437.5792143169689,494.88966319569306,1.1309715978355614,272.3134147490549,294.57619964053515,1.0817542716799133,3263,22831.180122971535,700,13183.105856895447
831,MAN-YI,2024-11-17 01:00:00,436.9730012754564,493.48520060143227,1.1293265239752213,269.2380822755066,302.0134392502689,1.1217337335705084,3262,23239.856991410255,715,13745.822361946106
832,MAN-YI,2024-11-17 01:30:00,435.64317615399307,499.47130524075715,1.1465146995994737,267.6020579741298,286.7069768436052,1.0713930192245429,3299,22902.806765317917,671,13113.553022384644
833,MAN-YI,2024-11-17 02:00:00,435.9104800146917,499.49113475541463,1.145857137315393,267.8268756849773,286.6862301439074,1.0704162134987216,3300,22928.695608496666,672,13135.3530960083
834,MAN-YI,2024-11-17 02:30:00,439.23387839619886,499.60924372283716,1.1374560758999042,266.39359897709915,296.41463194925404,1.112694273013424,3309,23030.033552646637,688,13325.40938282013
835,MAN-YI,2024-11-17 03:00:00,433.964866443105,502.57261946700623,1.1580951785019558,261.9039829880048,288.3448418999029,1.1009563070031965,3247,21977.344068050385,651,12376.644693374634
836,MAN-YI,2024-11-17 03:30:00,432.12893166379007,502.3457226186894,1.162490372224207,261.4713607429075,287.10633693524295,1.0980412390844594,3223,21964.94105398655,646,12344.2455368042
837,MAN-YI,2024-11-17 04:00:00,431.39761106597615,501.75953422654055,1.1631022549862993,264.25475553280484,285.80406854033936,1.0815474936830731,3200,22071.516085147858,651,12432.157307624817
838,MAN-YI,2024-11-17 04:30:00,430.24611837109427,500.0259940491693,1.1621859505490937,263.7939773953792,284.5225862808427,1.0785787798877378,3191,22356.29908657074,652,12622.17220878601
839,MAN-YI,2024-11-17 05:00:00,429.8682152416136,501.33030341749276,1.1662418519027085,262.62920596401403,283.5595373818965,1.0796953687654576,3209,22336.894622445107,653,12587.664846420288
840,MAN-YI,2024-11-17 05:30:00,429.8200705370342,504.1445340110023,1.1729199462023794,261.22560794063264,280.3156105975128,1.0730786036153757,3255,22494.850657343864,651,12654.47222328186
841,MAN-YI,2024-11-17 06:00:00,429.76529058764305,507.02314965116614,1.1797675632619906,259.4695392165942,278.78651304325217,1.07444794439062,3281,22650.43174445629,654,12777.861267089844
842,MAN-YI,2024-11-17 06:30:00,433.9423394309188,598.9825295108452,1.3803274653871345,210.78020217882593,241.8336867405097,1.1473263818930055,3400,18292.392709851265,464,7602.86655330658
843,MAN-YI,2024-11-17 07:00:00,430.3729444202144,586.1210864001307,1.3618911086284342,211.8892423822646,247.58510309982304,1.16846471447172,3342,18395.833667635918,471,7793.61487197876
844,MAN-YI,2024-11-17 07:30:00,430.9459720884827,589.7334317922727,1.3684625683685148,210.07528764442225,244.8159047874343,1.1653722221807146,3346,18097.659215569496,455,7500.459722518921
845,MAN-YI,2024-11-17 08:00:00,433.5147720818359,615.2878324443703,1.419300729914272,195.24148953538588,230.05637050660098,1.178317021930444,3340,16473.61654984951,381,6090.861810684204
846,MAN-YI,2024-11-17 08:30:00,423.6920914925689,647.5932859171409,1.5284526167005346,192.06863716073062,232.04140324560237,1.2081170912428547,4015,20482.421267151833,423,8059.355112075806
847,MAN-YI,2024-11-17 09:00:00,422.9479624349852,641.6493768281777,1.5170882326376245,192.84758738522058,234.88536830755723,1.217984479309888,3940,20223.29978275299,426,8008.603816986084
848,MAN-YI,2024-11-17 09:30:00,420.7939220296778,646.2468727757804,1.5357799600779412,191.76433419440932,215.09293639115032,1.1216524558372232,3908,19740.932890057564,398,7584.776062965393
849,MAN-YI,2024-11-17 10:00:00,418.61989667087255,646.1073034170696,1.54342234699143,190.76923640498526,210.99773894775302,1.1060365021319445,3924,19839.275817871094,385,7795.6988315582275
850,MAN-YI,2024-11-17 10:30:00,424.08373770944945,652.7099233756779,1.539106231474654,188.5925799632723,213.4607937053634,1.1318621005499419,3957,19404.353959202766,379,7336.485785484314
851,MAN-YI,2024-11-17 11:00:00,424.37865057353054,652.5365979011541,1.5376282407686526,188.18470889214083,213.59976829747052,1.1350537966392122,3958,19365.518692731857,378,7303.003542900085
852,MAN-YI,2024-11-17 11:30:00,426.1915387921403,648.7112244670076,1.5221119271994552,184.53881381989333,203.66585760134663,1.1036478092902442,3944,18924.488433480263,359,7045.32577419281
853,MAN-YI,2024-11-17 12:00:00,420.45762330120834,651.1948567139682,1.5487764298364552,182.5367540338337,198.76820233998555,1.088921534690719,3883,18682.140473246574,350,6952.898657798767
854,MAN-YI,2024-11-17 12:30:00,417.41134160747447,623.8550265086877,1.4945809189232508,191.7544617208697,219.914888490472,1.1468566964068525,3705,18037.50664305687,389,6820.395559310913
855,MAN-YI,2024-11-17 13:00:00,413.7237216748874,613.1199410967611,1.4819550075945653,181.4943895782758,220.61424167257653,1.2155430379153827,3589,17341.596810221672,371,6434.087993621826
856,MAN-YI,2024-11-17 13:30:00,409.5228211904128,600.6701839374887,1.4667563145600573,181.52722097730648,229.14823701307574,1.2623353995030933,3411,17241.741406202316,378,6567.150269508362
857,MAN-YI,2024-11-17 14:00:00,432.47121432706535,556.9847198256441,1.2879116606461847,191.60145885558313,202.3079684937142,1.0558790611620548,3329,16380.779546141624,339,6141.957773208618
858,MAN-YI,2024-11-17 14:30:00,445.182773663452,558.652999069791,1.2548845825110893,176.4188248266001,224.62937414952123,1.2732732709806078,3507,17458.06748330593,363,6929.448655128479
859,MAN-YI,2024-11-17 15:00:00,450.71882702138413,557.6382787924002,1.2372198482978882,176.4774838742957,231.77321952939215,1.3133302585755477,3485,17042.46879708767,357,6530.884745597839
860,MAN-YI,2024-11-17 15:30:00,458.5689618528723,577.053446100781,1.2583787698346713,173.9421677174512,242.90003960972848,1.3964413735736,3502,15887.333322644234,333,5816.47149181366
861,MAN-YI,2024-11-17 16:00:00,469.4018911909027,584.2829689844272,1.2447392734231695,185.58496811047857,214.21507154748642,1.1542695172378574,3447,15251.333547472954,313,5291.106579780579
862,MAN-YI,2024-11-17 16:30:00,469.8213170406346,582.4899467659328,1.239811659536837,185.79321983439795,212.94590320657258,1.1461446407806235,3435,15185.72036409378,313,5259.242505073547
863,MAN-YI,2024-11-17 17:00:00,470.8751432053288,580.3757968867271,1.2325471099111478,176.284613311468,238.60246720409094,1.3535070515911418,3390,14631.673567414284,312,4816.798313140869
864,MAN-YI,2024-11-17 17:30:00,465.5870591012174,558.5547884148631,1.1996785080176242,173.54366929087536,242.345395452302,1.3964519503509354,3248,14336.463943243027,297,4656.439211845398
865,MAN-YI,2024-11-17 18:00:00,519.6628095370245,664.3843640047727,1.278491267436824,142.3187296410571,223.16712257252388,1.5680797821577905,2917,12098.59522986412,224,3395.965470314026
866,MAN-YI,2024-11-17 18:30:00,503.0129970501558,621.8428445023898,1.2362361373346067,181.48587256158132,412.6295214740698,2.273617861544871,3667,16487.055098056793,330,4730.145565986633
867,MAN-YI,2024-11-17 19:00:00,502.27520549000184,625.1847817038212,1.2447056411910913,178.6556037635466,410.7200766859562,2.2989487485069215,3665,16280.269110798836,326,4649.008014678955
868,MAN-YI,2024-11-17 19:30:00,503.04514957422896,625.5603956533389,1.2435472167514268,179.76905532920313,401.84041278277346,2.2353147044517683,3661,16204.910514831543,323,4580.139891624451
869,MAN-YI,2024-11-17 20:00:00,506.82501039204317,625.1020625128037,1.2333686177587582,191.02340924864444,370.9064968205587,1.9416808561811847,3665,15705.905501008034,288,3951.862943649292
870,MAN-YI,2024-11-17 20:30:00,507.17823342439254,624.888307807744,1.2320881824690881,193.78743130635647,364.65382233649655,1.8817207074695024,3661,15639.439564585686,287,3920.7921438217163
871,MAN-YI,2024-11-17 21:00:00,508.7684556402696,628.0812106002023,1.234512878377611,209.64533663967566,308.7299582765441,1.4726297432848077,3652,15016.202879548073,232,3073.459517478943
872,MAN-YI,2024-11-17 21:30:00,469.99907298376917,646.9431752917503,1.3764775559761375,149.09694179944066,264.1233143709671,1.771487135707006,3575,15921.97269821167,300,4681.064569473267
873,MAN-YI,2024-11-17 22:00:00,470.32952596216217,647.5291636421133,1.376756354637632,149.05146114981275,258.06838912621805,1.7314046245197814,3565,15816.763947844505,293,4568.892324447632
874,MAN-YI,2024-11-17 22:30:00,469.2039012648094,652.5195629902252,1.3906950927544708,148.3431411579685,255.74046075103377,1.7239790040491167,3544,15718.745826721191,294,4553.9992418289185
875,MAN-YI,2024-11-17 23:00:00,462.5092139363661,643.3742645047979,1.3910517782534697,148.48020332584215,251.98955310370945,1.6971255929028646,3487,15348.453891396523,293,4500.03563785553
876,MAN-YI,2024-11-17 23:30:00,457.3859517648576,646.4791526202296,1.4134215319157495,148.34317140975787,256.8736223744982,1.7316174376840887,3430,15141.81459403038,305,4599.950668334961
877,MAN-YI,2024-11-18 00:00:00,463.38740911239194,658.2123135404265,1.4204363359833532,144.6474033841109,273.19615943744327,1.8887042079280851,3372,14853.816233992577,313,4570.036867141724
878,MAN-YI,2024-11-18 00:30:00,517.9647340769998,646.0182916919376,1.2472244714558123,181.31766139768956,613.7767288192329,3.385090697110935,3532,16829.975753188133,346,6087.218569755554
879,MAN-YI,2024-11-18 01:00:00,506.1705052391785,647.062953018108,1.2783497780305333,180.4362591615834,641.1821217634616,3.5535103905544276,3428,16045.439159035683,339,5408.374341964722
880,MAN-YI,2024-11-18 01:30:00,504.2697739516763,651.0327795294628,1.2910406555357992,203.40289374968174,638.5219249595825,3.1391978412331634,3410,15804.19839334488,349,5230.75057888031
881,MAN-YI,2024-11-18 02:00:00,497.55371828786843,650.7559608325164,1.3079109589851539,204.4394570962566,641.3012495028062,3.136876112916197,3413,16150.151955127716,356,5679.00283241272
882,MAN-YI,2024-11-18 02:30:00,501.2616377006448,664.0007562769497,1.3246590330008294,204.48667338149352,676.0532452402841,3.3060992878446673,3450,16049.679239273071,351,5380.44428062439
883,MAN-YI,2024-11-18 03:00:00,482.12182145322544,616.5551682465447,1.278836884810783,142.95274011461905,317.357615490827,2.220017715199922,3427,15612.83136677742,344,5005.758787155151
884,MAN-YI,2024-11-18 03:30:00,481.5593846910926,618.0263485119441,1.2833855349084102,138.27707004834824,314.55062758917177,2.274785164880827,3427,15551.187396407127,327,4754.268272399902
885,MAN-YI,2024-11-18 04:00:00,479.92800439682856,615.3175672338233,1.2821039022449845,141.974126072737,305.7102808891558,2.1532816531128383,3415,15612.796000599861,331,4785.605127334595
886,MAN-YI,2024-11-18 04:30:00,474.349571021945,607.8971521975111,1.2815383196992212,147.25754164453127,302.53634716663896,2.0544709886366097,3292,15131.565417647362,334,4811.413056373596
887,MAN-YI,2024-11-18 05:00:00,478.28650977454214,606.7993819299869,1.2686943276238811,144.9095510763346,324.00168176848354,2.2358890726105805,3391,15922.490619063377,352,4917.2147970199585
888,MAN-YI,2024-11-18 05:30:00,477.3361845190577,605.3896138724836,1.2682667551852274,144.76503082391625,324.43884035896514,2.241140961407948,3386,15933.283087134361,350,4889.848764419556
889,MAN-YI,2024-11-18 06:00:00,475.5219834001672,598.8254127356903,1.2593012176931428,160.55171533430723,321.12460307078146,2.0001318727870387,3450,17778.37678849697,403,6094.4429359436035
890,MAN-YI,2024-11-18 06:30:00,436.3862211447225,1864.2425620519884,4.272001432954798,155.53555141648587,2654.447762555133,17.066501763620327,2985,14759.384266972542,278,4162.778005599976
891,MAN-YI,2024-11-18 07:00:00,430.2862764664634,1854.1576197235545,4.309125624340156,103.73201864731287,2757.6563497278908,26.5844276982968,2867,12295.798903226852,192,2645.4799671173096
892,MAN-YI,2024-11-18 07:30:00,432.06129652759824,1885.271482861447,4.363435230169984,100.34313423285336,2771.9638447585667,27.62484813685409,2865,12037.46134364605,190,2617.283465385437
893,MAN-YI,2024-11-18 08:00:00,427.46254493427847,1810.079985276006,4.234476228915677,99.89766431301216,2694.005530368384,26.967652836478276,2852,11914.128393173218,188,2573.62956905365
894,MAN-YI,2024-11-18 08:30:00,436.6886027335192,1818.311635982254,4.163863276028387,115.10094750060281,2680.8704253088113,23.29147138684282,2940,12099.067528128624,188,2570.0592498779297
895,MAN-YI,2024-11-18 09:00:00,482.0066316353295,1723.2612042883125,3.5751815248717826,113.84699311647063,2377.358415934323,20.882048360312485,3006,11541.665901303291,156,2225.243872642517
896,MAN-YI,2024-11-18 09:30:00,484.334475312383,1718.569529247653,3.5483113774612414,116.49825715319771,2370.0512909047643,20.34409225356973,3002,11537.100710868835,157,2235.709864616394
897,MAN-YI,2024-11-18 10:00:00,485.7384672555655,1713.4197625458946,3.5274533067697016,116.65901469196847,2363.769192429806,20.262207757121768,3002,11555.150222420692,157,2238.147276878357
898,MAN-YI,2024-11-18 10:30:00,488.9239260180085,1709.4465406939175,3.496344624850595,118.72852608339366,2360.1850296546177,19.878837104377332,3005,11546.906408905983,157,2235.9524688720703
899,MAN-YI,2024-11-18 11:00:00,484.8812042290345,1740.1524121871805,3.5888221630575163,122.4512707620548,2383.673286809736,19.46630093730615,3022,11461.825439810753,156,2176.242648124695
900,MAN-YI,2024-11-18 11:30:00,488.4676286642593,1731.02281070339,3.5437820422961503,123.25876673703601,2369.143882163528,19.220895558836087,3030,11483.789099097252,156,2195.248634338379
901,MAN-YI,2024-11-18 12:00:00,481.11770903298014,1968.5786068263656,4.091677711849549,115.39581352957805,2772.4825202828556,24.02585011952963,3016,11505.395040750504,154,2245.1734476089478
902,MAN-YI,2024-11-18 12:30:00,813.4074677351417,1072.4152834347112,1.3184232085067422,87.59957416488358,164.5528825750774,1.8784666951159743,2910,8515.447920799255,117,1419.1909856796265
903,MAN-YI,2024-11-18 13:00:00,817.0126558283548,1066.838525374114,1.3057796813348794,87.62297838061049,164.52191204345354,1.8776115019602853,2902,8486.736640930176,117,1415.6461734771729
904,MAN-YI,2024-11-18 13:30:00,825.1301234424976,1056.8358128047475,1.2808110900079095,86.09245038857918,166.3047397146532,1.9316994575486364,2898,8454.567612528801,116,1402.2984170913696
905,MAN-YI,2024-11-18 14:00:00,832.466667707663,1050.555318053563,1.2619788380794184,85.91582343667818,166.92271973448584,1.9428635268509014,2904,8434.719833016396,116,1399.148546218872
906,MAN-YI,2024-11-18 14:30:00,838.8100084781476,1039.7322841521275,1.2395325206461376,85.93818508489663,166.87928305891762,1.9418525408007972,2896,8406.871286392212,116,1396.1375970840454
907,MAN-YI,2024-11-18 15:00:00,636.123397517113,909.6278286696252,1.4299549933551263,86.72934701969146,166.69719693409644,1.9220391097404061,2843,7919.7648549079895,112,1331.8999490737915
908,MAN-YI,2024-11-18 15:30:00,504.12400111081837,1037.2591999633119,2.05754774158292,168.452595189183,211.21883981376592,1.2538770303690037,2896,7604.792200803757,107,1101.7518968582153
909,MAN-YI,2024-11-18 16:00:00,509.76360633694964,1047.9030562311991,2.0556647104747245,185.23510740530068,411.09063971132554,2.2192911779506415,2876,7473.9328989982605,104,1065.5591087341309
910,MAN-YI,2024-11-18 16:30:00,516.5469613804107,1064.234084495063,2.060285248123464,184.47671926195625,349.0368803112275,1.8920375519883057,2897,7403.499691486359,106,1084.7109909057617
911,MAN-YI,2024-11-18 17:00:00,516.1090324563643,1067.411791497178,2.0681904876125623,184.60791190945815,385.9498143134911,2.090646117609412,2890,7381.016234636307,105,1074.2576990127563
912,MAN-YI,2024-11-18 17:30:00,533.984590678959,1133.592244183567,2.1228931770151034,187.54627680234077,500.0312297985719,2.6661751879274225,2692,6746.923916220665,95,962.1756477355957
913,MAN-YI,2024-11-18 18:00:00,535.0740643639784,1140.5988317158663,2.131665329493496,180.79225566793613,442.6351220524588,2.44830797877455,2694,6705.381879210472,93,947.0639715194702
914,MAN-YI,2024-11-18 18:30:00,483.6992435524054,1189.1607304381141,2.458471346170866,115.60777216186489,827.581452931789,7.158527817429676,2973,7989.116292834282,102,1035.526954650879
915,MAN-YI,2024-11-18 19:00:00,483.5668350366762,1192.2983018889413,2.465632908424145,115.59941135490823,827.4969845040024,7.158314863416133,2969,7993.737735629082,102,1035.7612352371216
916,MAN-YI,2024-11-18 19:30:00,469.1629303048221,1200.2507610388345,2.5582813208601354,123.39740292120447,775.0302413977834,6.280766232111654,2952,8142.562840104103,105,1066.6821403503418
917,MAN-YI,2024-11-18 20:00:00,466.93822756763154,1202.6639873131003,2.575638309970891,117.73229821862401,775.3964464506637,6.586097937294811,2943,8157.745585203171,105,1067.641053199768
918,MAN-YI,2024-11-18 20:30:00,503.7782411874379,1244.76167190962,2.4708523912736555,123.11404528445537,353.1163863155252,2.8682055365790786,2958,8111.440875649452,100,1020.2213172912598
919,MAN-YI,2024-11-18 21:00:00,530.4366249640152,1330.90202207838,2.5090688678759046,126.72817089835208,413.2597657833726,3.260993691093692,2868,8411.35432934761,110,1132.8031549453735
920,MAN-YI,2024-11-18 21:30:00,511.40506884266523,1361.045978264681,2.6613853893642316,128.97097964458922,763.3715359887902,5.918940354585501,2881,8557.191283941269,113,1188.1285371780396
921,MAN-YI,2024-11-18 22:00:00,484.4481542121778,1368.5762262684234,2.825021035520374,116.41080287460822,1026.4596293955976,8.817563353645442,2936,8759.369588017464,114,1193.5678024291992
922,MAN-YI,2024-11-18 22:30:00,510.5014637357584,1369.9051173289579,2.683449930396349,119.34291297120654,865.3249046757044,7.250743953974637,2964,8723.43461549282,113,1177.7141189575195
923,MAN-YI,2024-11-18 23:00:00,502.7649227006857,1372.7251188618816,2.730351814299328,115.5315564267562,901.2512224755355,7.800909555363742,2949,8638.830985188484,107,1102.4629497528076
924,MAN-YI,2024-11-18 23:30:00,504.49643610319026,1377.8672558914739,2.731173418259075,113.52950063816203,903.8234794811008,7.961133224409513,2961,8486.771008968353,106,1083.4461965560913
925,MAN-YI,2024-11-19 00:00:00,515.3113793797241,1365.8639374232032,2.65056040304656,109.57071221839438,911.7071818710991,8.320719683320963,3008,8605.00207567215,108,1101.9723739624023
926,MAN-YI,2024-11-19 00:30:00,479.62470895396626,1322.1119595189898,2.756555145798132,152.69909047422516,374.0250135353936,2.449425287169767,3221,9485.737523198128,167,1944.5412111282349
927,MAN-YI,2024-11-19 01:00:00,484.3004615663937,1308.8431488085544,2.70254367417967,150.35295946486104,374.4106963090506,2.4902116835056485,3235,9560.757279515266,165,1934.984700202942
928,MAN-YI,2024-11-19 01:30:00,485.58150634033854,1296.3544998219286,2.669694959332586,151.44005339405356,373.4960468823786,2.4662963232753445,3220,9593.42809021473,165,1946.1695728302002
929,MAN-YI,2024-11-19 02:00:00,495.674265131589,1306.7637493433579,2.636335677012488,149.57936361561514,512.9406609144646,3.4292207729443334,3241,9633.403242349625,168,1958.8682441711426
930,MAN-YI,2024-11-19 02:30:00,508.88294867565145,1294.6339899540717,2.5440702883114965,151.35566956828168,468.18716851797694,3.0932912513512334,3240,9661.956498742104,167,1953.0494966506958
931,MAN-YI,2024-11-19 03:00:00,522.4447527035006,1273.3194385416443,2.4372327063341754,148.67991243221508,523.1804686026135,3.518837615949862,3256,9772.203563451767,166,1944.6159973144531
932,MAN-YI,2024-11-19 03:30:00,503.39058163203214,1246.2758727190574,2.4757631910365303,145.75724500430567,661.7828395898107,4.540308370745187,3304,9891.181405425072,166,1903.2750072479248
933,MAN-YI,2024-11-19 04:00:00,533.6801035252647,1243.0745065442,2.3292502349871653,145.16908840216078,638.7553360597611,4.400078164644927,3297,9987.020268201828,166,1927.8838090896606
934,MAN-YI,2024-11-19 04:30:00,576.4923453405446,1227.9038845846037,2.1299569621505663,136.20484347287805,950.1505782988767,6.975894205172444,3265,9775.097331166267,155,1665.5077114105225
935,MAN-YI,2024-11-19 05:00:00,609.4419119217996,1232.8832936923152,2.02297096667436,127.94346561365887,1032.4483992989,8.069567244774326,3279,9855.124134421349,154,1661.5023174285889
936,MAN-YI,2024-11-19 05:30:00,740.4993775586379,1242.7721999818368,1.6782893242653991,132.45386785574726,1008.0008185115813,7.610202969756734,3260,9680.97425687313,149,1569.1559343338013
937,MAN-YI,2024-11-19 06:00:00,726.3666043017538,1226.2113128856079,1.6881438458536322,139.70901034575584,914.5191713017575,6.545885401653572,3228,9716.555917859077,149,1584.8211574554443
938,MAN-YI,2024-11-19 06:30:00,787.8054100451302,1562.6757379008372,1.983580866512856,180.09336602211238,1434.3937814898989,7.9647230387918455,2931,8272.466518759727,110,1104.4609365463257
939,MAN-YI,2024-11-19 07:00:00,794.3805356651272,1560.951169862483,1.9649917133927652,173.08326181760745,1419.49250482958,8.20121189029481,2952,8271.171549677849,111,1114.3925247192383
940,MAN-YI,2024-11-19 07:30:00,786.833947306858,1563.115729402291,1.9865890824264196,174.12057265873702,1471.4697483237117,8.450866694584512,2968,8366.121028661728,111,1115.923511505127
941,MAN-YI,2024-11-19 08:00:00,778.3787027934818,1563.5808323471151,2.008766204336862,170.600330297677,1504.9179213342466,8.82130719623073,2971,8462.338485360146,111,1115.915906906128
942,MAN-YI,2024-11-19 08:30:00,781.5723999372174,1554.3962658118037,1.9888064956447593,158.39063690661317,1494.6099377057471,9.43622657813389,2957,8417.224680066109,112,1126.9028415679932
943,MAN-YI,2024-11-19 09:00:00,800.4517446287722,1506.4644801842599,1.8820178609054257,161.3643303517412,1351.5493259501452,8.375762617451057,3048,8971.534034252167,124,1254.7711305618286
944,MAN-YI,2024-11-19 09:30:00,827.522489595322,1499.1307293271213,1.8115891086660736,201.87068622980104,1343.4390070054133,6.654948433058243,2985,8744.277129650116,116,1172.0350942611694
945,MAN-YI,2024-11-19 10:00:00,825.8881534615132,1490.2092948225147,1.8043718009232317,245.00654193557403,1420.1122843333033,5.796221901318556,2954,8608.787426114082,111,1117.0242595672607
946,MAN-YI,2024-11-19 10:30:00,825.7159410137335,1484.0344320811803,1.7972699306970212,286.2286131722708,1501.840504778688,5.246996406591882,2962,8586.42396724224,106,1067.0003786087036
947,MAN-YI,2024-11-19 11:00:00,860.0613096955241,1476.4833120663582,1.716718675078008,288.8478717696596,1481.2582195155069,5.128160406515732,2957,8572.518987178802,104,1046.8130807876587
948,MAN-YI,2024-11-19 11:30:00,871.5002860664135,1413.6222643433339,1.6220559957861056,267.82500593989573,1272.1529069638664,4.7499407402210725,2996,8565.345486044884,104,1052.3628749847412
949,MAN-YI,2024-11-19 12:00:00,906.299342155218,1385.084363162305,1.5282857426206604,202.90013959949349,966.1883247745442,4.761890882291691,2952,8354.27796626091,100,1015.3073625564575
950,MAN-YI,2024-11-19 12:30:00,968.6796432858349,1734.5383070524413,1.7906212018338217,143.5980876670253,1788.111901165261,12.452198564868883,2877,6345.9825612306595,45,454.8494358062744
951,MAN-YI,2024-11-19 13:00:00,973.0636886162343,1726.905007982539,1.7747091256054564,67.77481714575511,1100.283770835647,16.234404121952604,2928,6462.45790874958,41,414.80586433410645
952,MAN-YI,2024-11-19 13:30:00,986.9600732166434,1754.7770446345764,1.7779615328465177,61.227281290435705,1520.2443115066294,24.829525000387065,2908,6335.393941521645,42,424.82189083099365
953,MAN-YI,2024-11-19 14:00:00,984.6968366335153,1753.6494372086775,1.7809028849976383,61.22693951494864,1520.25609516063,24.829856060165028,2912,6350.61433494091,42,424.8169107437134
954,MAN-YI,2024-11-19 14:30:00,1019.8391604018556,1781.5878010129456,1.7469301730980111,60.405170769331214,1865.661255704052,30.885787291760305,2903,6236.110690355301,44,444.8748369216919
955,MAN-YI,2024-11-19 15:00:00,1059.321150758324,1796.3832081361338,1.6957871622313745,103.10118937513077,2594.487863823246,25.164480444384107,2895,6275.210333108902,54,544.9437017440796
956,MAN-YI,2024-11-19 15:30:00,1074.4821041744515,1986.9010756467785,1.849170933538588,418.4761754032611,2786.6192756987916,6.658967557743239,2652,4935.379321813583,18,180.1320915222168
957,MAN-YI,2024-11-19 16:00:00,1062.1680865748106,1990.8777808095538,1.8743528505262907,418.47839968509476,2786.6206882595015,6.65893553969913,2646,4891.764497637749,18,180.1327486038208
958,MAN-YI,2024-11-19 16:30:00,1205.1510697253475,1939.7055081465667,1.6095123315856341,2224.769394083989,3625.2641309542955,1.6295010802442897,2637,4945.276059150696,23,230.26811027526855
959,MAN-YI,2024-11-19 17:00:00,1206.888766995052,1938.8388754250225,1.606476858884353,2224.7648215266745,3625.2509539399703,1.6294985064768577,2641,4950.349316000938,23,230.26839447021484
960,MAN-YI,2024-11-19 17:30:00,1207.91958053601,1953.3654817351269,1.617132061778754,2180.9271751626598,3350.04342279325,1.536063863546197,2648,4945.986996412277,27,270.2877502441406
961,MAN-YI,2024-11-19 18:00:00,1206.6868423529986,1952.0389696438558,1.6176848053115789,2135.179331616259,3263.526276652764,1.5284553518895216,2653,4945.025317788124,26,260.2898578643799
962,MAN-YI,2024-11-19 18:30:00,1435.2119806884657,1702.8023842386408,1.1864466065994042,1410.1785867198848,2811.6509867178647,1.9938261814468778,2369,4232.22073495388,31,318.8429079055786
963,MAN-YI,2024-11-19 19:00:00,1438.55608903617,1751.6887922743576,1.2176715288508388,1341.4105012500422,2937.2117103657406,2.189644189924405,2366,4174.0307738780975,27,278.8126335144043
964,MAN-YI,2024-11-19 19:30:00,1434.64941053355,1751.6577966914467,1.2209657522111965,1341.3996494593932,2937.151644768509,2.189617125628614,2363,4175.912853002548,27,278.8141145706177
965,MAN-YI,2024-11-19 20:00:00,1439.1945511619174,1780.8138854962301,1.2373684183688085,1207.3476009756407,2933.8082143849915,2.429961522277611,2350,4133.237285494804,24,244.72058010101318
966,MAN-YI,2024-11-19 20:30:00,1435.4980423830589,1779.771260778278,1.2398284137146525,1207.3466128595333,2933.8029409501128,2.42995914321701,2349,4136.454893231392,24,244.72203636169434
967,MAN-YI,2024-11-19 21:00:00,1436.895805544677,1787.894902061344,1.2442759559616186,1480.5737528316583,2886.6111185315367,1.9496570927390628,2362,4203.9748948812485,25,254.72300148010254
968,MAN-YI,2024-11-19 21:30:00,1432.113588886836,1785.7541125594075,1.2469360855289773,1480.564698287308,2886.6064854543774,1.9496658868022134,2364,4210.712850570679,25,254.72477340698242
969,MAN-YI,2024-11-19 22:00:00,1429.158634635675,1784.9839116300911,1.2489753540096848,1480.5573633461754,2886.603975964978,1.9496738508267086,2362,4213.068659067154,25,254.72551822662354
970,MAN-YI,2024-11-19 22:30:00,1425.6829143786645,1784.8422693819534,1.2519209225143975,1480.5502262136406,2886.6018286471776,1.9496817990628874,2371,4226.71027970314,25,254.7261552810669
971,MAN-YI,2024-11-19 23:00:00,1422.3287081363605,1784.3259816735806,1.2545102770312035,1207.3108059464548,2933.786035807673,2.430017209618007,2372,4227.83623611927,24,244.7270746231079
972,MAN-YI,2024-11-19 23:30:00,1417.4255706269485,1783.7050681895703,1.2584118031683384,1207.3095191171217,2933.7840721963703,2.43001817325335,2372,4232.975878834724,24,244.72749996185303
973,MAN-YI,2024-11-20 00:00:00,1410.6398349591782,1780.1223622725777,1.2619254881059634,1231.4902186628326,2966.8496684729284,2.4091540667650357,2380,4242.257427930832,23,234.72847175598145
