typhoon_name,time,field_index,lat,lon_180,WND,PRES,move_dir_deg,geo_rain_max_mmhr,geo_rain_p95_mmhr_nonzero,geo_area_10_km2,geo_area_20_km2,geo_volume_proxy_mm_km2,geo_max_rain_lon,geo_max_rain_lat
KONG-REY,2024-10-24 18:00:00,0,12.800000190734863,146.5,15.0,1000.0,300.38616943359375,36.69155502319336,2.5163393020629883,27465.737664063192,5445.138639725741,974351.2443279453,146.5,12.5
KONG-REY,2024-10-24 18:30:00,1,12.866666793823242,146.38333129882812,15.250000000008084,999.833333333328,300.38616943359375,39.071041107177734,2.551360845565796,26615.626906257123,6533.553534882578,976607.1664250768,146.3,12.6
KONG-REY,2024-10-24 19:00:00,2,12.933333396911621,146.26666259765625,15.499999999983832,999.6666666666774,300.39288330078125,37.8637580871582,2.5831680297851562,26847.53965442936,5926.110519853909,975720.9104412365,146.2,12.6
KONG-REY,2024-10-24 19:30:00,3,13.0,146.14999389648438,15.749999999991916,999.5000000000052,300.3996276855469,37.776268005371094,2.5378262996673584,27440.206917085645,7979.793028898439,990206.7902943329,146.10000000000002,12.7
KONG-REY,2024-10-24 20:00:00,4,13.066666603088379,146.03334045410156,16.0,999.3333333333334,300.4064025878906,38.14757537841797,2.548196792602539,27435.029850582658,7856.048631672402,980908.0496432706,146.0,12.8
KONG-REY,2024-10-24 20:30:00,5,13.133333206176758,145.9166717529297,16.250000000008086,999.1666666666612,300.4132080078125,40.087894439697266,2.550837278366089,27185.717966233296,5558.260833514365,972164.5914953751,145.8,12.9
KONG-REY,2024-10-24 21:00:00,6,13.199999809265137,145.8000030517578,16.50000000001617,998.9999999999892,300.4200744628906,40.384300231933594,2.5542521476745605,28389.960540190747,6040.804079059636,993968.274715789,145.7,13.0
KONG-REY,2024-10-24 21:30:00,7,13.266666412353516,145.68333435058594,16.749999999991914,998.8333333333388,300.4269714355469,32.7894172668457,2.686309814453125,28261.555105850974,5676.729590046552,1044848.4522784776,145.60000000000002,13.0
KONG-REY,2024-10-24 22:00:00,8,13.333333015441895,145.56666564941406,17.0,998.6666666666666,300.43389892578125,29.894590377807617,2.6972925662994385,29336.914666246717,8087.550658208544,1071899.1093642467,145.39999999999998,13.1
KONG-REY,2024-10-24 22:30:00,9,13.399999618530273,145.4499969482422,17.250000000008086,998.4999999999948,300.44085693359375,32.5938720703125,2.704054117202759,30775.39284715901,7963.024697693684,1088105.926363944,144.7,13.5
KONG-REY,2024-10-24 23:00:00,10,13.466666221618652,145.3333282470703,17.50000000001617,998.3333333333226,300.4478759765625,33.11648941040039,2.7318403720855713,31009.771008067575,9288.895609383319,1105555.5521681504,144.60000000000002,13.5
KONG-REY,2024-10-24 23:30:00,11,13.533333778381348,145.21665954589844,17.750000000024254,998.1666666666504,300.45489501953125,33.70043182373047,2.8444387912750244,31369.305574755093,8443.834404879246,1116255.1250999272,145.0,13.0
KONG-REY,2024-10-25 00:00:00,12,13.600000381469727,145.10000610351562,18.0,998.0,300.46197509765625,35.709083557128906,2.794400691986084,30879.342516764616,8682.951855076597,1104776.6844298402,144.89999999999998,13.1
KONG-REY,2024-10-25 00:30:00,13,13.691666603088379,144.9583282470703,18.0,998.0,303.6745300292969,35.581764221191406,2.7730884552001953,30642.86480647983,7601.161465363466,1086746.1129076222,144.7,13.1
KONG-REY,2024-10-25 01:00:00,14,13.783333778381348,144.81666564941406,18.0,998.0,303.6849365234375,35.613121032714844,2.7452077865600586,30148.94592691247,7116.949317326746,1084145.1720034606,144.60000000000002,13.2
KONG-REY,2024-10-25 01:30:00,15,13.875,144.6750030517578,18.0,998.0,303.6954345703125,35.522918701171875,2.7116575241088867,30013.486708055912,7956.537414746108,1081646.6501428417,144.5,13.3
KONG-REY,2024-10-25 02:00:00,16,13.966666221618652,144.53334045410156,18.0,998.0,303.70599365234375,32.66096878051758,2.6671388149261475,28921.48642910372,7351.141859190511,1072206.319850592,144.3,13.7
KONG-REY,2024-10-25 02:30:00,17,14.058333396911621,144.39166259765625,18.0,998.0,303.71661376953125,35.03531265258789,2.676013708114624,31701.983139096385,7349.306237670726,1091788.6971570856,144.2,13.8
KONG-REY,2024-10-25 03:00:00,18,14.149999618530273,144.25,18.0,998.0,303.7273254394531,28.555334091186523,2.5905003547668457,28539.497755834254,3129.0822026841884,1041113.4895057046,144.10000000000002,13.9
KONG-REY,2024-10-25 03:30:00,19,14.241666793823242,144.10833740234375,18.0,998.0,303.73809814453125,23.73958396911621,2.4947047233581543,19977.68603069867,962.1290573323631,961028.6785545824,144.0,13.9
KONG-REY,2024-10-25 04:00:00,20,14.333333015441895,143.96665954589844,18.0,998.0,303.74896240234375,30.060497283935547,2.46939754486084,21400.42580349783,4206.18333813233,975814.6081835618,143.8,14.1
KONG-REY,2024-10-25 04:30:00,21,14.425000190734863,143.8249969482422,18.0,998.0,303.7598876953125,29.13425636291504,2.4147865772247314,23291.9078434957,2642.3795792633387,960891.1246371521,143.8,14.2
KONG-REY,2024-10-25 05:00:00,22,14.516666412353516,143.68333435058594,18.0,998.0,303.7708740234375,27.17074203491211,2.337226629257202,24480.082986939928,2882.5344137777047,955669.7995001391,143.7,14.2
KONG-REY,2024-10-25 05:30:00,23,14.608333587646484,143.5416717529297,18.0,998.0,303.7819519042969,24.482036590576172,2.300644874572754,25194.097096751444,3843.764272522517,955108.8730310001,143.5,14.3
KONG-REY,2024-10-25 06:00:00,24,14.699999809265137,143.39999389648438,18.0,998.0,303.7931213378906,22.696697235107422,2.274848461151123,23639.721191168865,2520.3621562069557,938051.4948761231,143.2,14.6
KONG-REY,2024-10-25 06:30:00,25,14.75,143.25833129882812,18.0,998.0,290.06634521484375,19.821636199951172,2.184335708618164,21359.74251922321,0.0,920832.6055226111,143.3,14.8
KONG-REY,2024-10-25 07:00:00,26,14.800000190734863,143.11666870117188,18.0,998.0,290.0706481933594,21.099281311035156,2.2494239807128906,21359.040063099856,359.5405256989032,929506.1608219243,143.10000000000002,14.7
KONG-REY,2024-10-25 07:30:00,27,14.850000381469727,142.97500610351562,18.0,998.0,290.0749816894531,21.617761611938477,2.2461447715759277,23999.45195644153,599.0499254369754,930902.1748412176,142.60000000000002,14.9
KONG-REY,2024-10-25 08:00:00,28,14.899999618530273,142.8333282470703,18.0,998.0,290.0793151855469,25.916248321533203,2.197204828262329,25322.2306332108,1078.0679953259512,926671.699598858,142.60000000000002,14.8
KONG-REY,2024-10-25 08:30:00,29,14.949999809265137,142.69166564941406,18.0,998.0,290.0836486816406,37.60905838012695,2.2044191360473633,20781.378051374577,121.3026407225096,897224.7049456941,132.3,11.8
KONG-REY,2024-10-25 09:00:00,30,15.0,142.5500030517578,18.0,998.0,290.0880126953125,26.34882164001465,2.2151975631713867,22104.744736460132,363.8635082756264,896660.6411909148,132.2,11.9
KONG-REY,2024-10-25 09:30:00,31,15.050000190734863,142.40834045410156,18.0,998.0,290.0924072265625,40.32170104980469,2.2277989387512207,21134.405046178996,242.64858667611327,892094.4569615616,132.0,11.9
KONG-REY,2024-10-25 10:00:00,32,15.100000381469727,142.26666259765625,18.0,998.0,290.0968017578125,24.993122100830078,2.1727852821350098,27616.015912139006,242.47167039572378,901386.7462457948,131.89999999999998,12.0
KONG-REY,2024-10-25 10:30:00,33,15.149999618530273,142.125,18.0,998.0,290.1011962890625,31.398784637451172,2.184568405151367,33841.5914982415,10434.029402644923,987227.15180145,141.2,14.5
KONG-REY,2024-10-25 11:00:00,34,15.199999809265137,141.98333740234375,18.0,998.0,290.1056213378906,36.01060104370117,2.295982837677002,36122.893408860196,15599.724196341947,1046259.0745537751,141.7,14.7
KONG-REY,2024-10-25 11:30:00,35,15.25,141.84165954589844,18.0,998.0,290.1100769042969,36.41946792602539,2.2798547744750977,35756.762679055006,16557.27793038339,1047505.9987107184,141.5,14.7
KONG-REY,2024-10-25 12:00:00,36,15.300000190734863,141.6999969482422,18.0,998.0,290.1145324707031,35.84103775024414,2.3177671432495117,36341.78614852035,16188.936665798283,1075111.3268805502,141.3,15.1
KONG-REY,2024-10-25 12:30:00,37,15.391666412353516,141.52499389648438,18.0,998.0,298.5328674316406,27.27020835876465,2.235548734664917,22655.992880952697,1551.689634761522,942565.8572922556,141.0,15.6
KONG-REY,2024-10-25 13:00:00,38,15.483333587646484,141.35000610351562,18.0,998.0,298.5436096191406,31.83095932006836,2.182776689529419,25176.088105820447,3581.0341922355797,951658.4677292093,141.0,15.6
KONG-REY,2024-10-25 13:30:00,39,15.574999809265137,141.1750030517578,18.0,998.0,298.55438232421875,26.138364791870117,2.2052481174468994,20539.210372531496,1312.9201542900869,967190.6616296964,140.5,15.6
KONG-REY,2024-10-25 14:00:00,40,15.666666984558105,141.0,18.0,998.0,298.56524658203125,22.900100708007812,2.253450870513916,20093.288872496327,596.7236757939321,965439.0019758649,140.3,15.7
KONG-REY,2024-10-25 14:30:00,41,15.758333206176758,140.8249969482422,18.0,998.0,298.576171875,22.934215545654297,2.262716054916382,24394.362873113452,954.617708661781,1003021.4825273755,140.2,15.6
KONG-REY,2024-10-25 15:00:00,42,15.850000381469727,140.64999389648438,18.0,998.0,298.587158203125,22.009552001953125,2.2197976112365723,29321.38492403656,954.4426746469749,1010325.3058106622,140.0,15.7
KONG-REY,2024-10-25 15:30:00,43,15.941666603088379,140.47500610351562,18.0,998.0,298.5982360839844,20.38730812072754,2.222626209259033,33634.118883646646,239.05283195925222,1030082.2839917588,140.5,14.9
KONG-REY,2024-10-25 16:00:00,44,16.03333282470703,140.3000030517578,18.0,998.0,298.609375,22.513185501098633,2.2044179439544678,33006.60961509489,1432.4229233709914,1017140.158504155,140.0,15.7
KONG-REY,2024-10-25 16:30:00,45,16.125,140.125,18.0,998.0,298.6205749511719,22.50585174560547,2.2015373706817627,31797.311763645004,717.5089363824645,1007451.5523722807,140.10000000000002,15.1
KONG-REY,2024-10-25 17:00:00,46,16.21666717529297,139.9499969482422,18.0,998.0,298.6318359375,25.606645584106445,2.2481064796447754,40397.85801651282,4065.2737757378122,1066936.974044613,139.8,15.9
KONG-REY,2024-10-25 17:30:00,47,16.308332443237305,139.77499389648438,18.0,998.0,298.6431884765625,25.727048873901367,2.3095543384552,38357.002266703406,2505.6277327190464,1053683.663860914,139.60000000000002,16.0
KONG-REY,2024-10-25 18:00:00,48,16.399999618530273,139.60000610351562,18.0,998.0,298.65460205078125,28.949220657348633,2.310255527496338,40372.12709003549,5249.76888360517,1076211.3555532813,139.39999999999998,15.9
KONG-REY,2024-10-25 18:30:00,49,16.399999618530273,139.4166717529297,18.0,998.0,270.02587890625,30.666074752807617,3.0186524391174316,38933.09469214032,4880.997481324818,1275768.4179104092,139.7,16.0
KONG-REY,2024-10-25 19:00:00,50,16.399999618530273,139.23333740234375,18.0,998.0,270.02587890625,28.181209564208984,2.986428737640381,35814.45649798507,4642.571904830331,1275297.3801855245,139.60000000000002,16.0
KONG-REY,2024-10-25 19:30:00,51,16.399999618530273,139.0500030517578,18.0,998.0,270.02587890625,28.03740692138672,3.034517765045166,34253.697368638364,3809.148410281242,1289724.1404538436,139.39999999999998,16.0
KONG-REY,2024-10-25 20:00:00,52,16.399999618530273,138.86666870117188,18.0,998.0,270.02587890625,29.759721755981445,3.009549617767334,44197.24258296111,5475.498527178026,1312070.037957466,139.2,16.1
KONG-REY,2024-10-25 20:30:00,53,16.399999618530273,138.68333435058594,18.0,998.0,270.02587890625,32.7066650390625,3.0597360134124756,50667.35849150203,7633.137147577452,1346531.4155271107,139.0,16.1
KONG-REY,2024-10-25 21:00:00,54,16.399999618530273,138.5,18.0,998.0,270.02587890625,33.236793518066406,2.906512975692749,50311.91241945776,8103.166028177205,1334237.2810243426,139.0,16.3
KONG-REY,2024-10-25 21:30:00,55,16.399999618530273,138.31666564941406,18.0,998.0,270.02587890625,30.297555923461914,2.8378398418426514,50809.559005266194,6917.671637430276,1312462.1295082609,138.8,16.4
KONG-REY,2024-10-25 22:00:00,56,16.399999618530273,138.13333129882812,18.0,998.0,270.02587890625,29.707056045532227,2.7849929332733154,45979.04904015467,5512.7739345714745,1282084.1199101324,137.0,14.9
KONG-REY,2024-10-25 22:30:00,57,16.399999618530273,137.9499969482422,18.0,998.0,270.02587890625,32.705055236816406,2.8118247985839844,43651.99865303772,7192.569643522906,1309196.8571115686,136.8,14.8
KONG-REY,2024-10-25 23:00:00,58,16.399999618530273,137.76666259765625,18.0,998.0,270.02587890625,38.48324203491211,2.8612730503082275,43657.275532682484,5753.598342897617,1297717.1074739136,136.7,14.8
KONG-REY,2024-10-25 23:30:00,59,16.399999618530273,137.5833282470703,18.0,998.0,270.02587890625,38.65460205078125,2.8237833976745605,41850.629882762674,7790.357067194471,1295900.5062278453,136.5,14.8
KONG-REY,2024-10-26 00:00:00,60,16.399999618530273,137.39999389648438,18.0,998.0,270.02587890625,40.83572769165039,2.6691129207611084,42565.08215660261,13306.123835460563,1280745.057308271,136.3,14.8
KONG-REY,2024-10-26 00:30:00,61,16.40833282470703,137.3000030517578,18.0,998.0,274.9789123535156,26.38064193725586,2.0914745330810547,43119.01515350438,3470.516980530183,1046962.2254207431,135.39999999999998,14.8
KONG-REY,2024-10-26 01:00:00,62,16.41666603088379,137.1999969482422,18.0,998.0,274.9791259765625,27.042478561401367,2.080975294113159,42881.89270978376,3470.1238585814626,1048037.0699827923,135.3,14.8
KONG-REY,2024-10-26 01:30:00,63,16.424999237060547,137.10000610351562,18.0,998.0,274.9793395996094,27.749462127685547,2.081134557723999,42648.894371129485,3590.0481334975625,1050907.2889045451,135.2,14.8
KONG-REY,2024-10-26 02:00:00,64,16.433332443237305,137.0,18.0,998.0,274.97955322265625,28.54322052001953,2.1132102012634277,43124.026677867005,2992.2341006894667,1049683.293054075,135.10000000000002,14.8
KONG-REY,2024-10-26 02:30:00,65,16.441667556762695,136.89999389648438,18.0,998.0,274.97979736328125,28.639968872070312,2.123351573944092,42998.90953246736,2872.8732535549516,1046599.0594095137,135.0,14.8
KONG-REY,2024-10-26 03:00:00,66,16.450000762939453,136.8000030517578,18.0,998.0,274.9800109863281,28.013626098632812,2.1574559211730957,42168.70760504952,3113.054390438301,1052307.8459618648,134.89999999999998,14.8
KONG-REY,2024-10-26 03:30:00,67,16.45833396911621,136.6999969482422,18.0,998.0,274.980224609375,27.067302703857422,2.151620626449585,42181.89774009115,2874.1605684202723,1056043.011667691,134.8,14.8
KONG-REY,2024-10-26 04:00:00,68,16.46666717529297,136.60000610351562,18.0,998.0,274.9804382324219,25.00535774230957,2.147257089614868,42543.770826208274,2872.195684499088,1074070.1813730085,134.7,14.8
KONG-REY,2024-10-26 04:30:00,69,16.475000381469727,136.5,18.0,998.0,274.98065185546875,26.144649505615234,2.1791951656341553,42303.404437907215,4184.395219003391,1094188.4957594748,134.3,15.3
KONG-REY,2024-10-26 05:00:00,70,16.483333587646484,136.39999389648438,18.0,998.0,274.98089599609375,30.775346755981445,2.1517136096954346,41596.347364065434,6812.185054259332,1104143.9377892702,134.39999999999998,15.4
KONG-REY,2024-10-26 05:30:00,71,16.491666793823242,136.3000030517578,18.0,998.0,274.9811096191406,31.637832641601562,2.188062906265259,41592.516221014244,6213.239067703743,1098461.233248215,134.3,15.4
KONG-REY,2024-10-26 06:00:00,72,16.5,136.1999969482422,18.0,998.0,274.9813232421875,30.749605178833008,2.1610355377197266,41231.00728541423,5973.841259959507,1086183.6257204316,134.2,15.4
KONG-REY,2024-10-26 06:30:00,73,16.516666412353516,136.0749969482422,18.0,998.0,277.93487548828125,24.827722549438477,2.402188301086426,43387.006932505225,6095.85733585219,1149272.1527162788,136.2,15.4
KONG-REY,2024-10-26 07:00:00,74,16.53333282470703,135.9499969482422,18.0,998.0,277.935546875,28.452529907226562,2.34490704536438,41866.13306062149,8494.777060248347,1168010.0257401844,134.8,15.0
KONG-REY,2024-10-26 07:30:00,75,16.549999237060547,135.8249969482422,18.0,998.0,277.9362487792969,29.916128158569336,2.330695629119873,39351.624705028706,8256.86092282015,1136765.9925292674,134.7,14.9
KONG-REY,2024-10-26 08:00:00,76,16.566667556762695,135.6999969482422,18.0,998.0,277.93695068359375,31.650972366333008,2.301513910293579,37797.12319221009,8019.230682245468,1124027.7671602922,134.8,14.9
KONG-REY,2024-10-26 08:30:00,77,16.58333396911621,135.5749969482422,18.0,998.0,277.9376525878906,31.53650665283203,2.2818403244018555,37553.97044371195,6822.58735580491,1112352.8094094663,134.60000000000002,14.9
KONG-REY,2024-10-26 09:00:00,78,16.600000381469727,135.4499969482422,18.0,998.0,277.9383239746094,32.178279876708984,2.292764186859131,36602.065847494356,9456.613465890865,1135179.3057255554,134.3,15.1
KONG-REY,2024-10-26 09:30:00,79,16.616666793823242,135.3249969482422,18.0,998.0,277.93902587890625,32.57173538208008,2.325385332107544,36828.29744133745,11126.213969760256,1151309.6635167648,134.2,15.1
KONG-REY,2024-10-26 10:00:00,80,16.633333206176758,135.1999969482422,18.0,998.0,277.9397277832031,32.94930648803711,2.3310840129852295,37893.38747292533,14825.990188445277,1168898.0735399819,133.60000000000002,15.4
KONG-REY,2024-10-26 10:30:00,81,16.649999618530273,135.0749969482422,18.0,998.0,277.9404296875,33.32506561279297,2.3396637439727783,37764.7824633043,16016.306994497758,1177408.1773043661,133.3,15.0
KONG-REY,2024-10-26 11:00:00,82,16.66666603088379,134.9499969482422,18.0,998.0,277.9411315917969,34.984832763671875,2.2546591758728027,37288.59557649858,14824.266064469117,1164325.037097927,133.2,15.0
KONG-REY,2024-10-26 11:30:00,83,16.683332443237305,134.8249969482422,18.0,998.0,277.9418029785156,33.76605224609375,2.240346908569336,36807.16384542431,15416.093086702575,1164779.504171658,133.10000000000002,15.1
KONG-REY,2024-10-26 12:00:00,84,16.700000762939453,134.6999969482422,18.0,998.0,277.9425048828125,32.720428466796875,2.311600685119629,36917.26076991831,14575.58622005662,1170238.8137508647,133.0,15.2
KONG-REY,2024-10-26 12:30:00,85,16.700000762939453,134.59165954589844,18.0,998.0,270.01556396484375,36.70071029663086,2.281208038330078,40628.13641204985,17195.25400686877,1197504.4530911825,132.8,15.9
KONG-REY,2024-10-26 13:00:00,86,16.700000762939453,134.48333740234375,18.0,998.0,270.01556396484375,36.35655975341797,2.2684216499328613,42436.89432856461,20668.641023255142,1216295.0326294468,132.7,15.9
KONG-REY,2024-10-26 13:30:00,87,16.700000762939453,134.375,18.0,998.0,270.01556396484375,36.52204513549805,2.2312021255493164,41122.53695322409,22465.319923819006,1200285.055484281,132.60000000000002,15.9
KONG-REY,2024-10-26 14:00:00,88,16.700000762939453,134.26666259765625,18.0,998.0,270.01556396484375,36.765926361083984,2.1928353309631348,40414.70088612485,19359.576692727733,1174417.1135529054,132.5,15.8
KONG-REY,2024-10-26 14:30:00,89,16.700000762939453,134.15834045410156,18.0,998.0,270.01556396484375,36.45867919921875,2.18985652923584,40414.46532750112,19599.25092622717,1175644.9944198926,132.39999999999998,15.8
KONG-REY,2024-10-26 15:00:00,90,16.700000762939453,134.0500030517578,18.0,998.0,270.01556396484375,39.773826599121094,2.197202444076538,40286.81728280999,15639.920202083487,1178559.584720846,132.3,15.8
KONG-REY,2024-10-26 15:30:00,91,16.700000762939453,133.94166564941406,18.0,998.0,270.01556396484375,41.20068359375,2.214141607284546,38360.60348038681,11339.505791875234,1158920.0354168375,132.5,15.4
KONG-REY,2024-10-26 16:00:00,92,16.700000762939453,133.8333282470703,18.0,998.0,270.01556396484375,40.72650146484375,2.292146921157837,39694.80390270096,14577.664510933973,1196580.7010129911,132.3,15.5
KONG-REY,2024-10-26 16:30:00,93,16.700000762939453,133.72500610351562,18.0,998.0,270.01556396484375,46.17146301269531,2.2773597240448,39569.26577386602,13619.095955426683,1171785.0144047057,132.10000000000002,15.5
KONG-REY,2024-10-26 17:00:00,94,16.700000762939453,133.61666870117188,18.0,998.0,270.01556396484375,46.85078048706055,2.340087413787842,39930.69436998263,14343.38032861355,1174058.2029925424,132.0,15.5
KONG-REY,2024-10-26 17:30:00,95,16.700000762939453,133.50833129882812,18.0,998.0,270.01556396484375,48.10485076904297,2.300596237182617,39239.556488669536,14357.32191784666,1152460.8916165142,131.89999999999998,15.5
KONG-REY,2024-10-26 18:00:00,96,16.700000762939453,133.39999389648438,18.0,998.0,270.01556396484375,46.507198333740234,2.2792720794677734,39861.78571207786,18439.20384098948,1200344.1796054922,131.8,15.5
KONG-REY,2024-10-26 18:30:00,97,16.700000762939453,133.3333282470703,18.0,998.0,270.00958251953125,38.955848693847656,2.096747398376465,37073.53105520326,10289.073568012078,1103699.4567643215,132.89999999999998,15.3
KONG-REY,2024-10-26 19:00:00,98,16.700000762939453,133.26666259765625,18.0,998.0,270.00958251953125,41.218814849853516,2.1044580936431885,37194.24847082816,10527.793078150833,1104909.6533551568,132.8,15.3
KONG-REY,2024-10-26 19:30:00,99,16.700000762939453,133.1999969482422,18.0,998.0,270.00958251953125,40.173500061035156,2.0741052627563477,36715.49149013833,9331.057117418623,1093877.3385614816,132.8,15.3
KONG-REY,2024-10-26 20:00:00,100,16.700000762939453,133.13333129882812,18.0,998.0,270.00958251953125,40.0431022644043,1.9946368932724,36596.554332382846,9690.639582518172,1073523.6320536488,132.7,15.2
KONG-REY,2024-10-26 20:30:00,101,16.700000762939453,133.06666564941406,18.0,998.0,270.00958251953125,41.64263153076172,1.9995133876800537,35999.18444776331,9929.19425786578,1077130.5463012725,132.60000000000002,15.3
KONG-REY,2024-10-26 21:00:00,102,16.700000762939453,133.0,18.0,998.0,270.00958251953125,38.762264251708984,2.041127920150757,35402.01807572795,8852.884733992358,1074365.691694722,132.60000000000002,15.3
KONG-REY,2024-10-26 21:30:00,103,16.700000762939453,132.93333435058594,18.0,998.0,270.00958251953125,40.25956344604492,2.0427300930023193,36002.307148763255,8853.54662108546,1075208.9254157406,132.5,15.3
KONG-REY,2024-10-26 22:00:00,104,16.700000762939453,132.86666870117188,18.0,998.0,270.00958251953125,43.130985260009766,2.0585455894470215,37086.37728913221,7417.501843258339,1080516.463280871,132.39999999999998,15.3
KONG-REY,2024-10-26 22:30:00,105,16.700000762939453,132.8000030517578,18.0,998.0,270.00958251953125,49.54530715942383,2.0367014408111572,36472.03155037208,11470.325522848016,1085215.0134419142,132.39999999999998,15.2
KONG-REY,2024-10-26 23:00:00,106,16.700000762939453,132.73333740234375,18.0,998.0,270.00958251953125,50.827518463134766,2.062312364578247,36358.075428735225,10757.148876851192,1074161.303344531,132.3,15.2
KONG-REY,2024-10-26 23:30:00,107,16.700000762939453,132.6666717529297,18.0,998.0,270.00958251953125,50.29462814331055,2.058462619781494,35760.57754349538,10279.09682895173,1073277.3834454545,132.2,15.2
KONG-REY,2024-10-27 00:00:00,108,16.700000762939453,132.60000610351562,18.0,998.0,270.00958251953125,51.1731071472168,2.067167043685913,35880.17286452731,10398.168132534374,1070527.3876873145,132.2,15.2
KONG-REY,2024-10-27 00:30:00,109,16.700000762939453,132.5500030517578,18.16666666667026,997.7499999999948,270.0071716308594,42.21372985839844,2.318943500518799,47881.52951540147,12530.223497809433,1224146.5340056177,131.8,15.8
KONG-REY,2024-10-27 01:00:00,110,16.700000762939453,132.5,18.33333333334052,997.4999999999892,270.0071716308594,43.04133605957031,2.369175434112549,48844.12132292602,12411.321781819384,1231258.6174297568,131.8,15.8
KONG-REY,2024-10-27 01:30:00,111,16.700000762939453,132.4499969482422,18.50000000001078,997.249999999984,270.0071716308594,42.10273742675781,2.1980183124542236,32592.867954403173,9785.526918797541,1118983.1405009218,131.8,15.6
KONG-REY,2024-10-27 02:00:00,112,16.700000762939453,132.39999389648438,18.66666666665948,997.0000000000108,270.0071716308594,38.91107940673828,2.1343932151794434,29476.59219034574,9901.3449542632,1087912.0963772081,132.0,15.7
KONG-REY,2024-10-27 02:30:00,113,16.700000762939453,132.35000610351562,18.83333333332974,996.7500000000052,270.0071716308594,40.060306549072266,2.103436231613159,29716.422174874515,10020.640546294879,1089581.0233159086,132.0,15.7
KONG-REY,2024-10-27 03:00:00,114,16.700000762939453,132.3000030517578,19.0,996.5,270.0071716308594,39.132564544677734,2.14013409614563,29716.029071131714,10258.822222227525,1090255.4622967916,132.0,15.7
KONG-REY,2024-10-27 03:30:00,115,16.700000762939453,132.25,19.16666666667026,996.2499999999948,270.0071716308594,40.06682205200195,2.089155673980713,30552.101202471466,10377.471301203652,1087720.7141992482,131.89999999999998,15.7
KONG-REY,2024-10-27 04:00:00,116,16.700000762939453,132.1999969482422,19.33333333334052,995.9999999999892,270.0071716308594,38.849422454833984,2.130920886993408,30194.629787311686,10019.348981678057,1087354.2331630478,131.89999999999998,15.7
KONG-REY,2024-10-27 04:30:00,117,16.700000762939453,132.14999389648438,19.49999999998922,995.750000000016,270.0071716308594,40.40478515625,2.089968204498291,30907.921766776366,11328.939734401501,1096942.6557378478,131.8,15.7
KONG-REY,2024-10-27 05:00:00,118,16.700000762939453,132.10000610351562,19.66666666665948,995.5000000000108,270.0071716308594,39.70431900024414,2.1285269260406494,30669.677752005126,11210.068900059308,1098736.3005653848,131.8,15.7
KONG-REY,2024-10-27 05:30:00,119,16.700000762939453,132.0500030517578,19.83333333332974,995.2500000000052,270.0071716308594,40.531654357910156,2.0872600078582764,30907.019376741213,11209.58325758044,1102173.137929823,131.7,15.7
KONG-REY,2024-10-27 06:00:00,120,16.700000762939453,132.0,20.0,995.0,270.0071716308594,38.820579528808594,2.1864054203033447,32474.885461507813,9421.838872496302,1088188.3217972484,131.5,15.6
KONG-REY,2024-10-27 06:30:00,121,16.700000762939453,131.93333435058594,20.25000000000809,994.5833333333198,270.00958251953125,38.85060501098633,2.360527992248535,32664.188367003335,9535.60589382337,1097715.7213681028,131.7,16.0
KONG-REY,2024-10-27 07:00:00,122,16.700000762939453,131.86666870117188,20.49999999998383,994.1666666666936,270.00958251953125,37.60765075683594,2.3627328872680664,31814.662783723412,9771.81681491286,1114814.8340259208,131.5,15.9
KONG-REY,2024-10-27 07:30:00,123,16.700000762939453,131.8000030517578,20.74999999999191,993.7500000000136,270.00958251953125,33.27989959716797,2.2702395915985107,31814.16371141158,9413.900646452084,1070793.0929715685,132.0,16.1
KONG-REY,2024-10-27 08:00:00,124,16.700000762939453,131.73333740234375,21.0,993.3333333333334,270.00958251953125,32.19384002685547,2.213569164276123,32295.610536691234,8581.191083551057,1039256.7557006424,131.89999999999998,16.1
KONG-REY,2024-10-27 08:30:00,125,16.700000762939453,131.6666717529297,21.25000000000809,992.9166666666532,270.00958251953125,32.28910827636719,2.1359975337982178,32898.684880161134,6073.730833947129,1025681.4086436862,131.89999999999998,16.1
KONG-REY,2024-10-27 09:00:00,126,16.700000762939453,131.60000610351562,21.50000000001617,992.499999999973,270.00958251953125,34.22613525390625,2.1710987091064453,33138.55228662452,4879.633703659421,1027592.4928618377,131.8,16.2
KONG-REY,2024-10-27 09:30:00,127,16.700000762939453,131.53334045410156,21.74999999999191,992.0833333333468,270.00958251953125,34.9384651184082,2.1504247188568115,32301.318705124977,5472.418424535896,1027266.3901462917,131.8,16.2
KONG-REY,2024-10-27 10:00:00,128,16.700000762939453,131.46665954589844,22.0,991.6666666666666,270.00958251953125,37.33168029785156,2.224055290222168,31677.891003534703,8326.396014590671,1060006.6858321764,131.7,16.2
KONG-REY,2024-10-27 10:30:00,129,16.700000762939453,131.39999389648438,22.25000000000809,991.2499999999864,270.00958251953125,38.00491714477539,2.294701337814331,34996.903591356866,11781.875965383051,1098730.8830839754,131.5,16.5
KONG-REY,2024-10-27 11:00:00,130,16.700000762939453,131.3333282470703,22.50000000001617,990.8333333333064,270.00958251953125,36.705135345458984,2.289011001586914,34516.78180155919,13094.79252234347,1107078.210819083,131.39999999999998,16.4
KONG-REY,2024-10-27 11:30:00,131,16.700000762939453,131.26666259765625,22.750000000024254,990.4166666666264,270.00958251953125,37.86613845825195,2.2497074604034424,32962.22321450967,12254.85048058891,1085311.7717556534,131.39999999999998,16.4
KONG-REY,2024-10-27 12:00:00,132,16.700000762939453,131.1999969482422,23.0,990.0,270.00958251953125,37.4708251953125,2.2860429286956787,32600.982452414744,11895.036438317204,1070888.5964992738,131.3,16.5
KONG-REY,2024-10-27 12:30:00,133,16.700000762939453,131.14166259765625,23.16666666667026,989.5833333333244,270.0083923339844,37.450992584228516,2.2382524013519287,31067.417363339937,10235.086338174133,1064323.5849442976,131.2,16.5
KONG-REY,2024-10-27 13:00:00,134,16.700000762939453,131.0833282470703,23.33333333334052,989.1666666666488,270.0083923339844,38.21294403076172,2.244286298751831,30590.531834067828,10473.250968841247,1062710.2894138156,131.2,16.5
KONG-REY,2024-10-27 13:30:00,135,16.700000762939453,131.02499389648438,23.50000000001078,988.749999999973,270.0083923339844,39.04277801513672,2.2700674533843994,31413.613611854784,10943.013891802668,1074070.055710429,131.2,16.5
KONG-REY,2024-10-27 14:00:00,136,16.700000762939453,130.96665954589844,23.66666666668104,988.3333333332974,270.0083923339844,39.03804397583008,2.2925772666931152,31530.518868951367,11418.521237772093,1075994.4367375989,131.10000000000002,16.5
KONG-REY,2024-10-27 14:30:00,137,16.700000762939453,130.90834045410156,23.83333333332974,987.9166666666756,270.0083923339844,39.08818817138672,2.288888454437256,31649.550976280778,10702.8035147704,1077047.1189166787,131.10000000000002,16.5
KONG-REY,2024-10-27 15:00:00,138,16.700000762939453,130.85000610351562,24.0,987.5,270.0083923339844,38.268367767333984,2.2617459297180176,31177.070329856604,11536.656799541837,1069484.6973277857,131.10000000000002,16.4
KONG-REY,2024-10-27 15:30:00,139,16.700000762939453,130.7916717529297,24.16666666667026,987.0833333333244,270.0083923339844,43.74606704711914,2.101126194000244,30214.692101283625,10227.533953699105,1011315.4547517332,131.10000000000002,16.5
KONG-REY,2024-10-27 16:00:00,140,16.700000762939453,130.73333740234375,24.33333333334052,986.6666666666488,270.0083923339844,44.25197982788086,2.1039698123931885,31281.3248145096,10582.209118096216,1022032.4510487282,131.2,16.4
KONG-REY,2024-10-27 16:30:00,141,16.700000762939453,130.6750030517578,24.50000000001078,986.249999999973,270.0083923339844,44.14836883544922,2.087178945541382,31868.653462355673,10937.908445538147,1024660.1702883454,131.0,16.5
KONG-REY,2024-10-27 17:00:00,142,16.700000762939453,130.61666870117188,24.66666666665948,985.8333333333512,270.0083923339844,45.081844329833984,2.094996690750122,31867.15243014493,10936.981067323342,1025135.4661416257,130.89999999999998,16.4
KONG-REY,2024-10-27 17:30:00,143,16.700000762939453,130.55833435058594,24.83333333332974,985.4166666666756,270.0083923339844,43.65464401245117,2.1168389320373535,32101.46045501822,12004.982489249287,1046271.1474328205,131.0,16.4
KONG-REY,2024-10-27 18:00:00,144,16.700000762939453,130.5,25.0,985.0,270.0083923339844,45.3285026550293,2.146365165710449,32458.731155857917,12717.44803972066,1055372.217161463,130.8,16.4
KONG-REY,2024-10-27 18:30:00,145,16.700000762939453,130.40834045410156,25.0,985.0,270.01318359375,30.69160270690918,2.0835232734680176,26152.796508354815,3808.252539144842,924080.7888550889,130.8,16.2
KONG-REY,2024-10-27 19:00:00,146,16.700000762939453,130.31666564941406,25.0,985.0,270.01318359375,30.87217140197754,2.123720407485962,26506.76176619841,4046.553809941137,934340.7012255464,130.7,16.2
KONG-REY,2024-10-27 19:30:00,147,16.700000762939453,130.22500610351562,25.0,985.0,270.01318359375,31.15577507019043,2.1239798069000244,24012.238865068954,4046.615056825072,932937.4795736484,130.60000000000002,16.2
KONG-REY,2024-10-27 20:00:00,148,16.700000762939453,130.13333129882812,25.0,985.0,270.01318359375,31.14491081237793,2.126676321029663,24011.52565786183,4165.854480781643,933212.624852194,130.5,16.2
KONG-REY,2024-10-27 20:30:00,149,16.700000762939453,130.0416717529297,25.0,985.0,270.01318359375,32.308719635009766,2.124220371246338,23297.30461138595,4284.979389006747,938821.4156713539,130.39999999999998,16.2
KONG-REY,2024-10-27 21:00:00,150,16.700000762939453,129.9499969482422,25.0,985.0,270.01318359375,32.40031433105469,2.194274663925171,24133.88450440191,4999.52768082701,954944.0901310995,130.39999999999998,16.2
KONG-REY,2024-10-27 21:30:00,151,16.700000762939453,129.85833740234375,25.0,985.0,270.01318359375,30.79906463623047,2.2092370986938477,24492.85706250689,5832.531145262201,968129.5455080136,130.0,16.0
KONG-REY,2024-10-27 22:00:00,152,16.700000762939453,129.76666259765625,25.0,985.0,270.01318359375,29.99141502380371,2.207150936126709,24255.407437395104,4999.169985095265,968740.688954411,129.89999999999998,16.0
KONG-REY,2024-10-27 22:30:00,153,16.700000762939453,129.6750030517578,25.0,985.0,270.01318359375,30.153427124023438,2.227337598800659,26390.07487768511,7969.543604861125,993113.0763044849,130.39999999999998,16.2
KONG-REY,2024-10-27 23:00:00,154,16.700000762939453,129.5833282470703,25.0,985.0,270.01318359375,29.625720977783203,2.2767884731292725,26293.110158577096,4046.623395719662,983071.1103162082,129.7,16.0
KONG-REY,2024-10-27 23:30:00,155,16.700000762939453,129.49166870117188,25.0,985.0,270.01318359375,29.816307067871094,2.2931759357452393,26313.327456643972,3570.862003855661,997671.4469900829,129.60000000000002,16.0
KONG-REY,2024-10-28 00:00:00,156,16.700000762939453,129.39999389648438,25.0,985.0,270.01318359375,29.492292404174805,2.2583224773406982,24767.602088376487,2619.276885014688,977666.1009892636,129.5,16.0
KONG-REY,2024-10-28 00:30:00,157,16.700000762939453,129.35000610351562,25.249999999975746,984.7500000000242,270.0071716308594,36.737937927246094,2.4388182163238525,28913.763257665953,8799.062495918182,1062544.9317486263,129.60000000000002,16.3
KONG-REY,2024-10-28 01:00:00,158,16.700000762939453,129.3000030517578,25.49999999998383,984.500000000016,270.0071716308594,36.058982849121094,2.442490577697754,31502.523139157012,11175.638861493724,1085136.879541218,128.8,16.3
KONG-REY,2024-10-28 01:30:00,159,16.700000762939453,129.25,25.74999999999191,984.250000000008,270.0071716308594,39.81244659423828,2.4221270084381104,33283.17718865785,12245.950973493547,1121487.855409838,128.8,16.5
KONG-REY,2024-10-28 02:00:00,160,16.700000762939453,129.1999969482422,26.0,984.0,270.0071716308594,38.9185791015625,2.447977304458618,33511.29845280083,13196.520652218112,1131940.1489531389,128.8,16.6
KONG-REY,2024-10-28 02:30:00,161,16.700000762939453,129.14999389648438,26.25000000000809,983.749999999992,270.0071716308594,40.65986633300781,2.566680431365967,32452.578411948754,11414.51493503015,1149849.7113459616,128.7,16.5
KONG-REY,2024-10-28 03:00:00,162,16.700000762939453,129.10000610351562,26.49999999998383,983.500000000016,270.0071716308594,37.436737060546875,2.605783224105835,34369.913821088936,12723.320388476974,1175324.9909238585,128.7,16.5
KONG-REY,2024-10-28 03:30:00,163,16.700000762939453,129.0500030517578,26.74999999999191,983.250000000008,270.0071716308594,40.282466888427734,2.573988437652588,32968.48102445289,10821.3475242563,1154992.5478288902,128.7,16.5
KONG-REY,2024-10-28 04:00:00,164,16.700000762939453,129.0,27.0,983.0,270.0071716308594,39.08610916137695,2.5127344131469727,36553.89633267595,11418.779721151055,1156785.005569205,128.7,16.5
KONG-REY,2024-10-28 04:30:00,165,16.700000762939453,128.9499969482422,27.25000000000809,982.749999999992,270.0071716308594,39.23323440551758,2.5058822631835938,37149.08915533262,11773.96694019244,1164333.853094657,128.7,16.5
KONG-REY,2024-10-28 05:00:00,166,16.700000762939453,128.89999389648438,27.50000000001617,982.499999999984,270.0071716308594,37.64371109008789,2.502692699432373,39280.41225260976,12843.682521952253,1175374.5357675373,128.7,16.5
KONG-REY,2024-10-28 05:30:00,167,16.700000762939453,128.85000610351562,27.74999999999191,982.250000000008,270.0071716308594,36.47087860107422,2.467203378677368,41186.509186090654,14508.496777781147,1201909.6482606542,128.2,16.1
KONG-REY,2024-10-28 06:00:00,168,16.700000762939453,128.8000030517578,28.0,982.0,270.0071716308594,36.052406311035156,2.4758100509643555,40948.28153289733,13557.838691649424,1196320.9439664825,128.10000000000002,16.1
KONG-REY,2024-10-28 06:30:00,169,16.70833396911621,128.76666259765625,28.16666666667026,981.8333333333296,284.6334228515625,41.328460693359375,2.724785566329956,44282.70865076961,17271.476822558223,1295281.0455457019,128.39999999999998,16.0
KONG-REY,2024-10-28 07:00:00,170,16.71666717529297,128.73333740234375,28.33333333334052,981.6666666666596,284.634033203125,41.73408126831055,2.712951183319092,43088.8667062966,17032.298193285147,1282751.197938873,128.39999999999998,16.1
KONG-REY,2024-10-28 07:30:00,171,16.725000381469727,128.6999969482422,28.50000000001078,981.4999999999892,284.6346740722656,41.18971252441406,2.693359851837158,43318.682149283515,16554.08985116105,1270896.6991517982,128.39999999999998,16.1
KONG-REY,2024-10-28 08:00:00,172,16.733333587646484,128.6666717529297,28.66666666665948,981.3333333333404,284.6352844238281,41.43789291381836,2.7527341842651367,44154.6661365125,14408.231466582045,1250003.123647781,128.3,16.1
KONG-REY,2024-10-28 08:30:00,173,16.741666793823242,128.63333129882812,28.83333333332974,981.1666666666704,284.6358947753906,39.23080062866211,2.7056009769439697,42128.46223600667,13692.186448768081,1206052.7735683809,128.3,16.2
KONG-REY,2024-10-28 09:00:00,174,16.75,128.60000610351562,29.0,981.0,284.6365051269531,38.41416549682617,2.7295775413513184,43195.005791460324,14642.739431872027,1220611.8623018153,128.2,16.2
KONG-REY,2024-10-28 09:30:00,175,16.758333206176758,128.56666564941406,29.16666666667026,980.8333333333296,284.6371154785156,40.35051345825195,2.6375977993011475,40447.84244071255,13092.514233390126,1180757.8283929054,128.2,16.2
KONG-REY,2024-10-28 10:00:00,176,16.766666412353516,128.53334045410156,29.33333333334052,980.6666666666596,284.6377258300781,40.52882766723633,2.640490770339966,40683.34852298299,12971.10870228935,1176082.8758116253,128.2,16.2
KONG-REY,2024-10-28 10:30:00,177,16.774999618530273,128.5,29.49999999998922,980.5000000000108,284.63836669921875,39.14424133300781,2.6229968070983887,40915.95253179435,12853.07935695523,1173519.4454375205,128.10000000000002,16.2
KONG-REY,2024-10-28 11:00:00,178,16.78333282470703,128.46665954589844,29.66666666665948,980.3333333333404,284.63897705078125,40.72270202636719,2.6224284172058105,40081.650960105464,12851.685537867543,1173178.441550858,128.10000000000002,16.2
KONG-REY,2024-10-28 11:30:00,179,16.79166603088379,128.43333435058594,29.83333333332974,980.1666666666704,284.63958740234375,38.915218353271484,2.6029841899871826,40195.452618035844,11781.060323769507,1153678.5315336352,128.10000000000002,16.2
KONG-REY,2024-10-28 12:00:00,180,16.799999237060547,128.39999389648438,30.0,980.0,284.64019775390625,39.38698196411133,2.5596840381622314,40312.33862451864,11185.698914807788,1142648.4573695746,128.10000000000002,16.3
KONG-REY,2024-10-28 12:30:00,181,16.825000762939453,128.36666870117188,30.25000000000809,979.5833333333198,308.0831298828125,44.685577392578125,3.1160032749176025,53218.1389098838,10828.169781443015,1339600.4687755187,127.89999999999998,16.5
KONG-REY,2024-10-28 13:00:00,182,16.850000381469727,128.3333282470703,30.49999999998383,979.1666666666936,308.0868225097656,44.13620376586914,3.010023355484009,50818.67152108492,11538.452957474983,1303899.0093530386,127.89999999999998,16.5
KONG-REY,2024-10-28 13:30:00,183,16.875,128.3000030517578,30.74999999999191,978.7500000000136,308.0904846191406,41.045753479003906,2.768733263015747,41268.44585669205,10941.123324147502,1225097.8092584938,127.80000000000001,16.4
KONG-REY,2024-10-28 14:00:00,184,16.899999618530273,128.26666259765625,31.0,978.3333333333334,308.09417724609375,38.71451950073242,2.693514823913574,41037.585988888604,11895.879869396933,1211555.3853141319,127.80000000000001,16.5
KONG-REY,2024-10-28 14:30:00,185,16.924999237060547,128.23333740234375,31.25000000000809,977.9166666666532,308.0978698730469,38.82806396484375,2.6487865447998047,39818.36638225922,13080.732122873122,1203904.5705898395,127.69999999999999,16.6
KONG-REY,2024-10-28 15:00:00,186,16.950000762939453,128.1999969482422,31.50000000001617,977.499999999973,308.1015930175781,38.28858947753906,2.580409288406372,39213.33720847542,11886.991961040581,1199544.8583703616,127.69999999999999,16.4
KONG-REY,2024-10-28 15:30:00,187,16.975000381469727,128.1666717529297,31.74999999999191,977.0833333333468,308.10528564453125,41.111873626708984,2.60380220413208,40767.02580075398,13328.375422977522,1192520.9949233043,127.69999999999999,16.4
KONG-REY,2024-10-28 16:00:00,188,17.0,128.13333129882812,32.0,976.6666666666666,308.1090087890625,40.78307342529297,2.571272373199463,40161.984130433695,13564.078608001542,1177076.1424823902,127.60000000000002,16.4
KONG-REY,2024-10-28 16:30:00,189,17.024999618530273,128.10000610351562,32.250000000008086,976.2499999999864,308.1127014160156,40.829078674316406,2.6110873222351074,41590.50961430384,14158.163615768986,1200877.83645031,127.60000000000002,16.4
KONG-REY,2024-10-28 17:00:00,190,17.049999237060547,128.06666564941406,32.50000000001617,975.8333333333064,308.116455078125,44.706085205078125,2.671391248703003,43369.673191339236,15228.301756639532,1242740.517971156,127.60000000000002,16.5
KONG-REY,2024-10-28 17:30:00,191,17.075000762939453,128.03334045410156,32.75000000002425,975.4166666666264,308.12017822265625,43.74168395996094,2.6888561248779297,46934.523037331346,15938.23011198116,1272096.489693563,127.60000000000002,16.5
KONG-REY,2024-10-28 18:00:00,192,17.100000381469727,128.0,33.0,975.0,308.1239013671875,46.64369201660156,2.8882558345794678,55709.93209088549,17243.173454753545,1357652.0796637451,127.5,16.6
KONG-REY,2024-10-28 18:30:00,193,17.133333206176758,127.94166564941406,33.41666666667565,974.1666666666488,300.88427734375,39.412532806396484,2.5846364498138428,39060.452354087276,8192.12048962232,1088634.1868189652,128.39999999999998,16.8
KONG-REY,2024-10-28 19:00:00,194,17.16666603088379,127.88333129882812,33.8333333333513,973.3333333332974,300.8888244628906,40.59068298339844,2.5525870323181152,39051.96082652162,8190.695895490179,1081000.1622323147,128.39999999999998,16.9
KONG-REY,2024-10-28 19:30:00,195,17.200000762939453,127.82499694824219,34.25000000002695,972.499999999946,300.89337158203125,42.89260482788086,2.550647258758545,38331.05745046185,7595.679146714775,1072139.643742784,128.3,16.9
KONG-REY,2024-10-28 20:00:00,196,17.233333587646484,127.76667022705078,34.666666666702596,971.6666666665948,300.8979187011719,37.857852935791016,2.5317649841308594,37969.98863309348,7712.5031962896355,1069376.5142902802,128.2,16.9
KONG-REY,2024-10-28 20:30:00,197,17.266666412353516,127.70833587646484,35.08333333332435,970.8333333333512,300.9024963378906,43.076820373535156,2.5197579860687256,38555.21480172141,9371.902146600205,1084898.148315168,128.2,17.0
KONG-REY,2024-10-28 21:00:00,198,17.299999237060547,127.6500015258789,35.5,970.0,300.9070739746094,43.2791862487793,2.5695407390594482,38428.43863784721,10912.806362498857,1127822.3885210156,128.10000000000002,16.8
KONG-REY,2024-10-28 21:30:00,199,17.33333396911621,127.59166717529297,35.91666666667565,969.1666666666488,300.91168212890625,46.200626373291016,2.6382720470428467,39849.00787256041,16728.858812499537,1207702.819412087,128.0,16.9
KONG-REY,2024-10-28 22:00:00,200,17.366666793823242,127.53333282470703,36.3333333333513,968.3333333332974,300.9162902832031,46.76372528076172,2.6612744331359863,40430.610371355026,18503.81060582451,1231273.6434078591,127.80000000000001,16.9
KONG-REY,2024-10-28 22:30:00,201,17.399999618530273,127.4749984741211,36.75000000002695,967.499999999946,300.9208984375,46.714351654052734,2.5997812747955322,39592.33938180146,17553.95306012476,1215901.7891129476,127.80000000000001,16.9
KONG-REY,2024-10-28 23:00:00,202,17.433332443237305,127.41666412353516,37.1666666666487,966.6666666667026,300.9255065917969,45.546138763427734,2.610797882080078,40174.31100944824,17666.19331742052,1216114.1228077416,127.69999999999999,17.0
KONG-REY,2024-10-28 23:30:00,203,17.46666717529297,127.35832977294922,37.583333333324354,965.8333333333512,300.9301452636719,42.09035873413086,2.560551166534424,39576.49865330731,17311.78237133194,1190854.9412813196,127.69999999999999,17.0
KONG-REY,2024-10-29 00:00:00,204,17.5,127.30000305175781,38.0,965.0,300.9347839355469,43.01582717895508,2.4938549995422363,42407.26849821641,19322.871421262123,1208184.730782955,127.60000000000002,17.0
KONG-REY,2024-10-29 00:30:00,205,17.53333282470703,127.24166870117188,38.33333333334052,964.1666666666488,300.9394226074219,41.9332275390625,2.512538433074951,45006.04545043303,20268.138177419874,1249193.7474898682,127.60000000000002,17.1
KONG-REY,2024-10-29 01:00:00,206,17.566667556762695,127.18333435058594,38.66666666668104,963.3333333332974,300.944091796875,42.90123748779297,2.4960694313049316,42866.13684040964,19433.74517053686,1218686.6853776865,127.0,17.1
KONG-REY,2024-10-29 01:30:00,207,17.600000381469727,127.125,38.99999999997844,962.500000000054,300.9487609863281,43.47853088378906,2.4995694160461426,42266.219972290186,19667.02386371584,1225035.4338613288,127.5,17.3
KONG-REY,2024-10-29 02:00:00,208,17.633333206176758,127.06666564941406,39.33333333331896,961.6666666667026,300.95343017578125,44.151493072509766,2.487092971801758,42023.78814595334,20254.961318827558,1228842.842311321,126.89999999999998,17.2
KONG-REY,2024-10-29 02:30:00,209,17.66666603088379,127.00833129882812,39.66666666665948,960.8333333333512,300.9581298828125,42.392127990722656,2.4764368534088135,42726.794958964696,20725.283855543992,1230894.2921473077,127.30000000000001,17.3
KONG-REY,2024-10-29 03:00:00,210,17.700000762939453,126.94999694824219,40.0,960.0,300.96282958984375,41.104976654052734,2.494584083557129,43795.80628667094,20848.01221216678,1240744.2524773628,126.80000000000001,17.2
KONG-REY,2024-10-29 03:30:00,211,17.733333587646484,126.89167022705078,40.33333333334052,959.1666666666488,300.967529296875,41.63673782348633,2.5393192768096924,44496.88439861224,18939.966413065624,1187933.3787046366,126.69999999999999,17.4
KONG-REY,2024-10-29 04:00:00,212,17.766666412353516,126.83333587646484,40.66666666663792,958.3333333334052,300.9722595214844,44.45621109008789,2.5478568077087402,44609.711856821705,19648.72656234107,1224232.9360953195,126.60000000000002,17.4
KONG-REY,2024-10-29 04:30:00,213,17.799999237060547,126.7750015258789,40.99999999997844,957.500000000054,300.97698974609375,43.2513542175293,2.5506675243377686,44958.90800669428,19763.441643235277,1226054.107033375,126.60000000000002,17.4
KONG-REY,2024-10-29 05:00:00,214,17.83333396911621,126.71666717529297,41.33333333331896,956.6666666667026,300.9817199707031,44.51930618286133,2.5653059482574463,44595.24809185781,20234.39436797278,1227746.7197700033,126.5,17.5
KONG-REY,2024-10-29 05:30:00,215,17.866666793823242,126.65833282470703,41.66666666665948,955.8333333333512,300.9864807128906,44.49147415161133,2.56247615814209,45057.24328204087,20113.010999165097,1241236.2980428205,126.19999999999999,17.3
KONG-REY,2024-10-29 06:00:00,216,17.899999618530273,126.5999984741211,42.0,955.0,300.9912109375,43.182342529296875,2.534562349319458,40315.56696638814,21283.056813670344,1229589.0173978077,126.19999999999999,17.4
KONG-REY,2024-10-29 06:30:00,217,17.950000762939453,126.55833435058594,42.83333333325249,953.333333333495,321.5960998535156,44.359710693359375,3.015350341796875,49795.635712073796,16632.94852588318,1347094.2999125165,126.39999999999998,18.5
KONG-REY,2024-10-29 07:00:00,218,18.0,126.51667022705078,43.66666666661277,951.6666666667744,321.60400390625,44.96574401855469,3.1473498344421387,56505.380861703634,19699.27481895276,1428280.6758878836,126.30000000000001,18.6
KONG-REY,2024-10-29 07:30:00,219,18.049999237060547,126.4749984741211,44.49999999997305,950.000000000054,321.6119079589844,42.347877502441406,3.3679094314575195,56953.46000524097,23574.80362891136,1476953.9542775669,125.89999999999998,18.1
KONG-REY,2024-10-29 08:00:00,220,18.100000381469727,126.43333435058594,45.333333333333336,948.3333333333334,321.619873046875,44.209110260009766,3.4281060695648193,57400.99102407282,24155.945790360878,1510834.1171763164,125.89999999999998,18.2
KONG-REY,2024-10-29 08:30:00,221,18.149999618530273,126.39167022705078,46.166666666693615,946.6666666666129,321.6278381347656,44.70953369140625,3.5032706260681152,58081.66688090948,22599.752362991196,1551054.0475031675,126.60000000000002,17.8
KONG-REY,2024-10-29 09:00:00,222,18.200000762939453,126.3499984741211,46.999999999946105,945.0000000001078,321.6358337402344,44.49171829223633,3.69115948677063,57223.33927641103,22349.411047664697,1600686.325797745,126.60000000000002,17.9
KONG-REY,2024-10-29 09:30:00,223,18.25,126.30833435058594,47.833333333306385,943.3333333333871,321.64385986328125,43.02473068237305,3.7796261310577393,61447.62625878622,20584.064389542844,1633172.254443733,126.30000000000001,17.9
KONG-REY,2024-10-29 10:00:00,224,18.299999237060547,126.26667022705078,48.666666666666664,941.6666666666666,321.6518859863281,40.69553756713867,3.754920482635498,61081.15815161156,21871.316811082484,1651330.5054655087,126.19999999999999,17.9
KONG-REY,2024-10-29 10:30:00,225,18.350000381469727,126.2249984741211,49.50000000002695,939.999999999946,321.6599426269531,44.05915069580078,3.595961570739746,55058.22004442115,21055.969689488786,1619624.9225629694,126.19999999999999,18.0
KONG-REY,2024-10-29 11:00:00,226,18.399999618530273,126.18333435058594,50.33333333338723,938.3333333332256,321.66802978515625,44.21582794189453,3.5629749298095703,55284.91996321528,20110.24579330963,1610695.7387981962,126.19999999999999,18.1
KONG-REY,2024-10-29 11:30:00,227,18.450000762939453,126.14167022705078,51.16666666663972,936.6666666667204,321.6761474609375,46.889984130859375,3.562351942062378,54559.322969335226,18931.927809655488,1590319.0349912334,126.10000000000002,18.1
KONG-REY,2024-10-29 12:00:00,228,18.5,126.0999984741211,52.0,935.0,321.6842956542969,46.47320556640625,3.7115674018859863,57256.299850714204,19866.51447469468,1641990.4482550353,126.10000000000002,18.2
KONG-REY,2024-10-29 12:30:00,229,18.524999618530273,126.04166412353516,52.25000000000539,934.5833333333244,294.3302307128906,45.930973052978516,2.686089515686035,53640.07891379426,20488.456524193938,1350207.217756806,125.39999999999998,18.2
KONG-REY,2024-10-29 13:00:00,230,18.549999237060547,125.98332977294922,52.50000000001078,934.1666666666488,294.3334045410156,48.206905364990234,2.755035400390625,52931.439959681884,20372.04840819978,1358461.078093377,125.39999999999998,18.2
KONG-REY,2024-10-29 13:30:00,231,18.575000762939453,125.92500305175781,52.75000000001617,933.749999999973,294.3365478515625,43.74323272705078,2.603567600250244,40001.783685023074,14246.449733309018,1227835.771862712,125.69999999999999,17.9
KONG-REY,2024-10-29 14:00:00,232,18.600000381469727,125.86666870117188,52.99999999998922,933.3333333333512,294.3397216796875,42.37492752075195,2.5564489364624023,40223.64125724575,13882.961407029969,1211698.5850551198,125.39999999999998,18.2
KONG-REY,2024-10-29 14:30:00,233,18.625,125.80833435058594,53.24999999999461,932.9166666666756,294.3428955078125,40.22018814086914,2.457597017288208,37632.17728044052,12474.339270437158,1153238.553133114,125.80000000000001,17.9
KONG-REY,2024-10-29 15:00:00,234,18.649999618530273,125.75,53.5,932.5,294.3460693359375,38.751373291015625,2.394606113433838,36218.39513833845,11887.013118246537,1124425.4198838559,125.69999999999999,18.0
KONG-REY,2024-10-29 15:30:00,235,18.674999237060547,125.69166564941406,53.75000000000539,932.0833333333244,294.3492431640625,40.933082580566406,2.3847620487213135,37508.640994211186,12003.457091902339,1123270.9864980425,125.69999999999999,18.0
KONG-REY,2024-10-29 16:00:00,236,18.700000762939453,125.63333129882812,54.00000000001078,931.6666666666488,294.3524475097656,43.06410598754883,2.4408977031707764,37038.48275678074,14354.599382479435,1152710.9635712944,125.60000000000002,18.0
KONG-REY,2024-10-29 16:30:00,237,18.725000381469727,125.57499694824219,54.24999999998383,931.250000000027,294.3556213378906,43.653324127197266,2.4244890213012695,39022.14770387247,15524.200292759318,1159531.7433004172,125.5,18.0
KONG-REY,2024-10-29 17:00:00,238,18.75,125.51667022705078,54.49999999998922,930.8333333333512,294.35882568359375,45.755393981933594,2.408350706100464,38895.695585388035,17518.142189666018,1165949.0393453848,125.5,18.0
KONG-REY,2024-10-29 17:30:00,239,18.774999618530273,125.45833587646484,54.74999999999461,930.4166666666756,294.3620300292969,45.64409637451172,2.3976967334747314,38889.72653670322,16927.94227717435,1159160.79837641,125.5,18.1
KONG-REY,2024-10-29 18:00:00,240,18.799999237060547,125.4000015258789,55.0,930.0,294.365234375,45.36069869995117,2.403839588165283,40409.37260177816,19041.668382065523,1189662.7756626124,125.5,18.1
KONG-REY,2024-10-29 18:30:00,241,18.825000762939453,125.3499984741211,55.41666666668014,929.1666666666396,297.85186767578125,44.761905670166016,3.0219833850860596,54373.65457654081,21141.64092204714,1450992.661763996,125.0,18.4
KONG-REY,2024-10-29 19:00:00,242,18.850000381469727,125.30000305175781,55.833333333306385,928.3333333333871,297.85540771484375,44.75318145751953,3.112525463104248,55889.06725004487,18438.954583691746,1462425.1661427764,125.0,18.5
KONG-REY,2024-10-29 19:30:00,243,18.875,125.25,56.24999999998653,927.500000000027,297.85894775390625,42.789833068847656,3.117194890975952,55185.154673398145,17619.69155279143,1430770.7392312663,125.0,18.6
KONG-REY,2024-10-29 20:00:00,244,18.899999618530273,125.19999694824219,56.666666666666664,926.6666666666666,297.86248779296875,42.8391227722168,3.228817939758301,56943.57744492343,16924.880650045605,1444070.695290804,124.89999999999998,18.6
KONG-REY,2024-10-29 20:30:00,245,18.924999237060547,125.1500015258789,57.08333333334681,925.8333333333064,297.86602783203125,44.58298110961914,3.028132200241089,53766.46512862365,19270.75531916155,1398378.836231823,125.19999999999999,18.5
KONG-REY,2024-10-29 21:00:00,246,18.950000762939453,125.0999984741211,57.50000000002695,924.999999999946,297.8695983886719,43.68423843383789,2.9792351722717285,55521.64371382086,20790.435073928733,1402469.5974146677,125.19999999999999,18.5
KONG-REY,2024-10-29 21:30:00,247,18.975000381469727,125.05000305175781,57.91666666665319,924.1666666666936,297.8731384277344,44.353111267089844,3.034578800201416,58796.11380953973,23245.66597241782,1442557.1398257185,125.0,18.6
KONG-REY,2024-10-29 22:00:00,248,19.0,125.0,58.333333333333336,923.3333333333334,297.876708984375,44.5645637512207,3.002962827682495,58550.91203568419,22885.571168234073,1427688.4956048774,124.89999999999998,18.6
KONG-REY,2024-10-29 22:30:00,249,19.024999618530273,124.94999694824219,58.75000000001347,922.499999999973,297.8802795410156,44.28605270385742,2.9555561542510986,58421.65806848297,22412.521348049886,1413923.3187971653,124.80000000000001,18.7
KONG-REY,2024-10-29 23:00:00,250,19.049999237060547,124.9000015258789,59.166666666693615,921.6666666666129,297.88385009765625,45.668033599853516,2.969980478286743,59228.03358674797,23347.121912901464,1420789.5004139764,124.80000000000001,18.7
KONG-REY,2024-10-29 23:30:00,251,19.075000762939453,124.8499984741211,59.58333333337376,920.8333333332524,297.8874206542969,45.307090759277344,2.9753928184509277,59337.55934034643,23343.556748954135,1421894.3573530314,124.80000000000001,18.7
KONG-REY,2024-10-30 00:00:00,252,19.100000381469727,124.80000305175781,60.0,920.0,297.8909912109375,44.26224899291992,2.9805731773376465,60390.36372278721,23103.64439907286,1419896.4065594263,124.69999999999999,18.7
KONG-REY,2024-10-30 00:30:00,253,19.15833282470703,124.75833129882812,60.0,920.0,325.99359130859375,43.564029693603516,3.1251749992370605,55208.23471265182,27894.415829413672,1470956.3659594213,125.0,18.6
KONG-REY,2024-10-30 01:00:00,254,19.21666717529297,124.71666717529297,60.0,920.0,326.0030212402344,45.36104202270508,3.1239817142486572,55417.274911924644,28468.764444720666,1471809.3007152209,125.10000000000002,19.0
KONG-REY,2024-10-30 01:30:00,255,19.274999618530273,124.67500305175781,60.0,920.0,326.012451171875,44.02724838256836,3.1175968647003174,55054.08859920962,27873.2765838049,1472793.3311661277,124.89999999999998,18.7
KONG-REY,2024-10-30 02:00:00,256,19.33333396911621,124.63333129882812,60.0,920.0,326.0219421386719,43.77042770385742,3.133070945739746,55027.593221282215,28449.411716698385,1473390.7447187647,125.0,19.1
KONG-REY,2024-10-30 02:30:00,257,19.391666412353516,124.59166717529297,60.0,920.0,326.03143310546875,44.5357551574707,3.1075382232666016,54778.27814715846,27736.762360968358,1472553.9808483357,124.80000000000001,18.8
KONG-REY,2024-10-30 03:00:00,258,19.450000762939453,124.55000305175781,60.0,920.0,326.0409851074219,43.64564895629883,3.1300177574157715,55341.835544283145,28313.395919029987,1474024.0245180998,124.80000000000001,18.9
KONG-REY,2024-10-30 03:30:00,259,19.508333206176758,124.50833129882812,60.0,920.0,326.050537109375,44.90115737915039,3.10983943939209,55083.76922592122,28302.12587957917,1473124.672957924,124.89999999999998,19.3
KONG-REY,2024-10-30 04:00:00,260,19.566667556762695,124.46666717529297,60.0,920.0,326.0601501464844,43.92803192138672,3.1213440895080566,54949.9509343406,27475.373377634343,1471715.9120236088,124.69999999999999,19.0
KONG-REY,2024-10-30 04:30:00,261,19.625,124.42500305175781,60.0,920.0,326.06976318359375,45.17719268798828,3.2087793350219727,57034.590786045395,26999.080075337788,1497951.46340527,124.69999999999999,19.2
KONG-REY,2024-10-30 05:00:00,262,19.683332443237305,124.38333129882812,60.0,920.0,326.07940673828125,46.242820739746094,3.2617592811584473,58429.13485899317,27691.870502479305,1530439.676670258,124.69999999999999,19.3
KONG-REY,2024-10-30 05:30:00,263,19.741666793823242,124.34166717529297,60.0,920.0,326.089111328125,45.983245849609375,3.25730299949646,58642.334445505345,28034.009767623997,1530561.3707709662,124.60000000000002,19.3
KONG-REY,2024-10-30 06:00:00,264,19.799999237060547,124.30000305175781,60.0,920.0,326.09881591796875,46.379173278808594,3.261092185974121,58270.079358854506,28257.575459099113,1530335.0588871655,124.60000000000002,19.4
KONG-REY,2024-10-30 06:30:00,265,19.850000381469727,124.25,60.0,920.0,316.7576599121094,47.54417419433594,3.5732293128967285,80554.06703715617,29088.16283463494,1668689.91069517,124.39999999999998,19.2
KONG-REY,2024-10-30 07:00:00,266,19.899999618530273,124.19999694824219,60.0,920.0,316.7666931152344,48.4745979309082,3.6639974117279053,83221.44407798463,29653.758142604907,1689291.6135362023,124.30000000000001,19.3
KONG-REY,2024-10-30 07:30:00,267,19.950000762939453,124.1500015258789,60.0,920.0,316.7757568359375,48.274208068847656,3.7870798110961914,87077.76920412033,29879.653845456916,1719929.8745936141,124.19999999999999,19.4
KONG-REY,2024-10-30 08:00:00,268,20.0,124.0999984741211,60.0,920.0,316.7848205566406,49.49979782104492,3.8344736099243164,86931.40858560007,30335.788765073077,1728045.0040587971,124.19999999999999,19.4
KONG-REY,2024-10-30 08:30:00,269,20.049999237060547,124.05000305175781,60.0,920.0,316.7939147949219,48.491676330566406,3.8354482650756836,87253.97616391344,29627.51880760758,1726143.3110546763,124.10000000000002,19.5
KONG-REY,2024-10-30 09:00:00,270,20.100000381469727,124.0,60.0,920.0,316.80303955078125,50.19777297973633,3.9237992763519287,88526.32281172002,30558.22686467089,1768053.963761928,124.0,19.5
KONG-REY,2024-10-30 09:30:00,271,20.133333206176758,123.94999694824219,59.66666666665948,920.8333333333512,305.382568359375,45.442161560058594,3.78373384475708,67727.2624379146,28147.20186405175,1562751.269064594,123.80000000000001,19.9
KONG-REY,2024-10-30 10:00:00,272,20.16666603088379,123.9000015258789,59.33333333336208,921.6666666665948,305.3883361816406,45.03657531738281,3.7198245525360107,67033.14772113423,28505.210232479727,1565194.1879693104,123.60000000000002,20.1
KONG-REY,2024-10-30 10:30:00,273,20.200000762939453,123.8499984741211,59.00000000002156,922.499999999946,305.3941345214844,46.08952331542969,3.7084920406341553,65393.938680623694,29545.561881274312,1583483.414359778,123.5,20.1
KONG-REY,2024-10-30 11:00:00,274,20.233333587646484,123.80000305175781,58.66666666668104,923.3333333332974,305.3999328613281,43.87544250488281,3.6867589950561523,63411.425722188666,25132.947625025474,1548612.992359347,123.39999999999998,20.1
KONG-REY,2024-10-30 11:30:00,275,20.266666412353516,123.75,58.33333333334052,924.1666666666488,305.40576171875,41.96931838989258,3.7183620929718018,66215.71881620635,22579.217236140637,1544382.8789143243,123.60000000000002,19.9
KONG-REY,2024-10-30 12:00:00,276,20.299999237060547,123.69999694824219,58.0,925.0,305.4115905761719,46.47559356689453,3.6650326251983643,65736.77676990004,23044.236991159672,1529413.5369766837,123.5,19.9
KONG-REY,2024-10-30 12:30:00,277,20.366666793823242,123.61666870117188,58.0,925.0,310.48406982421875,45.73164749145508,3.1387152671813965,64175.49979955629,23369.38211498664,1422340.8489876476,124.39999999999998,20.8
KONG-REY,2024-10-30 13:00:00,278,20.433332443237305,123.53333282470703,58.0,925.0,310.496337890625,45.253177642822266,3.0779006481170654,62759.10261011631,23468.42037071313,1432162.0825170404,123.19999999999999,20.0
KONG-REY,2024-10-30 13:30:00,279,20.5,123.44999694824219,58.0,925.0,310.5086364746094,44.15940856933594,3.1949923038482666,63187.73298603449,23572.051333202537,1475681.2954780068,123.10000000000002,20.1
KONG-REY,2024-10-30 14:00:00,280,20.566667556762695,123.36666870117188,58.0,925.0,310.52099609375,41.456398010253906,3.2034201622009277,62804.59981469564,21593.391312256666,1459376.3637580506,124.0,21.1
KONG-REY,2024-10-30 14:30:00,281,20.633333206176758,123.28333282470703,58.0,925.0,310.53338623046875,43.34360885620117,3.1808886528015137,64983.82179446762,22738.530131302352,1461343.1123210937,123.89999999999998,21.2
KONG-REY,2024-10-30 15:00:00,282,20.700000762939453,123.19999694824219,58.0,925.0,310.54583740234375,41.95660400390625,3.2789700031280518,63460.37974675256,21578.81033998129,1450704.4752332321,124.0,21.1
KONG-REY,2024-10-30 15:30:00,283,20.75,123.13333129882812,57.49999999998922,925.8333333333512,308.7375793457031,50.52402877807617,3.826159715652466,68090.68698267867,26350.58205228974,1583759.6438781342,122.89999999999998,20.4
KONG-REY,2024-10-30 16:00:00,284,20.799999237060547,123.06666564941406,56.99999999997844,926.6666666667026,308.7468566894531,49.45978927612305,3.762547492980957,66089.2245035331,25637.446360746788,1557592.702670092,122.89999999999998,20.4
KONG-REY,2024-10-30 16:30:00,285,20.850000381469727,123.0,56.49999999996766,927.500000000054,308.75616455078125,49.69690704345703,3.5990653038024902,64218.93256539895,21692.377610864743,1506441.074907395,122.80000000000001,20.5
KONG-REY,2024-10-30 17:00:00,286,20.899999618530273,122.93333435058594,55.99999999995688,928.3333333334052,308.7654724121094,49.812599182128906,3.6304843425750732,63384.11197570149,23531.14419254878,1529077.2347685923,122.69999999999999,20.5
KONG-REY,2024-10-30 17:30:00,287,20.950000762939453,122.86666870117188,55.50000000001078,929.1666666666488,308.77484130859375,46.59066390991211,3.6196200847625732,63587.65081779822,23173.49459362074,1520325.2143036555,122.69999999999999,20.6
KONG-REY,2024-10-30 18:00:00,288,21.0,122.80000305175781,55.0,930.0,308.7842102050781,48.492584228515625,3.6162891387939453,64147.51275286315,25479.52750253863,1531454.4967495548,122.60000000000002,20.6
KONG-REY,2024-10-30 18:30:00,289,21.049999237060547,122.75,55.0,930.0,316.98114013671875,41.56514358520508,3.279470443725586,56714.8987583151,17005.718444244634,1402272.3335293406,123.10000000000002,21.2
KONG-REY,2024-10-30 19:00:00,290,21.100000381469727,122.69999694824219,55.0,930.0,316.9907531738281,41.064414978027344,3.277472972869873,56695.954023355356,16997.53489982203,1401919.658631458,123.10000000000002,21.3
KONG-REY,2024-10-30 19:30:00,291,21.149999618530273,122.6500015258789,55.0,930.0,317.0003967285156,43.73171615600586,3.3101115226745605,58409.82609602286,20813.362595337865,1454681.1994889758,123.5,21.5
KONG-REY,2024-10-30 20:00:00,292,21.200000762939453,122.5999984741211,55.0,930.0,317.01007080078125,44.46556854248047,3.319861650466919,59085.2614696964,20459.566227830986,1453959.7250859076,123.5,21.5
KONG-REY,2024-10-30 20:30:00,293,21.25,122.55000305175781,55.0,930.0,317.0197448730469,43.9426383972168,3.3805758953094482,64745.80879212616,20343.598578061436,1466718.7964577165,123.60000000000002,20.5
KONG-REY,2024-10-30 21:00:00,294,21.299999237060547,122.5,55.0,930.0,317.02947998046875,42.33576965332031,3.3312435150146484,64942.37381876605,21602.277527602084,1467289.2608159853,123.5,20.5
KONG-REY,2024-10-30 21:30:00,295,21.383333206176758,122.44999694824219,55.0,930.0,330.8101806640625,42.794742584228516,3.7010459899902344,58219.84194874334,20005.951899908832,1558573.491237663,123.39999999999998,21.5
KONG-REY,2024-10-30 22:00:00,296,21.46666717529297,122.4000015258789,55.0,930.0,330.8241271972656,42.247920989990234,3.60288667678833,57718.238424215,17801.22645251712,1502829.8648034392,123.39999999999998,21.5
KONG-REY,2024-10-30 22:30:00,297,21.549999237060547,122.3499984741211,55.0,930.0,330.8381042480469,44.12250900268555,3.457974433898926,55320.72813946055,16546.769476573874,1453898.3663878008,123.19999999999999,20.5
KONG-REY,2024-10-30 23:00:00,298,21.633333206176758,122.30000305175781,55.0,930.0,330.8521423339844,45.42868423461914,3.479891538619995,55291.59507915158,17000.045137236863,1452501.4896017788,123.10000000000002,20.7
KONG-REY,2024-10-30 23:30:00,299,21.71666717529297,122.25,55.0,930.0,330.8662414550781,45.18450927734375,3.4718856811523438,56186.97171031751,16646.23882943747,1464884.579793428,123.10000000000002,20.7
KONG-REY,2024-10-31 00:00:00,300,21.799999237060547,122.19999694824219,55.0,930.0,330.88037109375,44.693267822265625,3.504967451095581,56588.185801603475,19274.81773633873,1470186.086380956,123.0,20.8
KONG-REY,2024-10-31 00:30:00,301,21.883333206176758,122.13333129882812,55.0,930.0,323.41583251953125,48.32091522216797,3.5789687633514404,66060.75398337639,23522.699531811028,1532035.304462167,123.10000000000002,21.0
KONG-REY,2024-10-31 01:00:00,302,21.96666717529297,122.06666564941406,55.0,930.0,323.431884765625,49.29792404174805,3.5572197437286377,62672.382516371974,20858.264883053285,1502650.7500166544,123.10000000000002,22.0
KONG-REY,2024-10-31 01:30:00,303,22.049999237060547,122.0,55.0,930.0,323.4480285644531,47.6539192199707,3.4003708362579346,60558.184712156566,19927.062863289968,1461997.8932880766,122.89999999999998,21.2
KONG-REY,2024-10-31 02:00:00,304,22.133333206176758,121.93333435058594,55.0,930.0,323.4642333984375,48.526145935058594,3.471020460128784,60972.48591061977,19803.494900512425,1435735.0144692878,122.60000000000002,21.6
KONG-REY,2024-10-31 02:30:00,305,22.21666717529297,121.86666870117188,55.0,930.0,323.48046875,47.596717834472656,3.4298417568206787,60356.735495196895,21631.519235014734,1456606.3245891496,122.80000000000001,22.4
KONG-REY,2024-10-31 03:00:00,306,22.299999237060547,121.80000305175781,55.0,930.0,323.4967956542969,47.7038459777832,3.4461920261383057,58580.034152053464,21851.424320285212,1462355.34026961,122.5,21.9
KONG-REY,2024-10-31 03:30:00,307,22.433332443237305,121.71666717529297,53.83333333343394,932.4999999997844,329.9888000488281,43.30853271484375,3.170334577560425,45588.89421390631,15037.80941067509,1313315.3415168922,121.30000000000001,22.2
KONG-REY,2024-10-31 04:00:00,308,22.566667556762695,121.63333129882812,52.66666666671697,934.9999999998922,330.0127258300781,44.736629486083984,3.129485607147217,46225.48107878788,14447.132044838087,1300534.688026298,121.19999999999999,22.3
KONG-REY,2024-10-31 04:30:00,309,22.700000762939453,121.55000305175781,51.5,937.5,330.03680419921875,44.18488311767578,3.1133947372436523,45946.72409864077,12712.58805832503,1274491.8240633686,121.10000000000002,22.4
KONG-REY,2024-10-31 05:00:00,310,22.83333396911621,121.46666717529297,50.33333333328303,940.0000000001078,330.06103515625,43.71891403198242,3.0115199089050293,38817.39445455724,10751.894646630544,1201916.371176176,121.0,22.6
KONG-REY,2024-10-31 05:30:00,311,22.96666717529297,121.38333129882812,49.16666666656606,942.5000000002156,330.0854187011719,42.69327926635742,2.9715259075164795,38661.7741156968,10398.58234896434,1189224.6121169939,121.0,22.7
KONG-REY,2024-10-31 06:00:00,312,23.100000381469727,121.30000305175781,48.0,945.0,330.10992431640625,40.44614791870117,3.0175530910491943,41204.879352539734,16510.203300951827,1239531.5228688682,121.10000000000002,23.4
KONG-REY,2024-10-31 06:30:00,313,23.183332443237305,121.1500015258789,46.99999999997844,946.6666666667026,301.1685485839844,42.4898681640625,2.795257329940796,42569.11674521958,13790.871916789907,1184526.5621114764,121.0,23.1
KONG-REY,2024-10-31 07:00:00,314,23.266666412353516,121.0,45.99999999995688,948.3333333334052,301.1844482421875,41.49580764770508,2.87192964553833,44239.047132086445,13213.728709205438,1191244.7462529317,120.89999999999998,23.3
KONG-REY,2024-10-31 07:30:00,315,23.350000381469727,120.8499984741211,44.999999999935326,950.0000000001078,301.2004089355469,42.54676818847656,2.884047031402588,44431.596683667405,13546.53436671062,1187438.4669329277,120.69999999999999,23.3
KONG-REY,2024-10-31 08:00:00,316,23.433332443237305,120.69999694824219,43.99999999991377,951.6666666668104,301.2164611816406,43.34285354614258,2.8658714294433594,44737.992331011315,13651.355316453732,1185323.283773035,120.5,23.3
KONG-REY,2024-10-31 08:30:00,317,23.516666412353516,120.55000305175781,43.00000000002156,953.3333333332974,301.2325439453125,42.74393081665039,2.8613524436950684,45376.47642700886,11714.591422591806,1153249.3667103155,120.39999999999998,23.4
KONG-REY,2024-10-31 09:00:00,318,23.600000381469727,120.4000015258789,42.0,955.0,301.24871826171875,43.3765983581543,2.947221517562866,47261.60617853035,11479.638644805656,1170101.2339017817,120.39999999999998,23.4
KONG-REY,2024-10-31 09:30:00,319,23.683332443237305,120.3499984741211,41.33333333331896,956.6666666667026,331.2149353027344,48.3459587097168,3.1684415340423584,48887.69009659629,13513.088372608483,1290887.802668606,119.80000000000001,23.6
KONG-REY,2024-10-31 10:00:00,320,23.766666412353516,120.30000305175781,40.66666666663792,958.3333333334052,331.23040771484375,50.51539993286133,3.256161689758301,47495.50487445559,14521.05229515895,1312271.5519004583,119.80000000000001,23.5
KONG-REY,2024-10-31 10:30:00,321,23.850000381469727,120.25,39.99999999995688,960.0000000001078,331.24591064453125,41.40755081176758,2.487055778503418,32291.0880952129,11945.7212837948,1066521.9059316805,119.89999999999998,23.1
KONG-REY,2024-10-31 11:00:00,322,23.933332443237305,120.19999694824219,39.33333333336208,961.6666666665948,331.261474609375,40.30205535888672,2.6695139408111572,32213.31517063177,11972.381629343454,1092764.217296287,119.80000000000001,23.2
KONG-REY,2024-10-31 11:30:00,323,24.016666412353516,120.1500015258789,38.66666666668104,963.3333333332974,331.2771301269531,41.89604949951172,2.6717398166656494,32202.07097677448,11854.279149872049,1088418.0051298845,119.69999999999999,23.3
KONG-REY,2024-10-31 12:00:00,324,24.100000381469727,120.0999984741211,38.0,965.0,331.29278564453125,40.625328063964844,2.6163277626037598,30490.979129003666,9577.139846480579,1041578.2013642023,119.60000000000002,23.4
KONG-REY,2024-10-31 12:30:00,325,24.16666603088379,120.08333587646484,37.1666666666487,966.250000000027,347.1513977050781,44.93280029296875,2.518035888671875,30380.34526726578,8396.068490002435,1005435.2940074687,119.5,23.7
KONG-REY,2024-10-31 13:00:00,326,24.233333587646484,120.06666564941406,36.33333333329741,967.500000000054,347.15789794921875,41.63383865356445,2.488720417022705,28001.478192838505,7261.591017279769,979678.6363836492,119.5,23.8
KONG-REY,2024-10-31 13:30:00,327,24.299999237060547,120.05000305175781,35.500000000053895,968.7499999999192,347.1643981933594,39.37179183959961,2.567674160003662,24960.075154590453,6240.993386058799,968874.2480338132,119.5,23.8
KONG-REY,2024-10-31 14:00:00,328,24.366666793823242,120.03333282470703,34.666666666702596,969.999999999946,347.1709289550781,39.57319259643555,2.4909589290618896,25639.740149660414,7037.269323883827,975557.7245144784,119.39999999999998,23.8
KONG-REY,2024-10-31 14:30:00,329,24.433332443237305,120.01667022705078,33.8333333333513,971.249999999973,347.177490234375,36.29804992675781,2.416337013244629,28566.055018121064,8395.50398974456,997191.291324748,119.5,23.9
KONG-REY,2024-10-31 15:00:00,330,24.5,120.0,33.0,972.5,347.1840515136719,30.07466697692871,2.392669200897217,25387.673323516832,6917.957773802065,966507.4681026766,119.89999999999998,23.4
KONG-REY,2024-10-31 15:30:00,331,24.566667556762695,119.98332977294922,32.1666666666487,973.750000000027,347.19061279296875,23.77599334716797,2.310391902923584,19135.436836948866,1471.1718658441134,873196.96266915,119.5,24.1
KONG-REY,2024-10-31 16:00:00,332,24.633333206176758,119.96666717529297,31.333333333405193,974.9999999998922,347.1972351074219,24.51838493347168,2.327085018157959,18898.027664249083,1244.138469318027,860480.8558170436,119.5,24.1
KONG-REY,2024-10-31 16:30:00,333,24.700000762939453,119.94999694824219,30.500000000053895,976.2499999999192,347.2038269042969,23.642229080200195,2.299537181854248,18547.30621771443,1243.430914731593,856049.0836107509,119.39999999999998,24.2
KONG-REY,2024-10-31 17:00:00,334,24.766666412353516,119.93333435058594,29.666666666702596,977.499999999946,347.2104797363281,23.530046463012695,2.2769296169281006,18764.8774683215,1016.6585023785137,849917.8651673784,119.39999999999998,24.3
KONG-REY,2024-10-31 17:30:00,335,24.83333396911621,119.91666412353516,28.833333333351295,978.749999999973,347.2171325683594,21.68461799621582,2.2412402629852295,19879.161753066495,564.5336077580598,838371.681880387,119.39999999999998,24.4
KONG-REY,2024-10-31 18:00:00,336,24.899999618530273,119.9000015258789,28.0,980.0,347.2237854003906,32.172576904296875,2.2240734100341797,13807.136672260327,932.8332315821293,833232.8857585144,130.8,19.8
KONG-REY,2024-10-31 18:30:00,337,25.049999237060547,119.95833587646484,27.750000000024254,980.4166666666264,19.406505584716797,21.753578186035156,3.2864694595336914,24056.13013560542,119.35647682106091,1070937.333497964,126.39999999999998,15.6
KONG-REY,2024-10-31 19:00:00,338,25.200000762939453,120.01667022705078,27.50000000001617,980.8333333333064,19.384464263916016,21.491100311279297,3.3658194541931152,26807.597960993953,238.53755604678798,1085666.1950152006,126.39999999999998,15.7
KONG-REY,2024-10-31 19:30:00,339,25.350000381469727,120.07499694824219,27.25000000000809,981.2499999999864,19.362295150756836,22.283130645751953,3.3484883308410645,24990.05738686734,570.2512935499134,1082617.590876787,126.5,15.9
KONG-REY,2024-10-31 20:00:00,340,25.5,120.13333129882812,27.0,981.6666666666666,19.339996337890625,21.449560165405273,3.3139266967773438,25408.074273743252,680.0372732482026,1078182.60272237,126.60000000000002,16.1
KONG-REY,2024-10-31 20:30:00,341,25.649999618530273,120.19166564941406,26.74999999999191,982.0833333333468,19.317567825317383,20.768348693847656,3.2984516620635986,25172.03926726431,688.0123581386486,1074282.2738200016,126.60000000000002,16.1
KONG-REY,2024-10-31 21:00:00,342,25.799999237060547,120.25,26.50000000001617,982.499999999973,19.295011520385742,22.790864944458008,3.306292772293091,24248.832813159734,568.3741922082914,1070482.9373315973,126.69999999999999,16.3
KONG-REY,2024-10-31 21:30:00,343,25.950000762939453,120.30833435058594,26.25000000000809,982.9166666666532,19.272327423095703,23.043245315551758,3.3473446369171143,24525.6790178735,558.7959927806744,1088341.8065594377,126.80000000000001,16.5
KONG-REY,2024-10-31 22:00:00,344,26.100000381469727,120.36666870117188,26.0,983.3333333333334,19.249513626098633,21.982053756713867,3.34751296043396,24842.435397442092,786.7495451579596,1086436.4840899054,121.30000000000001,27.6
KONG-REY,2024-10-31 22:30:00,345,26.25,120.42500305175781,25.74999999999191,983.7500000000136,19.226572036743164,21.686647415161133,3.3384759426116943,24588.89286742242,676.103373661595,1084267.849235049,126.89999999999998,16.8
KONG-REY,2024-10-31 23:00:00,346,26.399999618530273,120.48332977294922,25.49999999998383,984.1666666666936,19.203500747680664,22.038366317749023,3.3281192779541016,24208.558872954032,793.7540162932924,1081468.376204052,127.0,16.9
KONG-REY,2024-10-31 23:30:00,347,26.549999237060547,120.54166412353516,25.25000000000809,984.5833333333198,19.1803035736084,21.98896026611328,3.327273368835449,23962.92167738552,455.5262978399279,1078920.8778824974,127.10000000000002,17.1
KONG-REY,2024-11-01 00:00:00,348,26.700000762939453,120.5999984741211,25.0,985.0,19.15697479248047,24.505495071411133,3.3044791221618652,21341.967865013077,892.275161229082,1022309.9190262358,121.5,28.2
KONG-REY,2024-11-01 00:30:00,349,26.84166717529297,120.69999694824219,24.83333333332974,985.4166666666756,32.19754409790039,22.55392837524414,3.2761332988739014,21193.44028291884,118.94043854430093,1039939.7377963356,124.69999999999999,16.3
KONG-REY,2024-11-01 01:00:00,350,26.983333587646484,120.80000305175781,24.66666666665948,985.8333333333512,32.16510772705078,20.806856155395508,3.2667455673217773,20200.435469322132,356.5161675964415,1039602.3461671534,124.80000000000001,16.4
KONG-REY,2024-11-01 01:30:00,351,27.125,120.9000015258789,24.49999999998922,986.250000000027,32.13248825073242,22.783939361572266,3.265578269958496,20409.70055615472,118.75669807906534,1038887.5272543016,124.89999999999998,16.6
KONG-REY,2024-11-01 02:00:00,352,27.266666412353516,121.0,24.33333333334052,986.6666666666488,32.09968566894531,22.609207153320312,3.2122693061828613,20386.612077063714,237.32712285760232,1036458.1304725131,125.0,16.7
KONG-REY,2024-11-01 02:30:00,353,27.40833282470703,121.0999984741211,24.16666666667026,987.0833333333244,32.06670379638672,21.026870727539062,3.2228174209594727,20238.379756311893,355.77179903506305,1035288.6822890459,125.10000000000002,16.9
KONG-REY,2024-11-01 03:00:00,354,27.549999237060547,121.19999694824219,24.0,987.5,32.03354263305664,21.517459869384766,3.216588020324707,21079.304728526367,236.94987857997398,1040979.1730142348,125.30000000000001,17.1
KONG-REY,2024-11-01 03:30:00,355,27.691667556762695,121.30000305175781,23.83333333332974,987.9166666666756,32.00019836425781,27.671592712402344,3.2098147869110107,40167.563369631825,8979.681491678355,1180289.4532632849,122.5,28.9
KONG-REY,2024-11-01 04:00:00,356,27.83333396911621,121.4000015258789,23.66666666665948,988.3333333333512,31.966670989990234,28.929153442382812,3.1278460025787354,40539.80308802751,7891.014712120322,1168961.602259228,122.60000000000002,29.1
KONG-REY,2024-11-01 04:30:00,357,27.975000381469727,121.5,23.50000000001078,988.749999999973,31.93296241760254,28.93802261352539,3.080491065979004,39560.23418536558,5405.276426916997,1145314.4485955285,122.69999999999999,29.2
KONG-REY,2024-11-01 05:00:00,358,28.116666793823242,121.5999984741211,23.33333333334052,989.1666666666488,31.899072647094727,26.03596305847168,2.9537274837493896,33776.98881966221,2270.822724435411,1056504.4709017181,122.80000000000001,29.4
KONG-REY,2024-11-01 05:30:00,359,28.258333206176758,121.69999694824219,23.16666666667026,989.5833333333244,31.865001678466797,27.782238006591797,2.9078001976013184,33947.38546946467,2588.3169410910614,1051778.2777242484,122.89999999999998,29.5
KONG-REY,2024-11-01 06:00:00,360,28.399999618530273,121.80000305175781,23.0,990.0,31.830747604370117,26.147113800048828,2.8774502277374268,33443.097636123275,2363.916247029156,1029748.71859135,123.80000000000001,30.5
KONG-REY,2024-11-01 06:30:00,361,28.558332443237305,121.91666412353516,23.0,990.4166666666802,32.90241241455078,26.639543533325195,2.736055612564087,37307.52011044723,4167.289051919248,1013745.6472247445,123.0,30.0
KONG-REY,2024-11-01 07:00:00,362,28.71666717529297,122.03333282470703,23.0,990.8333333333064,32.86296463012695,26.744840621948242,2.7369658946990967,38518.4281282626,3631.960737520855,1026339.8467288881,122.89999999999998,30.1
KONG-REY,2024-11-01 07:30:00,363,28.875,122.1500015258789,23.0,991.2499999999864,32.823280334472656,25.735408782958984,2.479806900024414,30324.8753005578,1369.110752093723,925490.4403061436,131.10000000000002,34.3
KONG-REY,2024-11-01 08:00:00,364,29.03333282470703,122.26667022705078,23.0,991.6666666666666,32.78335952758789,25.684274673461914,2.482135772705078,30996.40023129619,1366.7168742277856,927711.0544728071,131.2,34.4
KONG-REY,2024-11-01 08:30:00,365,29.191667556762695,122.38333129882812,23.0,992.0833333333468,32.74320602416992,25.12344741821289,2.457602024078369,30615.407035313066,1679.2177021575894,922189.1345797363,131.39999999999998,34.6
KONG-REY,2024-11-01 09:00:00,366,29.350000381469727,122.5,23.0,992.500000000027,32.702816009521484,24.767269134521484,2.3629820346832275,24849.414704107316,1250.3269272454095,893968.4993048772,131.5,34.7
KONG-REY,2024-11-01 09:30:00,367,29.508333206176758,122.61666870117188,23.0,992.9166666666532,32.662193298339844,26.179691314697266,2.3840627670288086,27653.400483351998,1349.51922938691,899113.9273884151,131.60000000000002,34.9
KONG-REY,2024-11-01 10:00:00,368,29.66666603088379,122.73332977294922,23.0,993.3333333333334,32.621334075927734,25.487167358398438,2.330090045928955,20646.841167560146,821.5405648743823,880156.4873813924,131.7,35.1
KONG-REY,2024-11-01 10:30:00,369,29.825000762939453,122.8499984741211,23.0,993.7500000000136,32.580238342285156,25.235021591186523,2.3546204566955566,24545.255064983052,1771.7938426471142,899378.4800702574,131.8,35.3
KONG-REY,2024-11-01 11:00:00,370,29.983333587646484,122.96666717529297,23.0,994.1666666666936,32.53890609741211,26.492095947265625,2.2562265396118164,21473.240059257223,2285.4334594986576,867393.5173759975,132.0,35.4
KONG-REY,2024-11-01 11:30:00,371,30.141666412353516,123.08333587646484,23.0,994.5833333333736,32.497337341308594,25.94381332397461,2.203244209289551,21860.44531649789,2290.0071316209755,862012.519193714,132.10000000000002,35.6
KONG-REY,2024-11-01 12:00:00,372,30.299999237060547,123.19999694824219,23.0,995.0,32.45553207397461,25.42526626586914,2.2059850692749023,24139.360558864148,2084.629415816276,863330.8480425802,132.2,35.7
KONG-REY,2024-11-01 12:30:00,373,30.45833396911621,123.4749984741211,22.74999999999461,995.2500000000052,56.21168899536133,36.18891143798828,2.548352003097534,41486.55892162064,11907.198489113773,1064828.5310551822,124.60000000000002,32.0
KONG-REY,2024-11-01 13:00:00,374,30.616666793823242,123.75,22.49999999998922,995.5000000000108,56.168357849121094,36.145347595214844,2.4656262397766113,42260.22532108596,12214.833660308896,1052742.0875721723,124.89999999999998,32.2
KONG-REY,2024-11-01 13:30:00,375,30.774999618530273,124.0250015258789,22.24999999998383,995.750000000016,56.124725341796875,34.175350189208984,2.5027472972869873,42187.6538641452,11880.690879938658,1055265.093792606,125.19999999999999,32.3
KONG-REY,2024-11-01 14:00:00,376,30.933332443237305,124.30000305175781,21.99999999997844,996.0000000000216,56.08079147338867,34.52974319458008,2.4819819927215576,41592.84931122246,11755.765870275522,1054892.7195115373,125.39999999999998,32.5
KONG-REY,2024-11-01 14:30:00,377,31.09166717529297,124.57499694824219,21.75000000000539,996.2499999999948,56.03656005859375,35.5570068359375,2.46362042427063,41833.240856244825,11735.9669748627,1053495.0593210084,125.69999999999999,32.7
KONG-REY,2024-11-01 15:00:00,378,31.25,124.8499984741211,21.5,996.5,55.99202346801758,34.51725769042969,2.4682352542877197,41766.69159752189,12134.56073548758,1052683.2803419253,126.0,32.8
KONG-REY,2024-11-01 15:30:00,379,31.40833282470703,125.125,21.24999999999461,996.7500000000052,55.947181701660156,34.40837860107422,2.466198444366455,41689.17525672939,11589.238873105689,1051047.427480273,126.19999999999999,33.0
KONG-REY,2024-11-01 16:00:00,380,31.566667556762695,125.4000015258789,20.99999999998922,997.0000000000108,55.902034759521484,34.23244094848633,2.508784770965576,41199.8617853906,11466.638716997748,1049082.2949991976,126.5,33.2
KONG-REY,2024-11-01 16:30:00,381,31.725000381469727,125.67500305175781,20.74999999998383,997.250000000016,55.85658264160156,32.708351135253906,2.456835985183716,39379.57191272199,11555.784349455644,1029368.6095583811,126.80000000000001,33.3
KONG-REY,2024-11-01 17:00:00,382,31.883333206176758,125.94999694824219,20.50000000001078,997.4999999999892,55.810821533203125,30.793243408203125,2.411538600921631,39842.356471242965,8317.249409962258,1010217.8816658828,127.0,32.2
KONG-REY,2024-11-01 17:30:00,383,32.04166793823242,126.2249984741211,20.25000000000539,997.7499999999948,55.76475143432617,30.238401412963867,2.433532238006592,39795.74962547815,8728.611266466427,1008808.6041524905,127.19999999999999,32.3
KONG-REY,2024-11-01 18:00:00,384,32.20000076293945,126.5,20.0,998.0,55.71836853027344,29.09389877319336,2.3958561420440674,40234.81194589958,9539.5969820137,1006688.2598936646,127.5,32.5
KONG-REY,2024-11-01 18:30:00,385,32.275001525878906,126.875,19.83333333332974,998.3333333333404,76.59676361083984,31.09783363342285,2.1165151596069336,37602.0393073727,10661.089271207922,993511.2103587667,128.7,33.3
KONG-REY,2024-11-01 19:00:00,386,32.349998474121094,127.25,19.66666666665948,998.6666666666812,76.58594512939453,34.452857971191406,2.1152148246765137,39962.81415177288,10869.197860622986,997354.8812620664,129.0,33.4
KONG-REY,2024-11-01 19:30:00,387,32.42499923706055,127.625,19.50000000001078,998.9999999999784,76.57508850097656,31.834983825683594,2.120903730392456,39456.57734478488,9840.439218718098,984018.7685131865,129.39999999999998,33.5
KONG-REY,2024-11-01 20:00:00,388,32.5,128.0,19.33333333334052,999.3333333333188,76.56419372558594,31.2332706451416,2.1218173503875732,39939.63093303604,9519.120777831726,983189.8700681594,129.8,33.6
KONG-REY,2024-11-01 20:30:00,389,32.57500076293945,128.375,19.16666666667026,999.6666666666596,76.55326080322266,31.210994720458984,2.1323273181915283,39387.62723950756,9512.3513524878,981591.7092315763,130.2,33.6
KONG-REY,2024-11-01 21:00:00,390,32.650001525878906,128.75,19.0,1000.0,76.54228210449219,29.807903289794922,2.147329092025757,39153.742971132204,8884.704454139213,969828.1097912756,130.5,33.7
KONG-REY,2024-11-01 21:30:00,391,32.724998474121094,129.125,18.83333333332974,1000.3333333333404,76.5312728881836,21.08132553100586,3.2559762001037598,17443.021590855977,315.38843585907284,1109493.3267794992,131.5,32.0
KONG-REY,2024-11-01 22:00:00,392,32.79999923706055,129.5,18.66666666668104,1000.666666666638,76.52021789550781,21.145423889160156,3.335392475128174,17527.893577609502,420.2502177614606,1123247.3220984235,131.89999999999998,31.9
KONG-REY,2024-11-01 22:30:00,393,32.875,129.875,18.50000000001078,1000.9999999999784,76.5091323852539,15.12343692779541,3.360727548599243,12470.704409040094,0.0,1070035.1366747573,131.8,34.5
KONG-REY,2024-11-01 23:00:00,394,32.95000076293945,130.25,18.33333333334052,1001.3333333333188,76.49800109863281,15.507159233093262,3.345054864883423,13288.186403748612,0.0,1068231.1460646987,132.10000000000002,34.6
KONG-REY,2024-11-01 23:30:00,395,33.025001525878906,130.625,18.16666666667026,1001.6666666666596,76.48683166503906,15.46066951751709,3.340524435043335,13485.917452391925,0.0,1066498.9704931984,132.5,34.7
KONG-REY,2024-11-02 00:00:00,396,33.099998474121094,131.0,18.0,1002.0,76.47562408447266,14.941656112670898,3.3660225868225098,12847.362870691635,0.0,1064653.3872904892,132.89999999999998,34.7
KONG-REY,2024-11-02 00:30:00,397,33.233333587646484,131.48333740234375,17.750000000024254,1002.1666666666504,71.62816619873047,22.03837776184082,3.8252158164978027,24779.021216008332,924.739810730304,1227209.6779866281,136.39999999999998,34.0
KONG-REY,2024-11-02 01:00:00,398,33.36666488647461,131.96665954589844,17.50000000001617,1002.3333333333226,71.60171508789062,22.351268768310547,3.8031668663024902,24635.801808351407,820.914701432075,1225237.8973009882,136.89999999999998,34.1
KONG-REY,2024-11-02 01:30:00,399,33.5,132.4499969482422,17.250000000008086,1002.4999999999948,71.5750961303711,22.51780891418457,3.8176798820495605,24080.24748003372,717.2072544585196,1223700.5303651018,137.39999999999998,34.2
KONG-REY,2024-11-02 02:00:00,400,33.63333511352539,132.93333435058594,17.0,1002.6666666666666,71.54830932617188,22.309450149536133,3.8502604961395264,24757.693569652303,715.9884409081956,1221914.6755709744,137.89999999999998,34.3
KONG-REY,2024-11-02 02:30:00,401,33.766666412353516,133.4166717529297,16.749999999991914,1002.8333333333388,71.5213623046875,22.186729431152344,3.8426222801208496,25025.62836961009,714.6426050223967,1219851.708404902,138.39999999999998,34.5
KONG-REY,2024-11-02 03:00:00,402,33.900001525878906,133.89999389648438,16.50000000001617,1002.9999999999892,71.49424743652344,22.03394889831543,3.8581202030181885,24065.956429728492,815.5413438599159,1217431.504872922,138.89999999999998,34.6
KONG-REY,2024-11-02 03:30:00,403,34.03333282470703,134.38333129882812,16.250000000008086,1003.1666666666612,71.46696472167969,21.864267349243164,3.8628199100494385,24226.83734452003,610.6708468868031,1215299.0167070979,139.39999999999998,34.8
KONG-REY,2024-11-02 04:00:00,404,34.16666793823242,134.86666870117188,16.0,1003.3333333333334,71.43951416015625,21.901161193847656,3.87986421585083,23689.984656183085,609.6821199775754,1212233.4497833224,139.89999999999998,34.9
KONG-REY,2024-11-02 04:30:00,405,34.29999923706055,135.35000610351562,15.749999999991916,1003.5000000000052,71.4118881225586,21.752601623535156,3.881869316101074,23442.562672082033,710.2007852887311,1208850.9134268248,140.39999999999998,35.1
KONG-REY,2024-11-02 05:00:00,406,34.43333435058594,135.8333282470703,15.499999999983832,1003.6666666666774,71.38410186767578,21.672277450561523,3.8934803009033203,23611.94436526906,810.0934584064339,1205327.2104566095,140.8,35.2
KONG-REY,2024-11-02 05:30:00,407,34.56666564941406,136.31666564941406,15.250000000008084,1003.833333333328,71.35614013671875,21.992929458618164,3.900007724761963,21367.148043727182,407.2784792199316,1166667.7133669981,139.2,34.7
KONG-REY,2024-11-02 06:00:00,408,34.70000076293945,136.8000030517578,15.0,1004.0,71.32801055908203,20.991308212280273,3.898963212966919,20736.054156528375,406.78473533374296,1162006.7480912132,139.7,34.9
KONG-REY,2024-11-02 06:30:00,409,34.70000076293945,137.10833740234375,15.0,1004.0,89.91223907470703,10.312100410461426,2.2486259937286377,5008.687084880111,0.0,713305.1641320393,138.7,36.4
KONG-REY,2024-11-02 07:00:00,410,34.70000076293945,137.4166717529297,15.0,1004.0,89.91223907470703,10.296659469604492,2.247447967529297,4913.472570272839,0.0,711976.3400897495,139.0,36.4
KONG-REY,2024-11-02 07:30:00,411,34.70000076293945,137.72500610351562,15.0,1004.0,89.91223907470703,10.036989212036133,2.1438791751861572,3704.078326512764,0.0,684631.1722664649,139.3,36.4
KONG-REY,2024-11-02 08:00:00,412,34.70000076293945,138.03334045410156,15.0,1004.0,89.91223907470703,10.024222373962402,2.043135643005371,2793.0783414922616,0.0,666084.6553044249,139.60000000000002,36.4
KONG-REY,2024-11-02 08:30:00,413,34.70000076293945,138.34165954589844,15.0,1004.0,89.91223907470703,10.024090766906738,2.0674195289611816,2594.867627972071,0.0,666004.4878207443,139.89999999999998,36.4
KONG-REY,2024-11-02 09:00:00,414,34.70000076293945,138.64999389648438,15.0,1004.0,89.91223907470703,10.018315315246582,1.9680376052856445,2881.541454807457,0.0,652247.0970283601,140.2,36.4
KONG-REY,2024-11-02 09:30:00,415,34.70000076293945,138.9583282470703,15.0,1004.0,89.91223907470703,11.922269821166992,2.163581609725952,3005.1351569534627,0.0,705694.8508959085,149.89999999999998,25.8
KONG-REY,2024-11-02 10:00:00,416,34.70000076293945,139.26666259765625,15.0,1004.0,89.91223907470703,11.047713279724121,2.147529125213623,3005.1351569534627,0.0,704830.4975823069,150.2,25.8
KONG-REY,2024-11-02 10:30:00,417,34.70000076293945,139.5749969482422,15.0,1004.0,89.91223907470703,10.144660949707031,2.365023612976074,4771.695193526752,0.0,757808.4510250692,150.5,25.8
KONG-REY,2024-11-02 11:00:00,418,34.70000076293945,139.88333129882812,15.0,1004.0,89.91223907470703,10.832494735717773,2.3528425693511963,7036.804219103184,0.0,762544.8372872587,142.8,34.5
KONG-REY,2024-11-02 11:30:00,419,34.70000076293945,140.19166564941406,15.0,1004.0,89.91223907470703,13.306990623474121,2.5872883796691895,9379.784713984813,0.0,825087.8884318715,143.10000000000002,34.5
KONG-REY,2024-11-02 12:00:00,420,34.70000076293945,140.5,15.0,1004.0,89.91223907470703,15.171961784362793,2.5956203937530518,10918.580877999308,0.0,836971.9794929835,143.0,34.6
MAN-YI,2024-11-08 12:00:00,421,11.600000381469727,163.60000610351562,13.0,1005.0,297.05712890625,21.726985931396484,2.9282782077789307,20598.163115534167,364.21438450040483,1102480.3045213786,163.2,11.6
MAN-YI,2024-11-08 12:30:00,422,11.666666984558105,163.46665954589844,13.16666666667026,1004.7499999999948,297.05712890625,23.6120548248291,2.907165050506592,19476.568974704416,846.7272313283416,1123024.952975799,161.39999999999998,13.2
MAN-YI,2024-11-08 13:00:00,423,11.733333587646484,163.3333282470703,13.33333333334052,1004.4999999999892,297.0627746582031,25.36532211303711,2.9889607429504395,19464.266793100676,604.034230760326,1138275.2121695913,161.2,13.2
MAN-YI,2024-11-08 13:30:00,424,11.800000190734863,163.1999969482422,13.50000000001078,1004.249999999984,297.0684509277344,24.09599494934082,2.992938995361328,18978.82949011353,603.7926322058122,1128767.9942011067,161.10000000000002,13.3
MAN-YI,2024-11-08 14:00:00,425,11.866666793823242,163.06666564941406,13.66666666665948,1004.0000000000108,297.0741882324219,23.05648422241211,2.9706780910491943,17654.35519325981,727.5934055019574,1119477.5631680354,162.60000000000002,11.9
MAN-YI,2024-11-08 14:30:00,426,11.933333396911621,162.93333435058594,13.83333333332974,1003.7500000000052,297.0799255371094,27.7540340423584,2.9673073291778564,19106.640074176215,1333.7042987451018,1139181.6590350892,162.5,11.9
MAN-YI,2024-11-08 15:00:00,427,12.0,162.8000030517578,14.0,1003.5,297.0857238769531,31.090290069580078,2.973302125930786,20908.96550935721,1454.5587381223309,1160748.828320114,162.39999999999998,12.0
MAN-YI,2024-11-08 15:30:00,428,12.066666603088379,162.6666717529297,14.16666666667026,1003.2499999999948,297.0915222167969,32.126258850097656,2.912609815597534,19456.168562578783,1454.243409489547,1140400.6762077603,162.2,12.1
MAN-YI,2024-11-08 16:00:00,429,12.133333206176758,162.53334045410156,14.33333333334052,1002.9999999999892,297.0973815917969,33.327125549316406,2.830770969390869,15849.171096036103,1938.6430753033396,1112678.2503841775,162.2,12.1
MAN-YI,2024-11-08 16:30:00,430,12.199999809265137,162.39999389648438,14.49999999998922,1002.750000000016,297.103271484375,31.475873947143555,2.75132417678833,16085.415633974559,1817.0658289890803,1088628.4811046214,162.0,12.2
MAN-YI,2024-11-08 17:00:00,431,12.266666412353516,162.26666259765625,14.66666666665948,1002.5000000000108,297.10919189453125,33.089359283447266,2.7453110218048096,15967.116301211543,1695.3953251531793,1108529.140648911,161.89999999999998,12.2
MAN-YI,2024-11-08 17:30:00,432,12.333333015441895,162.13333129882812,14.83333333332974,1002.2500000000052,297.1151428222656,42.062294006347656,2.7991228103637695,19223.07833319159,2905.653048671248,1152523.0418437617,161.8,12.3
MAN-YI,2024-11-08 18:00:00,433,12.399999618530273,162.0,15.0,1002.0,297.1211242675781,39.09967041015625,2.831841468811035,20189.321471364994,2662.8993957135517,1174764.8230598879,161.60000000000002,12.4
MAN-YI,2024-11-08 18:30:00,434,12.508333206176758,161.86666870117188,15.0,1002.0,309.77752685546875,34.384578704833984,2.6547417640686035,17014.39017966095,1814.286589847532,1110437.8157028905,161.5,12.5
MAN-YI,2024-11-08 19:00:00,435,12.616666793823242,161.73333740234375,15.0,1002.0,309.7894592285156,31.2469482421875,2.728867292404175,15914.479861599237,1209.273745017314,1121173.1334554018,161.3,12.6
MAN-YI,2024-11-08 19:30:00,436,12.725000381469727,161.60000610351562,15.0,1002.0,309.801513671875,29.77444076538086,2.8647119998931885,22900.410795737866,1330.11564161554,1178375.371140887,161.2,12.7
MAN-YI,2024-11-08 20:00:00,437,12.833333015441895,161.46665954589844,15.0,1002.0,309.81365966796875,19.68047332763672,2.7299880981445312,25045.799449365175,0.0,1134172.0514903083,161.0,12.8
MAN-YI,2024-11-08 20:30:00,438,12.941666603088379,161.3333282470703,15.0,1002.0,309.825927734375,19.25151252746582,2.615243673324585,17562.453840780734,0.0,1077302.9774628608,161.2,14.3
MAN-YI,2024-11-08 21:00:00,439,13.050000190734863,161.1999969482422,15.0,1002.0,309.8382873535156,20.122079849243164,2.6666784286499023,15985.89729459188,120.39575043605518,1070862.834628117,159.39999999999998,13.7
MAN-YI,2024-11-08 21:30:00,440,13.158333778381348,161.06666564941406,15.0,1002.0,309.85076904296875,21.91173553466797,2.6014199256896973,16335.410959431658,360.98125442067254,1063826.4290994143,159.2,13.8
MAN-YI,2024-11-08 22:00:00,441,13.266666412353516,160.93333435058594,15.0,1002.0,309.86334228515625,22.530790328979492,2.4790005683898926,19101.447924187185,481.1699083577307,1067917.3184482309,159.0,13.9
MAN-YI,2024-11-08 22:30:00,442,13.375,160.8000030517578,15.0,1002.0,309.87603759765625,20.708576202392578,2.4762284755706787,21130.176411200195,119.8651973132666,1062554.782406692,160.5,14.7
MAN-YI,2024-11-08 23:00:00,443,13.483333587646484,160.6666717529297,15.0,1002.0,309.8888244628906,20.451274871826172,2.42838191986084,22916.69456614556,119.81013107236997,1055114.2215960585,160.3,14.8
MAN-YI,2024-11-08 23:30:00,444,13.591666221618652,160.53334045410156,15.0,1002.0,309.9017333984375,23.447099685668945,2.5284245014190674,27347.147150948927,1318.3501464078324,1131936.0845360681,160.2,14.9
MAN-YI,2024-11-09 00:00:00,445,13.699999809265137,160.39999389648438,15.0,1002.0,309.91473388671875,27.4088134765625,2.591325283050537,28050.12279191338,5034.520209201995,1169648.0028615934,160.0,14.7
MAN-YI,2024-11-09 00:30:00,446,13.774999618530273,160.3000030517578,15.25000000000539,1001.8333333333296,307.68310546875,27.15131378173828,2.8640613555908203,38680.14291883658,5525.200693798566,1319851.8873978683,159.8,14.8
MAN-YI,2024-11-09 01:00:00,447,13.850000381469727,160.1999969482422,15.50000000001078,1001.6666666666596,307.69207763671875,27.616199493408203,2.822514533996582,40601.626776426216,4445.872824539366,1303810.7807342084,158.5,14.1
MAN-YI,2024-11-09 01:30:00,448,13.925000190734863,160.10000610351562,15.750000000016168,1001.4999999999892,307.7010803222656,28.811311721801758,2.689072847366333,39887.49068596857,4210.361881349019,1231649.109944644,158.5,14.0
MAN-YI,2024-11-09 02:00:00,449,14.0,160.0,16.000000000021558,1001.3333333333188,307.71014404296875,29.13990020751953,2.778952121734619,46476.100664763304,4449.191297315704,1283173.0147332153,158.39999999999998,14.0
MAN-YI,2024-11-09 02:30:00,450,14.074999809265137,159.89999389648438,16.24999999999461,1001.1666666666704,307.71923828125,27.683780670166016,2.7189009189605713,46840.48195320989,3727.745967972717,1277172.2393513243,158.3,14.0
MAN-YI,2024-11-09 03:00:00,451,14.149999618530273,159.8000030517578,16.5,1001.0,307.7283935546875,27.358928680419922,2.76254940032959,45869.90350761629,3728.5846095992447,1278759.1077628806,158.60000000000002,13.8
MAN-YI,2024-11-09 03:30:00,452,14.225000381469727,159.6999969482422,16.75000000000539,1000.8333333333296,307.73760986328125,25.756765365600586,2.889734983444214,49712.21567031575,2283.880418078315,1336981.5255909339,158.2,14.1
MAN-YI,2024-11-09 04:00:00,453,14.300000190734863,159.60000610351562,17.00000000001078,1000.6666666666596,307.74688720703125,26.032432556152344,2.8503472805023193,45894.8326105266,3006.3140220576033,1306093.8622343782,158.5,13.9
MAN-YI,2024-11-09 04:30:00,454,14.375,159.5,17.25000000001617,1000.4999999999892,307.7561950683594,24.192264556884766,2.8320436477661133,44551.01276111977,1202.610645281503,1293546.559309022,158.39999999999998,14.0
MAN-YI,2024-11-09 05:00:00,455,14.449999809265137,159.39999389648438,17.49999999998922,1000.3333333333404,307.76556396484375,23.17469024658203,2.644559860229492,40600.5327088177,601.2531821239627,1220649.8301304718,158.3,13.9
MAN-YI,2024-11-09 05:30:00,456,14.524999618530273,159.3000030517578,17.74999999999461,1000.1666666666704,307.7749938964844,25.5756778717041,2.573223114013672,33980.771884078546,1323.371012983585,1149711.4162312255,158.2,13.9
MAN-YI,2024-11-09 06:00:00,457,14.600000381469727,159.1999969482422,18.0,1000.0,307.7844543457031,26.27212142944336,2.506462812423706,31423.56299642244,2639.48940310933,1193394.8845359292,147.39999999999998,13.5
MAN-YI,2024-11-09 06:30:00,458,14.641666412353516,159.14166259765625,18.16666666667026,999.8333333333296,306.4417419433594,32.953857421875,2.858180284500122,38985.97786382,7554.732005779473,1332430.6639826263,157.3,14.9
MAN-YI,2024-11-09 07:00:00,459,14.683333396911621,159.0833282470703,18.33333333334052,999.6666666666596,306.44696044921875,34.30191421508789,2.86810302734375,37649.81102611493,5518.057767101721,1317886.9380883027,157.2,14.9
MAN-YI,2024-11-09 07:30:00,460,14.725000381469727,159.02499389648438,18.49999999998922,999.5000000000108,306.45220947265625,30.123838424682617,2.821413516998291,36971.89864080862,3961.120999545011,1306516.4383938182,157.10000000000002,15.0
MAN-YI,2024-11-09 08:00:00,461,14.766666412353516,158.96665954589844,18.66666666665948,999.3333333333404,306.45745849609375,29.20513343811035,2.858849048614502,33964.937904389306,3839.6205119097745,1302968.6561641337,157.10000000000002,15.0
MAN-YI,2024-11-09 08:30:00,462,14.808333396911621,158.90834045410156,18.83333333332974,999.1666666666704,306.46270751953125,26.626232147216797,2.857326030731201,32766.587764507196,4204.430439731359,1294842.4048255389,157.0,15.1
MAN-YI,2024-11-09 09:00:00,463,14.850000381469727,158.85000610351562,19.0,999.0,306.468017578125,27.56829071044922,2.9109902381896973,33362.771825203934,2885.772572083196,1292146.0887198215,146.8,13.4
MAN-YI,2024-11-09 09:30:00,464,14.891666412353516,158.7916717529297,19.16666666667026,998.8333333333296,306.4732971191406,25.598344802856445,2.9697515964508057,32671.796179056044,1565.6542118681432,1277821.3583132534,146.8,13.4
MAN-YI,2024-11-09 10:00:00,465,14.933333396911621,158.73333740234375,19.33333333331896,998.6666666666812,306.4786376953125,26.68587875366211,2.9889042377471924,30857.747874193403,2047.391070362269,1279420.7331434523,146.7,13.5
MAN-YI,2024-11-09 10:30:00,466,14.975000381469727,158.6750030517578,19.49999999998922,998.5000000000108,306.48394775390625,25.851076126098633,2.9777839183807373,31207.388544139452,1805.073653806704,1279733.320466048,146.60000000000002,13.5
MAN-YI,2024-11-09 11:00:00,467,15.016666412353516,158.61666870117188,19.66666666665948,998.3333333333404,306.48931884765625,25.942346572875977,3.090344190597534,34640.06465328273,3000.8122565400417,1319164.3050234988,146.5,13.6
MAN-YI,2024-11-09 11:30:00,468,15.058333396911621,158.55833435058594,19.83333333332974,998.1666666666704,306.4946594238281,28.04157257080078,3.191702127456665,36369.245301081064,4075.7449073866856,1354311.8165098876,156.60000000000002,15.3
MAN-YI,2024-11-09 12:00:00,469,15.100000381469727,158.5,20.0,998.0,306.50006103515625,28.09823989868164,3.161917209625244,36961.89705970799,3835.1980749662143,1354243.1112019415,156.5,15.4
MAN-YI,2024-11-09 12:30:00,470,15.158333778381348,158.39999389648438,20.249999999975746,997.7500000000242,301.15667724609375,25.778339385986328,2.5825648307800293,28681.11101067167,835.0278530950691,1173385.3563171187,156.8,15.7
MAN-YI,2024-11-09 13:00:00,471,15.216666221618652,158.3000030517578,20.49999999998383,997.500000000016,301.1637268066406,29.51658821105957,2.5416502952575684,25514.255134113428,1311.691281984041,1174983.2427633854,156.60000000000002,15.8
MAN-YI,2024-11-09 13:30:00,472,15.274999618530273,158.1999969482422,20.74999999999191,997.250000000008,301.1708068847656,29.88450813293457,2.6475837230682373,26051.50208824413,1788.057175282114,1202864.254068314,156.60000000000002,15.8
MAN-YI,2024-11-09 14:00:00,473,15.333333015441895,158.10000610351562,21.0,997.0,301.1778869628906,28.445764541625977,2.7462902069091797,28922.781254690126,1788.234025772199,1218554.3877360548,156.39999999999998,15.9
MAN-YI,2024-11-09 14:30:00,474,15.391666412353516,158.0,21.25000000000809,996.749999999992,301.1850280761719,28.97895050048828,2.8549039363861084,32211.576773112938,2026.06163765631,1227343.0404696804,156.39999999999998,15.9
MAN-YI,2024-11-09 15:00:00,475,15.449999809265137,157.89999389648438,21.49999999998383,996.500000000016,301.19219970703125,31.364639282226562,2.854247570037842,33744.038943844804,2501.8900818442244,1224286.2958688047,156.3,16.0
MAN-YI,2024-11-09 15:30:00,476,15.508333206176758,157.8000030517578,21.74999999999191,996.250000000008,301.1993713378906,30.263446807861328,2.878432035446167,33497.02748309663,2620.237265680904,1227815.5376584195,156.2,16.0
MAN-YI,2024-11-09 16:00:00,477,15.566666603088379,157.6999969482422,22.0,996.0,301.20660400390625,24.55609130859375,2.7751779556274414,23809.458251787124,714.3062029700955,1169264.6972962497,156.10000000000002,16.1
MAN-YI,2024-11-09 16:30:00,478,15.625,157.60000610351562,22.25000000000809,995.749999999992,301.2138366699219,25.440235137939453,2.840221643447876,23419.71646000328,833.1266843043602,1171786.6728286294,155.89999999999998,16.2
MAN-YI,2024-11-09 17:00:00,479,15.683333396911621,157.5,22.50000000001617,995.499999999984,301.22113037109375,23.980955123901367,2.804131031036377,24506.344321011344,594.8837600504874,1170186.2464315495,155.8,16.3
MAN-YI,2024-11-09 17:30:00,480,15.741666793823242,157.39999389648438,22.74999999999191,995.250000000008,301.2284240722656,21.602500915527344,2.8402175903320312,21809.16137225071,118.94043854430093,1173580.8334139206,155.7,16.3
MAN-YI,2024-11-09 18:00:00,481,15.800000190734863,157.3000030517578,23.0,995.0,301.23577880859375,21.519973754882812,2.848461151123047,20480.211529108215,118.87955378810366,1172855.9029750268,155.60000000000002,16.4
MAN-YI,2024-11-09 18:30:00,482,15.808333396911621,157.2083282470703,23.0,995.0,275.4097900390625,37.04352569580078,2.6745245456695557,46009.171329581644,12457.611481278218,1334534.3240445005,155.7,14.8
MAN-YI,2024-11-09 19:00:00,483,15.816666603088379,157.11666870117188,23.0,995.0,275.4100341796875,37.25103759765625,2.6628289222717285,46245.36810692525,12577.253495453631,1334863.3752983834,155.60000000000002,14.8
MAN-YI,2024-11-09 19:30:00,484,15.824999809265137,157.02499389648438,23.0,995.0,275.4102478027344,37.47141647338867,2.671170949935913,46364.19844045952,12816.03099186493,1335414.588424936,155.5,14.8
MAN-YI,2024-11-09 20:00:00,485,15.833333015441895,156.93333435058594,23.0,995.0,275.4104919433594,37.70241165161133,2.677670478820801,46364.406635776984,12695.839046529569,1336333.455983714,155.39999999999998,14.8
MAN-YI,2024-11-09 20:30:00,486,15.841666221618652,156.84165954589844,23.0,995.0,275.41070556640625,37.41355514526367,2.6836206912994385,43971.602343463426,11499.77372856522,1330183.5166418327,155.3,14.8
MAN-YI,2024-11-09 21:00:00,487,15.850000381469727,156.75,23.0,995.0,275.41094970703125,37.16221618652344,2.684817314147949,44090.43001051493,11618.190070900679,1331222.799524594,155.2,14.8
MAN-YI,2024-11-09 21:30:00,488,15.858333587646484,156.65834045410156,23.0,995.0,275.4111633300781,36.93947219848633,2.692687749862671,44326.99544008018,11857.201321417702,1331379.372984081,155.10000000000002,14.8
MAN-YI,2024-11-09 22:00:00,489,15.866666793823242,156.56666564941406,23.0,995.0,275.4114074707031,36.74583053588867,2.692080497741699,44687.03179137063,11857.033933596911,1331806.38344276,155.0,14.8
MAN-YI,2024-11-09 22:30:00,490,15.875,156.47500610351562,23.0,995.0,275.41162109375,36.587154388427734,2.699411153793335,44926.731135480695,11856.205754072444,1331894.5235221754,154.8,14.8
MAN-YI,2024-11-09 23:00:00,491,15.883333206176758,156.38333129882812,23.0,995.0,275.411865234375,36.6667366027832,2.688000440597534,45405.419515845344,11975.292365727382,1332464.1290504606,154.7,14.8
MAN-YI,2024-11-09 23:30:00,492,15.891666412353516,156.2916717529297,23.0,995.0,275.4120788574219,36.775611877441406,2.6868107318878174,44924.47343758903,11735.677942959404,1333609.815481395,154.60000000000002,14.8
MAN-YI,2024-11-10 00:00:00,493,15.899999618530273,156.1999969482422,23.0,995.0,275.4123229980469,36.91461181640625,2.671046733856201,45283.18471589034,11854.474643513948,1334229.730615542,154.5,14.8
MAN-YI,2024-11-10 00:30:00,494,15.891666412353516,156.14999389648438,23.0,995.0,260.1755065917969,27.809783935546875,2.511582374572754,28557.38970389463,6960.258461403851,1182561.2882556757,154.8,14.3
MAN-YI,2024-11-10 01:00:00,495,15.883333206176758,156.10000610351562,23.0,995.0,260.1759033203125,28.07371711730957,2.4804835319519043,28559.38327278054,7080.340270718191,1182948.9645702133,154.7,14.3
MAN-YI,2024-11-10 01:30:00,496,15.875,156.0500030517578,23.0,995.0,260.1763000488281,27.87761688232422,2.4973251819610596,28439.138454263953,6960.528312339768,1183529.6254216838,154.7,14.3
MAN-YI,2024-11-10 02:00:00,497,15.866666793823242,156.0,23.0,995.0,260.17669677734375,27.976930618286133,2.481750965118408,29041.887040770547,7080.987911813574,1183479.486624049,154.60000000000002,14.3
MAN-YI,2024-11-10 02:30:00,498,15.858333587646484,155.9499969482422,23.0,995.0,260.1770935058594,27.96155548095703,2.4747865200042725,28440.79907427694,6841.040905185966,1184279.1066659023,154.60000000000002,14.3
MAN-YI,2024-11-10 03:00:00,499,15.850000381469727,155.89999389648438,23.0,995.0,260.177490234375,27.8951358795166,2.4806277751922607,29042.795003750896,7081.525785557342,1184407.0718674697,154.5,14.3
MAN-YI,2024-11-10 03:30:00,500,15.841666221618652,155.85000610351562,23.0,995.0,260.1778869628906,28.061281204223633,2.4773147106170654,28442.945769540394,6721.549111508994,1184590.2682154106,154.5,14.3
MAN-YI,2024-11-10 04:00:00,501,15.833333015441895,155.8000030517578,23.0,995.0,260.17828369140625,27.827617645263672,2.4798007011413574,29044.618607393124,7562.655260644149,1185251.5011220884,154.39999999999998,14.3
MAN-YI,2024-11-10 04:30:00,502,15.824999809265137,155.75,23.0,995.0,260.1786804199219,28.177791595458984,2.4801185131073,28927.890933405386,7202.5710125024325,1186381.6185592138,154.39999999999998,14.3
MAN-YI,2024-11-10 05:00:00,503,15.816666603088379,155.6999969482422,23.0,995.0,260.1790771484375,27.86741828918457,2.484196662902832,29047.640165195313,7802.76308029997,1186738.6127347073,154.39999999999998,14.3
MAN-YI,2024-11-10 05:30:00,504,15.808333396911621,155.64999389648438,23.0,995.0,260.1794738769531,28.309680938720703,2.5047247409820557,28689.618803212652,7682.949293793479,1187468.0344642745,154.3,14.3
MAN-YI,2024-11-10 06:00:00,505,15.800000190734863,155.60000610351562,23.0,995.0,260.17987060546875,28.82305908203125,2.480501651763916,28570.87782136851,7923.166151357005,1187497.3355356604,154.2,14.2
MAN-YI,2024-11-10 06:30:00,506,15.783333778381348,155.53334045410156,23.0,995.0,255.44528198242188,28.693138122558594,2.5147087574005127,30736.26178137591,8405.679100351666,1199414.641601163,154.5,14.3
MAN-YI,2024-11-10 07:00:00,507,15.766666412353516,155.46665954589844,23.0,995.0,255.44642639160156,28.785959243774414,2.502077102661133,31217.694574445228,7925.890467931578,1199870.9030051478,154.5,14.3
MAN-YI,2024-11-10 07:30:00,508,15.75,155.39999389648438,23.0,995.0,255.4475555419922,28.941118240356445,2.492741823196411,31100.49711708629,8166.476337712906,1200225.4582413803,154.60000000000002,14.4
MAN-YI,2024-11-10 08:00:00,509,15.733333587646484,155.3333282470703,23.0,995.0,255.44869995117188,28.96693229675293,2.50656795501709,31222.80027211886,8767.517296643888,1201138.7849325659,154.39999999999998,14.2
MAN-YI,2024-11-10 08:30:00,510,15.716666221618652,155.26666259765625,23.0,995.0,255.4498291015625,28.93946075439453,2.5003480911254883,30865.308006733332,8528.471689163263,1202072.9343230696,154.3,14.2
MAN-YI,2024-11-10 09:00:00,511,15.699999809265137,155.1999969482422,23.0,995.0,255.45095825195312,28.950439453125,2.510157823562622,31109.096535352364,8768.684156284688,1202784.1050373013,154.2,14.2
MAN-YI,2024-11-10 09:30:00,512,15.683333396911621,155.13333129882812,23.0,995.0,255.45208740234375,29.882246017456055,2.514740467071533,31710.111518047124,9370.681578197677,1213074.8519391096,154.10000000000002,14.2
MAN-YI,2024-11-10 10:00:00,513,15.666666984558105,155.06666564941406,23.0,995.0,255.45321655273438,30.78660011291504,2.4714841842651367,32793.694093151425,9250.553483979735,1191920.6182320695,154.10000000000002,14.2
MAN-YI,2024-11-10 10:30:00,514,15.649999618530273,155.0,23.0,995.0,255.454345703125,31.291492462158203,2.438141345977783,33514.50675154017,9852.700375430673,1193657.407522953,153.7,14.0
MAN-YI,2024-11-10 11:00:00,515,15.633333206176758,154.93333435058594,23.0,995.0,255.45547485351562,31.16927146911621,2.4258248805999756,33397.58168942441,10333.44949708765,1194109.3457383288,154.0,14.2
MAN-YI,2024-11-10 11:30:00,516,15.616666793823242,154.86666870117188,23.0,995.0,255.4565887451172,31.88560676574707,2.4391698837280273,33041.27072331781,10093.232639524123,1194731.1245477644,153.60000000000002,14.0
MAN-YI,2024-11-10 12:00:00,517,15.600000381469727,154.8000030517578,23.0,995.0,255.4577178955078,35.98701095581055,2.3522446155548096,33766.34641699711,10214.322324719915,1169942.9029998586,153.5,14.0
MAN-YI,2024-11-10 12:30:00,518,15.583333015441895,154.73333740234375,23.0,995.0,255.45884704589844,33.810245513916016,2.3743629455566406,34247.97276172949,10214.85141599452,1169611.3700435276,153.39999999999998,14.0
MAN-YI,2024-11-10 13:00:00,519,15.566666603088379,154.6666717529297,23.0,995.0,255.4599609375,32.81747817993164,2.3541996479034424,34250.13646324895,10336.198143061116,1170017.690903585,153.39999999999998,14.0
MAN-YI,2024-11-10 13:30:00,520,15.550000190734863,154.60000610351562,23.0,995.0,255.46107482910156,34.59938430786133,2.3261871337890625,34250.64614777229,10337.670156512648,1170166.4310560215,153.3,13.9
MAN-YI,2024-11-10 14:00:00,521,15.533333778381348,154.53334045410156,23.0,995.0,255.4622039794922,37.18531036376953,2.2676334381103516,34015.59408640147,10697.450349516654,1146050.8111677095,153.2,13.9
MAN-YI,2024-11-10 14:30:00,522,15.516666412353516,154.46665954589844,23.0,995.0,255.46331787109375,37.11307144165039,2.2634012699127197,34740.247678978994,10818.843725193134,1146290.0937165772,153.2,13.9
MAN-YI,2024-11-10 15:00:00,523,15.5,154.39999389648438,23.0,995.0,255.4644317626953,39.75846481323242,2.265122890472412,34742.448157595296,10579.519844760187,1146419.574655985,153.10000000000002,13.9
MAN-YI,2024-11-10 15:30:00,524,15.483333587646484,154.3333282470703,23.0,995.0,255.46554565429688,37.11814880371094,2.2952537536621094,34864.78770783669,10820.524666999512,1146491.189871281,153.0,13.9
MAN-YI,2024-11-10 16:00:00,525,15.466666221618652,154.26666259765625,23.0,995.0,255.46665954589844,34.476173400878906,2.283618688583374,34746.8112476126,10821.309336662738,1146465.3515910325,152.89999999999998,13.9
MAN-YI,2024-11-10 16:30:00,526,15.449999809265137,154.1999969482422,23.0,995.0,255.4677734375,37.0277214050293,2.2660505771636963,34627.788706426385,10821.885076083014,1146266.2765210585,152.89999999999998,13.8
MAN-YI,2024-11-10 17:00:00,527,15.433333396911621,154.13333129882812,23.0,995.0,255.46888732910156,37.26234817504883,2.2650718688964844,34151.85471761893,10702.117939632593,1146242.3972275788,152.8,13.8
MAN-YI,2024-11-10 17:30:00,528,15.416666984558105,154.06666564941406,23.0,995.0,255.46998596191406,37.294368743896484,2.261115789413452,34876.071040603405,10823.555396983258,1146086.8894386427,152.8,13.8
MAN-YI,2024-11-10 18:00:00,529,15.399999618530273,154.0,23.0,995.0,255.47109985351562,39.93717956542969,2.262025833129883,34757.55964521178,10704.200987502925,1146100.8859529349,152.7,13.8
MAN-YI,2024-11-10 18:30:00,530,15.375,153.9250030517578,23.0,995.0,250.93832397460938,37.686771392822266,2.1076669692993164,36587.5410865202,10952.700920265865,1113692.147951411,152.7,13.7
MAN-YI,2024-11-10 19:00:00,531,15.350000381469727,153.85000610351562,23.0,995.0,250.9404296875,33.37042236328125,2.1282660961151123,32374.449949727314,9387.61967430629,1063984.1335400078,152.7,13.6
MAN-YI,2024-11-10 19:30:00,532,15.324999809265137,153.77499389648438,23.0,995.0,250.94253540039062,34.1649169921875,2.067622661590576,28645.108654697426,7341.1213779637965,1024436.4429755748,152.60000000000002,13.6
MAN-YI,2024-11-10 20:00:00,533,15.300000190734863,153.6999969482422,23.0,995.0,250.94464111328125,32.593387603759766,2.0727438926696777,28647.0646681901,7462.241964020566,1023585.4881819206,152.5,13.6
MAN-YI,2024-11-10 20:30:00,534,15.274999618530273,153.625,23.0,995.0,250.9467315673828,31.01996612548828,2.0665481090545654,28049.01884775675,7463.369625096767,1022928.9941463433,152.39999999999998,13.6
MAN-YI,2024-11-10 21:00:00,535,15.25,153.5500030517578,23.0,995.0,250.94882202148438,31.5797061920166,2.0628490447998047,28173.34283873184,7704.8257540046,1022340.5833571295,152.39999999999998,13.5
MAN-YI,2024-11-10 21:30:00,536,15.225000381469727,153.47500610351562,23.0,995.0,250.95091247558594,35.938148498535156,2.073200225830078,28175.86763210151,7464.651874076657,1025308.0076101182,152.3,13.5
MAN-YI,2024-11-10 22:00:00,537,15.199999809265137,153.39999389648438,23.0,995.0,250.9530029296875,33.92012023925781,2.076775550842285,28539.27165344333,7466.032904335738,1024686.2352767513,152.2,13.5
MAN-YI,2024-11-10 22:30:00,538,15.175000190734863,153.3249969482422,23.0,995.0,250.955078125,33.04378128051758,2.054818868637085,28906.214665938365,7467.259712028101,1028862.4466025126,152.10000000000002,13.5
MAN-YI,2024-11-10 23:00:00,539,15.149999618530273,153.25,23.0,995.0,250.9571533203125,33.75672912597656,2.1110384464263916,32394.64602919347,9032.801422095774,1062260.7179507583,152.10000000000002,13.4
MAN-YI,2024-11-10 23:30:00,540,15.125,153.1750030517578,23.0,995.0,250.959228515625,37.368125915527344,2.1344902515411377,32638.02773033541,9033.564829536004,1061674.3386827079,152.0,13.4
MAN-YI,2024-11-11 00:00:00,541,15.100000381469727,153.10000610351562,23.0,995.0,250.9613037109375,33.81924057006836,2.1502256393432617,29760.95513142491,6265.491082940993,1043370.4378608993,151.89999999999998,13.4
MAN-YI,2024-11-11 00:30:00,542,15.050000190734863,153.0500030517578,23.0,995.0,224.0034637451172,41.158302307128906,3.0776748657226562,37888.76780716809,8687.674772804956,1383370.513116837,152.60000000000002,13.1
MAN-YI,2024-11-11 01:00:00,543,15.0,153.0,23.0,995.0,224.01016235351562,41.42539978027344,3.0651614665985107,37652.76841459265,9292.37666594093,1387533.2977575404,152.60000000000002,13.0
MAN-YI,2024-11-11 01:30:00,544,14.949999809265137,152.9499969482422,23.0,995.0,224.01683044433594,38.21401596069336,2.954439878463745,35963.56093804969,9293.696362217062,1337776.1171812536,152.60000000000002,13.0
MAN-YI,2024-11-11 02:00:00,545,14.899999618530273,152.89999389648438,23.0,995.0,224.0234832763672,37.883209228515625,2.880290985107422,35603.35753439311,9053.4692161249,1340924.1545198902,152.60000000000002,12.9
MAN-YI,2024-11-11 02:30:00,546,14.850000381469727,152.85000610351562,23.0,995.0,224.0301055908203,31.39433479309082,3.2765533924102783,44190.01743081883,9415.610831292972,1413115.1888903258,152.60000000000002,12.8
MAN-YI,2024-11-11 03:00:00,547,14.800000190734863,152.8000030517578,23.0,995.0,224.03671264648438,29.367765426635742,3.5206573009490967,49151.63795695198,8451.573451187494,1465472.111373064,152.5,12.8
MAN-YI,2024-11-11 03:30:00,548,14.75,152.75,23.0,995.0,224.0432891845703,28.824228286743164,3.473410129547119,46043.99830353439,6399.943563636221,1444348.5598507714,152.7,13.1
MAN-YI,2024-11-11 04:00:00,549,14.699999809265137,152.6999969482422,23.0,995.0,224.0498504638672,30.68559455871582,3.5703530311584473,49076.75909358342,6886.066890194012,1466349.1078771723,152.39999999999998,12.8
MAN-YI,2024-11-11 04:30:00,550,14.649999618530273,152.64999389648438,23.0,995.0,224.05638122558594,35.23310470581055,3.3032524585723877,46558.94635781501,8216.563287063136,1445126.445145236,152.3,12.8
MAN-YI,2024-11-11 05:00:00,551,14.600000381469727,152.60000610351562,23.0,995.0,224.06289672851562,34.443565368652344,3.185474157333374,46086.99652581159,8701.322859092972,1419611.6826454324,152.3,12.7
MAN-YI,2024-11-11 05:30:00,552,14.550000190734863,152.5500030517578,23.0,995.0,224.0693817138672,33.472984313964844,3.103665351867676,44144.20880456203,10275.819503102897,1416073.071490998,152.3,12.7
MAN-YI,2024-11-11 06:00:00,553,14.5,152.5,23.0,995.0,224.0758514404297,31.922338485717773,2.967310905456543,40522.72194391952,11366.073157913737,1389069.3593938164,152.2,12.6
MAN-YI,2024-11-11 06:30:00,554,14.483333587646484,152.43333435058594,23.0,995.0,255.5299530029297,19.092636108398438,2.320695638656616,26259.153887756547,0.0,998976.7522588924,152.3,13.3
MAN-YI,2024-11-11 07:00:00,555,14.466666221618652,152.36666870117188,23.0,995.0,255.53097534179688,18.560178756713867,2.3142242431640625,26495.43651389955,0.0,997143.6552614107,152.3,13.3
MAN-YI,2024-11-11 07:30:00,556,14.449999809265137,152.3000030517578,23.0,995.0,255.53201293945312,21.441551208496094,2.52553129196167,30142.637292237698,120.5977117212516,1107260.9117885767,152.2,13.3
MAN-YI,2024-11-11 08:00:00,557,14.433333396911621,152.23333740234375,23.0,995.0,255.5330352783203,20.841928482055664,2.5326344966888428,30505.54559520257,361.8427074629029,1108291.0785199292,152.2,13.3
MAN-YI,2024-11-11 08:30:00,558,14.416666984558105,152.1666717529297,23.0,995.0,255.53407287597656,20.96957778930664,2.554177761077881,31471.25740753124,241.2449957416513,1115106.2094180419,152.10000000000002,13.2
MAN-YI,2024-11-11 09:00:00,559,14.399999618530273,152.10000610351562,23.0,995.0,255.53509521484375,21.752017974853516,2.5612332820892334,31838.681785032983,724.3742813386293,1122586.4983527833,151.10000000000002,13.1
MAN-YI,2024-11-11 09:30:00,560,14.383333206176758,152.03334045410156,23.0,995.0,255.53611755371094,22.7969970703125,2.594285249710083,31725.696788824083,1207.1595010929796,1128247.9978606263,151.0,13.0
MAN-YI,2024-11-11 10:00:00,561,14.366666793823242,151.96665954589844,23.0,995.0,255.53713989257812,23.882320404052734,2.6160354614257812,33894.10876295202,2535.1575892294304,1142513.5610527955,151.0,13.0
MAN-YI,2024-11-11 10:30:00,562,14.350000381469727,151.89999389648438,23.0,995.0,255.53817749023438,23.814069747924805,2.6120119094848633,33657.23818895469,2293.7179809099525,1142888.8724657546,150.89999999999998,13.0
MAN-YI,2024-11-11 11:00:00,563,14.333333015441895,151.8333282470703,23.0,995.0,255.53919982910156,27.851516723632812,2.5657029151916504,32694.8285395586,5553.426077405058,1144865.1643371019,150.8,13.0
MAN-YI,2024-11-11 11:30:00,564,14.316666603088379,151.76666259765625,23.0,995.0,255.5402069091797,27.800174713134766,2.5730812549591064,32215.503765071306,5312.33090049336,1146421.485192814,150.8,12.9
MAN-YI,2024-11-11 12:00:00,565,14.300000190734863,151.6999969482422,23.0,995.0,255.54122924804688,28.09482192993164,2.537940263748169,31011.28880508489,4829.403950605671,1141340.273994755,150.7,13.0
MAN-YI,2024-11-11 12:30:00,566,14.291666984558105,151.59165954589844,23.0,995.0,265.47467041015625,21.47889518737793,2.612783193588257,27712.940271697888,722.629339855032,1077201.206664603,149.60000000000002,13.6
MAN-YI,2024-11-11 13:00:00,567,14.283333778381348,151.48333740234375,23.0,995.0,265.474853515625,21.470781326293945,2.611487865447998,27954.384292982173,722.629339855032,1076599.6054432853,149.5,13.6
MAN-YI,2024-11-11 13:30:00,568,14.274999618530273,151.375,23.0,995.0,265.4750061035156,25.722572326660156,2.6024067401885986,29889.80333113304,4704.22654349984,1105729.4900062908,150.2,13.1
MAN-YI,2024-11-11 14:00:00,569,14.266666412353516,151.26666259765625,23.0,995.0,265.47515869140625,25.918785095214844,2.649847984313965,31940.61560165587,3138.4446858080164,1132197.851039501,150.10000000000002,13.0
MAN-YI,2024-11-11 14:30:00,570,14.258333206176758,151.15834045410156,23.0,995.0,265.4753112792969,23.902057647705078,2.572744607925415,28932.094999295397,2052.3261067284466,1094479.1834960557,150.0,13.0
MAN-YI,2024-11-11 15:00:00,571,14.25,151.0500030517578,23.0,995.0,265.4754943847656,23.840486526489258,2.5893561840057373,29292.62717753792,2052.3261067284466,1102925.238342776,149.8,12.9
MAN-YI,2024-11-11 15:30:00,572,14.241666793823242,150.94166564941406,23.0,995.0,265.47564697265625,22.873462677001953,2.5910091400146484,29529.485990977126,1690.0904967461736,1097802.1287048226,149.7,13.1
MAN-YI,2024-11-11 16:00:00,573,14.233333587646484,150.8333282470703,23.0,995.0,265.4757995605469,21.60712432861328,2.6008760929107666,30368.66541321975,1567.9072144861748,1101636.907052327,149.8,13.5
MAN-YI,2024-11-11 16:30:00,574,14.225000381469727,150.72500610351562,23.0,995.0,265.4759521484375,21.21308135986328,2.513187885284424,27963.824548592303,361.54270244145243,1069968.1574961504,149.7,13.5
MAN-YI,2024-11-11 17:00:00,575,14.216666221618652,150.61666870117188,23.0,995.0,265.4761047363281,20.448945999145508,2.5004067420959473,28448.813303403942,482.7330751727195,1060927.9142373921,149.60000000000002,13.5
MAN-YI,2024-11-11 17:30:00,576,14.208333015441895,150.50833129882812,23.0,995.0,265.4762878417969,20.079303741455078,2.4196674823760986,26038.77585257979,120.49746519044672,1030763.3914612487,149.5,13.5
MAN-YI,2024-11-11 18:00:00,577,14.199999809265137,150.39999389648438,23.0,995.0,265.4764404296875,20.4768009185791,2.4712116718292236,24716.141449966402,120.74532593115859,1031392.0112185655,149.2,13.0
MAN-YI,2024-11-11 18:30:00,578,14.191666603088379,150.28334045410156,23.0,995.0,265.8004455566406,21.519357681274414,2.4870717525482178,23754.2492264972,603.8235682817092,1035506.1699264962,149.10000000000002,13.0
MAN-YI,2024-11-11 19:00:00,579,14.183333396911621,150.1666717529297,23.0,995.0,265.80059814453125,22.12904930114746,2.499049663543701,24839.855554015005,603.5272382280392,1033898.708449122,148.89999999999998,13.0
MAN-YI,2024-11-11 19:30:00,580,14.175000190734863,150.0500030517578,23.0,995.0,265.8007507324219,21.3289794921875,2.683743953704834,27978.2781082457,240.99493038089344,1069581.1020782639,149.10000000000002,13.5
MAN-YI,2024-11-11 20:00:00,581,14.166666984558105,149.93333435058594,23.0,995.0,265.8009033203125,20.984094619750977,3.0044121742248535,31125.053764994766,362.52568979467776,1130177.7866286794,148.8,12.8
MAN-YI,2024-11-11 20:30:00,582,14.158333778381348,149.81666564941406,23.0,995.0,265.801025390625,19.317975997924805,3.0400757789611816,30165.673888643938,0.0,1147011.6507056206,148.89999999999998,12.8
MAN-YI,2024-11-11 21:00:00,583,14.149999618530273,149.6999969482422,23.0,995.0,265.8011779785156,21.56818389892578,3.027039051055908,29804.638558734678,241.68379319645183,1160272.5992020913,148.8,12.8
MAN-YI,2024-11-11 21:30:00,584,14.141666412353516,149.5833282470703,23.0,995.0,265.80133056640625,24.173023223876953,3.028853416442871,31485.654250227293,1208.2742938145575,1169936.3590371637,148.60000000000002,12.8
MAN-YI,2024-11-11 22:00:00,585,14.133333206176758,149.46665954589844,23.0,995.0,265.8014831542969,21.403059005737305,3.0318219661712646,31581.333935059178,241.68379319645183,1146448.7715985165,148.5,12.8
MAN-YI,2024-11-11 22:30:00,586,14.125,149.35000610351562,23.0,995.0,265.8016357421875,19.291728973388672,3.0454928874969482,27223.061921643894,0.0,1117023.6743418004,148.0,14.3
MAN-YI,2024-11-11 23:00:00,587,14.116666793823242,149.23333740234375,23.0,995.0,265.8017578125,20.192699432373047,3.0310587882995605,26017.828162529288,240.16361862868155,1129793.5974092607,147.8,14.3
MAN-YI,2024-11-11 23:30:00,588,14.108333587646484,149.11666870117188,23.0,995.0,265.8019104003906,20.001327514648438,2.881767511367798,22040.923253460605,120.34434286161668,1105305.4707267229,147.3,13.8
MAN-YI,2024-11-12 00:00:00,589,14.100000381469727,149.0,23.0,995.0,265.80206298828125,17.61700439453125,2.8244283199310303,22858.49175938499,0.0,1093519.3685703487,147.2,13.8
MAN-YI,2024-11-12 00:30:00,590,14.100000381469727,148.875,22.750000000024254,995.2499999999758,270.0152282714844,23.626434326171875,2.961117744445801,27152.986717583943,1208.3212909990698,1145983.2711738036,148.39999999999998,12.9
MAN-YI,2024-11-12 01:00:00,591,14.100000381469727,148.75,22.50000000001617,995.499999999984,270.0152282714844,16.334413528442383,2.6602370738983154,22694.79626800542,0.0,1066935.3050116778,148.3,12.9
MAN-YI,2024-11-12 01:30:00,592,14.100000381469727,148.625,22.25000000000809,995.749999999992,270.0152282714844,14.011320114135742,2.7137649059295654,22186.971397932724,0.0,1047058.166598455,147.0,14.8
MAN-YI,2024-11-12 02:00:00,593,14.100000381469727,148.5,22.0,996.0,270.0152282714844,15.672073364257812,2.7508161067962646,21065.30844497819,0.0,1073893.9003063207,146.8,14.8
MAN-YI,2024-11-12 02:30:00,594,14.100000381469727,148.375,21.74999999999191,996.250000000008,270.0152282714844,15.032598495483398,2.888153553009033,22277.32210307588,0.0,1110787.2698528138,146.8,14.9
MAN-YI,2024-11-12 03:00:00,595,14.100000381469727,148.25,21.50000000001617,996.499999999984,270.0152282714844,14.809618949890137,2.6401357650756836,16616.827331856955,0.0,1069767.9700633367,145.7,14.7
MAN-YI,2024-11-12 03:30:00,596,14.100000381469727,148.125,21.25000000000809,996.749999999992,270.0152282714844,15.530380249023438,2.7061023712158203,16379.174755067983,0.0,1072441.73166105,145.5,14.7
MAN-YI,2024-11-12 04:00:00,597,14.100000381469727,148.0,21.0,997.0,270.0152282714844,15.100799560546875,2.696986675262451,15394.624900359067,0.0,1059541.9911470267,145.39999999999998,14.7
MAN-YI,2024-11-12 04:30:00,598,14.100000381469727,147.875,20.74999999999191,997.250000000008,270.0152282714844,15.729426383972168,2.7328712940216064,13319.311521358719,0.0,1077569.3860110217,145.5,14.7
MAN-YI,2024-11-12 05:00:00,599,14.100000381469727,147.75,20.49999999998383,997.500000000016,270.0152282714844,18.608102798461914,2.8742775917053223,16667.421876027794,0.0,1136187.8596143005,145.39999999999998,14.7
MAN-YI,2024-11-12 05:30:00,600,14.100000381469727,147.625,20.25000000000809,997.749999999992,270.0152282714844,17.888444900512695,2.881767749786377,15963.89506572717,0.0,1143707.6871177256,145.3,14.7
MAN-YI,2024-11-12 06:00:00,601,14.100000381469727,147.5,20.0,998.0,270.0152282714844,17.343852996826172,2.900512218475342,16454.67952115881,0.0,1136057.0818989086,145.2,14.7
MAN-YI,2024-11-12 06:30:00,602,14.091666221618652,147.40834045410156,20.0,998.0,264.6564025878906,18.323421478271484,2.8908352851867676,21817.591928407866,0.0,1162766.1608171647,145.0,14.1
MAN-YI,2024-11-12 07:00:00,603,14.083333015441895,147.31666564941406,20.0,998.0,264.6565856933594,19.411346435546875,2.9089293479919434,22420.053868234594,0.0,1165123.8942134655,144.89999999999998,14.1
MAN-YI,2024-11-12 07:30:00,604,14.074999809265137,147.22500610351562,20.0,998.0,264.6567687988281,20.071720123291016,2.9274632930755615,22420.6542320473,120.18792123183557,1166957.3899516375,144.8,14.1
MAN-YI,2024-11-12 08:00:00,605,14.066666603088379,147.13333129882812,20.0,998.0,264.6569519042969,20.293981552124023,2.9310359954833984,22660.908279934927,120.18792123183557,1169422.8385759792,144.7,14.1
MAN-YI,2024-11-12 08:30:00,606,14.058333396911621,147.0416717529297,20.0,998.0,264.6571350097656,20.358495712280273,2.930903673171997,24226.561291787904,120.79379524411672,1180588.841819465,145.5,12.9
MAN-YI,2024-11-12 09:00:00,607,14.050000190734863,146.9499969482422,20.0,998.0,264.6573486328125,20.8519229888916,2.9349188804626465,24343.89967704245,362.18530220948503,1186680.40015817,146.10000000000002,13.3
MAN-YI,2024-11-12 09:30:00,608,14.041666984558105,146.85833740234375,20.0,998.0,264.65753173828125,23.61686897277832,3.281538963317871,27022.495302586296,1206.0758944492677,1337842.8359051226,146.2,13.3
MAN-YI,2024-11-12 10:00:00,609,14.033333778381348,146.76666259765625,20.0,998.0,264.65771484375,23.55317497253418,3.3283653259277344,30285.696939878108,2413.039679531933,1352796.5352010636,146.10000000000002,13.3
MAN-YI,2024-11-12 10:30:00,610,14.024999618530273,146.6750030517578,20.0,998.0,264.65789794921875,21.811885833740234,3.3071889877319336,31137.40407694423,2171.894195750122,1346306.925738048,146.3,13.2
MAN-YI,2024-11-12 11:00:00,611,14.016666412353516,146.5833282470703,20.0,998.0,264.6580810546875,19.438899993896484,3.269923210144043,28721.928528594304,0.0,1297452.6937072887,145.3,13.0
MAN-YI,2024-11-12 11:30:00,612,14.008333206176758,146.49166870117188,20.0,998.0,264.65826416015625,19.24932861328125,3.107226848602295,28819.594102912837,0.0,1264277.8123224513,146.60000000000002,13.5
MAN-YI,2024-11-12 12:00:00,613,14.0,146.39999389648438,20.0,998.0,264.658447265625,22.069534301757812,3.1370809078216553,34621.552380845125,965.6178061330013,1319936.6191651374,145.60000000000002,13.2
MAN-YI,2024-11-12 12:30:00,614,13.949999809265137,146.2916717529297,20.0,998.0,244.57656860351562,21.17112922668457,3.1050267219543457,28845.043191182012,361.4417216450517,1258681.9970143659,143.89999999999998,13.5
MAN-YI,2024-11-12 13:00:00,615,13.899999618530273,146.18333435058594,20.0,998.0,244.5813446044922,20.77790069580078,3.111023187637329,27761.397547995188,241.0452372510057,1251137.4852446334,143.8,13.5
MAN-YI,2024-11-12 13:30:00,616,13.850000381469727,146.0749969482422,20.0,998.0,244.5861053466797,19.776357650756836,3.086195945739746,28008.84346268936,0.0,1257194.1764399386,146.3,13.6
MAN-YI,2024-11-12 14:00:00,617,13.800000190734863,145.96665954589844,20.0,998.0,244.59083557128906,20.626258850097656,3.1161556243896484,28618.45563951691,120.44679126415826,1259838.6014759555,146.2,13.6
MAN-YI,2024-11-12 14:30:00,618,13.75,145.85833740234375,20.0,998.0,244.59555053710938,20.113313674926758,3.103986978530884,28503.166266476488,120.49746519044672,1263270.4478480876,146.10000000000002,13.5
MAN-YI,2024-11-12 15:00:00,619,13.699999809265137,145.75,20.0,998.0,244.60025024414062,18.984956741333008,3.089242696762085,28628.424857661837,0.0,1264655.762680295,146.0,12.9
MAN-YI,2024-11-12 15:30:00,620,13.649999618530273,145.64166259765625,20.0,998.0,244.60491943359375,18.173025131225586,2.954446792602539,23555.666500473286,0.0,1202428.3681841588,140.10000000000002,4.1
MAN-YI,2024-11-12 16:00:00,621,13.600000381469727,145.53334045410156,20.0,998.0,244.60958862304688,16.057750701904297,2.9660263061523438,23442.887288946422,0.0,1205224.9114684034,143.10000000000002,13.1
MAN-YI,2024-11-12 16:30:00,622,13.550000190734863,145.4250030517578,20.0,998.0,244.61422729492188,20.892810821533203,3.106332778930664,29481.45759471417,602.8372704822518,1312527.6132119498,145.60000000000002,13.4
MAN-YI,2024-11-12 17:00:00,623,13.5,145.31666564941406,20.0,998.0,244.6188507080078,19.825355529785156,3.095022678375244,26229.157532153546,0.0,1285380.2094877085,143.10000000000002,12.6
MAN-YI,2024-11-12 17:30:00,624,13.449999809265137,145.2083282470703,20.0,998.0,244.62344360351562,19.842395782470703,3.1461575031280518,26951.68011370678,0.0,1331526.3115636436,143.0,12.6
MAN-YI,2024-11-12 18:00:00,625,13.399999618530273,145.10000610351562,20.0,998.0,244.62803649902344,20.063884735107422,3.1492056846618652,27923.23524185018,120.98399144781627,1333936.1874242784,142.89999999999998,12.5
MAN-YI,2024-11-12 18:30:00,626,13.333333015441895,145.01666259765625,20.0,998.0,230.5800323486328,20.419084548950195,2.9099910259246826,29904.837472454867,121.21344356511663,1215946.3006429486,142.89999999999998,12.0
MAN-YI,2024-11-12 19:00:00,627,13.266666412353516,144.93333435058594,20.0,998.0,230.58773803710938,20.15337562561035,2.9159481525421143,30396.169495341244,120.93699484491857,1215235.1379217273,145.39999999999998,12.6
MAN-YI,2024-11-12 19:30:00,628,13.199999809265137,144.85000610351562,20.0,998.0,230.59539794921875,20.026784896850586,2.9149627685546875,30040.16003352075,120.98399144781627,1213877.3214034499,145.3,12.5
MAN-YI,2024-11-12 20:00:00,629,13.133333206176758,144.76666259765625,20.0,998.0,230.60302734375,20.039880752563477,2.918851375579834,28957.896192091637,120.98399144781627,1213992.0611238426,145.2,12.5
MAN-YI,2024-11-12 20:30:00,630,13.066666603088379,144.68333435058594,20.0,998.0,230.61061096191406,20.30596160888672,2.9234862327575684,30419.62941313201,121.03061951249443,1213968.1501649418,145.10000000000002,12.4
MAN-YI,2024-11-12 21:00:00,631,13.0,144.60000610351562,20.0,998.0,230.61814880371094,20.075687408447266,2.924353837966919,29820.873194392814,121.07687889691586,1213857.1972106362,145.0,12.3
MAN-YI,2024-11-12 21:30:00,632,12.933333396911621,144.51666259765625,20.0,998.0,230.62564086914062,20.794769287109375,3.0015604496002197,30316.79030517388,484.3992967141646,1232964.278852094,145.0,12.3
MAN-YI,2024-11-12 22:00:00,633,12.866666793823242,144.43333435058594,20.0,998.0,230.6331024169922,21.664241790771484,3.0010287761688232,30324.744556176185,242.2455389203329,1232540.857565413,144.89999999999998,12.2
MAN-YI,2024-11-12 22:30:00,634,12.800000190734863,144.35000610351562,20.0,998.0,230.64053344726562,21.55553436279297,3.0060834884643555,30212.270830877635,363.4593515850777,1231918.543963313,144.8,12.1
MAN-YI,2024-11-12 23:00:00,635,12.733333587646484,144.26666259765625,20.0,998.0,230.6479034423828,20.105257034301758,2.967252254486084,30585.743511638386,242.38173462757226,1227181.4907503142,144.7,12.0
MAN-YI,2024-11-12 23:30:00,636,12.666666984558105,144.18333435058594,20.0,998.0,230.65524291992188,20.68978500366211,2.990816354751587,29986.092184677967,242.60380341062276,1226397.2999512984,142.0,11.6
MAN-YI,2024-11-13 00:00:00,637,12.600000381469727,144.10000610351562,20.0,998.0,230.6625518798828,22.04608154296875,2.999351978302002,31331.0924714049,242.8240246548987,1236907.0216798603,141.89999999999998,11.5
MAN-YI,2024-11-13 00:30:00,638,12.566666603088379,143.99166870117188,19.83333333332974,998.1666666666704,252.51356506347656,20.53703498840332,3.0015511512756348,32767.225957706447,485.0570037726353,1290198.0911336192,142.89999999999998,11.4
MAN-YI,2024-11-13 01:00:00,639,12.533333778381348,143.88333129882812,19.66666666665948,998.3333333333404,252.5156707763672,20.973464965820312,3.0124218463897705,30586.99447132966,364.4723646129229,1281821.2567116616,142.89999999999998,11.4
MAN-YI,2024-11-13 01:30:00,640,12.5,143.77499389648438,19.50000000001078,998.4999999999892,252.51776123046875,21.507320404052734,3.0042524337768555,29130.89943676644,242.06123902498885,1274443.5575298765,141.3,12.4
MAN-YI,2024-11-13 02:00:00,641,12.466666221618652,143.6666717529297,19.33333333334052,998.6666666666596,252.5198516845703,20.960973739624023,3.033221960067749,30950.975655775263,242.10749840941028,1274195.8305673804,141.3,12.4
MAN-YI,2024-11-13 02:30:00,642,12.433333396911621,143.55833435058594,19.16666666667026,998.8333333333296,252.5219268798828,25.20733070373535,3.3755459785461426,34945.67749756215,847.6691803337624,1356780.2876778166,141.2,12.3
MAN-YI,2024-11-13 03:00:00,643,12.399999618530273,143.4499969482422,19.0,999.0,252.52401733398438,26.156721115112305,3.368685007095337,33973.942876530215,847.5374146360693,1348630.4862180287,141.10000000000002,12.3
MAN-YI,2024-11-13 03:30:00,644,12.366666793823242,143.34165954589844,18.83333333332974,999.1666666666704,252.5260772705078,28.156234741210938,3.5453827381134033,37935.9994556791,968.6601840962358,1404821.4749826621,141.0,12.3
MAN-YI,2024-11-13 04:00:00,645,12.333333015441895,143.23333740234375,18.66666666668104,999.3333333333188,252.52813720703125,27.247108459472656,3.5314385890960693,36969.29409310157,968.6601840962358,1396099.0939409626,140.89999999999998,12.3
MAN-YI,2024-11-13 04:30:00,646,12.300000190734863,143.125,18.50000000001078,999.4999999999892,252.5301971435547,26.950254440307617,3.5408074855804443,36973.47143813854,848.0807170822928,1397524.6941844276,140.8,12.3
MAN-YI,2024-11-13 05:00:00,647,12.266666412353516,143.01666259765625,18.33333333334052,999.6666666666596,252.53225708007812,30.34636878967285,3.8458235263824463,42312.53075589989,1939.2130666922635,1501906.5294243526,140.7,12.2
MAN-YI,2024-11-13 05:30:00,648,12.233333587646484,142.90834045410156,18.16666666667026,999.8333333333296,252.5343017578125,29.896648406982422,3.7792041301727295,41099.90230357942,2060.606379889467,1492707.4574440084,140.60000000000002,12.2
MAN-YI,2024-11-13 06:00:00,649,12.199999809265137,142.8000030517578,18.0,1000.0,252.5363311767578,29.791982650756836,3.813859701156616,41711.23700929804,2182.174023767697,1498291.0955208768,140.39999999999998,12.1
MAN-YI,2024-11-13 06:30:00,650,12.166666984558105,142.6750030517578,18.1666666666505,999.8333333333496,254.75360107421875,22.897607803344727,3.813913583755493,39427.52500519536,1334.6229488985223,1478910.206702164,140.3,12.2
MAN-YI,2024-11-13 07:00:00,651,12.133333206176758,142.5500030517578,18.333333333322553,999.6666666666774,254.75540161132812,24.197111129760742,3.8379461765289307,39797.05821277068,970.8064394512046,1481922.5685592485,140.89999999999998,11.5
MAN-YI,2024-11-13 07:30:00,652,12.100000381469727,142.4250030517578,18.49999999999461,999.5000000000052,254.75718688964844,25.46794891357422,3.968114137649536,42241.75910988361,1699.271489820272,1533180.9346097189,140.8,11.5
MAN-YI,2024-11-13 08:00:00,653,12.066666603088379,142.3000030517578,18.666666666666668,999.3333333333334,254.7589569091797,25.242712020874023,4.067317008972168,44084.55314533324,3887.075049170822,1582142.9775909302,140.7,11.4
MAN-YI,2024-11-13 08:30:00,654,12.033333778381348,142.1750030517578,18.83333333333872,999.1666666666612,254.76072692871094,26.42595863342285,4.056591510772705,43120.20111136905,4494.495429656514,1584608.3954395666,140.5,11.4
MAN-YI,2024-11-13 09:00:00,655,12.0,142.0500030517578,18.99999999998922,999.0000000000108,254.7624969482422,26.80103302001953,4.085476875305176,43369.8107921536,4010.0950706920867,1588825.9853947472,140.39999999999998,11.4
MAN-YI,2024-11-13 09:30:00,656,11.966666221618652,141.9250030517578,19.16666666666128,998.8333333333388,254.76426696777344,25.72196388244629,4.102841377258301,44101.63691176142,4010.2212849410325,1591905.5702157766,140.3,11.3
MAN-YI,2024-11-13 10:00:00,657,11.933333396911621,141.8000030517578,19.333333333333332,998.6666666666666,254.76602172851562,26.383445739746094,4.095147609710693,44471.14504214938,4496.844619764992,1594751.9619835007,140.2,11.3
MAN-YI,2024-11-13 10:30:00,658,11.899999618530273,141.6750030517578,19.50000000000539,998.4999999999948,254.7677764892578,25.50241470336914,4.110376834869385,44235.80730049029,4497.689991183476,1597810.6594557965,140.10000000000002,11.3
MAN-YI,2024-11-13 11:00:00,659,11.866666793823242,141.5500030517578,19.666666666677447,998.3333333333226,254.76951599121094,25.523584365844727,4.224553108215332,47535.45868046851,4620.418360004718,1661754.4811085574,139.89999999999998,11.3
MAN-YI,2024-11-13 11:30:00,660,11.833333015441895,141.4250030517578,19.833333333327943,998.166666666672,254.77125549316406,27.860219955444336,4.271306991577148,47175.01649333889,4742.9875666166945,1665711.2715764989,139.8,11.2
MAN-YI,2024-11-13 12:00:00,661,11.800000190734863,141.3000030517578,20.0,998.0,254.7729949951172,26.585636138916016,4.2836713790893555,48153.16079995488,5350.348731839193,1669030.5171416884,139.7,11.2
MAN-YI,2024-11-13 12:30:00,662,11.766666412353516,141.14999389648438,20.25000000000539,997.7499999999948,257.2255859375,23.823360443115234,3.832932472229004,41425.743660215885,849.541176812307,1509829.9162762775,138.8,11.9
MAN-YI,2024-11-13 13:00:00,663,11.733333587646484,141.0,20.50000000001078,997.4999999999892,257.22705078125,24.371267318725586,3.8575804233551025,42042.66564445052,727.8151053172965,1523687.424727635,138.7,11.8
MAN-YI,2024-11-13 13:30:00,664,11.699999809265137,140.85000610351562,20.75000000001617,997.249999999984,257.2284851074219,22.87285614013672,4.0236616134643555,44241.62491612403,971.7528429140434,1560715.7068292398,139.0,11.1
MAN-YI,2024-11-13 14:00:00,665,11.666666984558105,140.6999969482422,20.99999999998922,997.0000000000108,257.2299499511719,22.754579544067383,4.05806827545166,46198.12883811007,2796.6981531280276,1572691.1938791734,138.89999999999998,11.0
MAN-YI,2024-11-13 14:30:00,666,11.633333206176758,140.5500030517578,21.24999999999461,996.7500000000052,257.23138427734375,22.939802169799805,4.103641510009766,45839.60732076134,2675.8570584155646,1575698.3134000152,140.3,10.9
MAN-YI,2024-11-13 15:00:00,667,11.600000381469727,140.39999389648438,21.5,996.5,257.2328186035156,27.950796127319336,4.055675506591797,47206.14361581525,4381.159716950035,1620346.3481564573,140.10000000000002,10.8
MAN-YI,2024-11-13 15:30:00,668,11.566666603088379,140.25,21.75000000000539,996.2499999999948,257.2342529296875,29.464122772216797,4.093311309814453,48307.10030515329,5112.1645396367985,1648083.9814598581,140.0,10.8
MAN-YI,2024-11-13 16:00:00,669,11.533333778381348,140.10000610351562,22.00000000001078,995.9999999999892,257.2356872558594,33.73516082763672,4.142165184020996,49564.013598198326,7304.837728618295,1683433.609604955,139.89999999999998,10.8
MAN-YI,2024-11-13 16:30:00,670,11.5,139.9499969482422,22.24999999998383,995.750000000016,257.23712158203125,37.91129684448242,4.103024959564209,54463.83656221599,11082.02045205854,1726316.9003494994,139.7,10.7
MAN-YI,2024-11-13 17:00:00,671,11.466666221618652,139.8000030517578,22.49999999998922,995.5000000000108,257.238525390625,44.50898361206055,4.26503324508667,60083.57956190477,12789.952908656458,1800615.5894997302,139.60000000000002,10.6
MAN-YI,2024-11-13 17:30:00,672,11.433333396911621,139.64999389648438,22.74999999999461,995.2500000000052,257.2399597167969,43.28433609008789,4.258910655975342,58620.16002826204,12425.336161401421,1795058.7479703578,139.39999999999998,10.6
MAN-YI,2024-11-13 18:00:00,673,11.399999618530273,139.5,23.0,995.0,257.2413635253906,44.2956657409668,4.24035120010376,58505.37573705007,13523.199335955847,1795206.1262289288,139.3,10.6
MAN-YI,2024-11-13 18:30:00,674,11.350000381469727,139.39999389648438,23.0,995.0,242.98745727539062,22.923572540283203,3.7229132652282715,42165.06158113759,1705.7678202319516,1443176.598285968,139.39999999999998,10.5
MAN-YI,2024-11-13 19:00:00,675,11.300000190734863,139.3000030517578,23.0,995.0,242.99148559570312,25.74701499938965,3.379743814468384,36442.50151976774,3776.829291549322,1338333.8083447986,139.39999999999998,10.5
MAN-YI,2024-11-13 19:30:00,676,11.25,139.1999969482422,23.0,995.0,242.9954833984375,25.795652389526367,3.34877347946167,35476.305044125686,3533.7709374890687,1333212.5362574412,139.3,10.5
MAN-YI,2024-11-13 20:00:00,677,11.199999809265137,139.10000610351562,23.0,995.0,242.9994659423828,25.840839385986328,3.2191007137298584,32433.15296558744,3656.8995852167654,1282630.5275680514,139.3,10.4
MAN-YI,2024-11-13 20:30:00,678,11.149999618530273,139.0,23.0,995.0,243.00343322753906,27.583200454711914,3.240817070007324,31582.34248126686,3778.783676641632,1288770.250845932,139.2,10.4
MAN-YI,2024-11-13 21:00:00,679,11.100000381469727,138.89999389648438,23.0,995.0,243.0073699951172,30.961326599121094,3.2529678344726562,34761.75201550718,6340.2484195922025,1335337.1522298888,139.2,10.4
MAN-YI,2024-11-13 21:30:00,680,11.050000190734863,138.8000030517578,23.0,995.0,243.01129150390625,30.135587692260742,3.2345025539398193,34033.39077703898,5120.759182237928,1327144.6071766634,139.10000000000002,10.3
MAN-YI,2024-11-13 22:00:00,681,11.0,138.6999969482422,23.0,995.0,243.01519775390625,25.950302124023438,3.2354907989501953,32811.368770717905,3535.874072834925,1304627.9093211964,138.89999999999998,10.3
MAN-YI,2024-11-13 22:30:00,682,10.949999809265137,138.60000610351562,23.0,995.0,243.0190887451172,28.250680923461914,3.3408687114715576,38680.476986799455,5122.799315314977,1352436.950474318,138.89999999999998,10.2
MAN-YI,2024-11-13 23:00:00,683,10.899999618530273,138.5,23.0,995.0,243.02296447753906,26.59424591064453,3.447230577468872,42237.38345413459,5856.088419332082,1412760.9097149298,138.7,10.2
MAN-YI,2024-11-13 23:30:00,684,10.850000381469727,138.39999389648438,23.0,995.0,243.0268096923828,27.518692016601562,3.437105655670166,42735.388954288734,6590.567077859112,1409582.3285265116,138.7,10.1
MAN-YI,2024-11-14 00:00:00,685,10.800000190734863,138.3000030517578,23.0,995.0,243.0306396484375,24.89670753479004,3.406907320022583,41156.77363397136,2928.8310424910446,1386691.9606018672,138.5,10.1
MAN-YI,2024-11-14 00:30:00,686,10.774999618530273,138.1999969482422,23.16666666667026,994.5833333333244,255.73085021972656,42.62861251831055,4.822546482086182,86610.66634308403,16484.587055546428,1903012.7769540634,138.39999999999998,10.2
MAN-YI,2024-11-14 01:00:00,687,10.75,138.10000610351562,23.33333333334052,994.1666666666488,255.73196411132812,42.85665512084961,4.805805683135986,86132.45787284427,16852.662002171463,1903091.373656024,138.3,10.2
MAN-YI,2024-11-14 01:30:00,688,10.725000381469727,138.0,23.50000000001078,993.749999999973,255.7330780029297,43.12184524536133,4.814722537994385,86381.63175685145,17342.95671371935,1902599.8827134138,138.2,10.2
MAN-YI,2024-11-14 02:00:00,689,10.699999809265137,137.89999389648438,23.66666666668104,993.3333333332974,255.73419189453125,43.14771270751953,4.801139831542969,86387.09140200219,16977.877176062193,1899636.631304839,138.10000000000002,10.2
MAN-YI,2024-11-14 02:30:00,690,10.675000190734863,137.8000030517578,23.83333333332974,992.9166666666756,255.73529052734375,41.18012619018555,4.888824939727783,89708.28574989252,13797.904601082453,1901931.2745562133,138.0,10.1
MAN-YI,2024-11-14 03:00:00,691,10.649999618530273,137.6999969482422,24.0,992.5,255.7364044189453,41.05906677246094,4.885758876800537,89468.50297753607,13677.01315561499,1902561.5400833641,137.89999999999998,10.1
MAN-YI,2024-11-14 03:30:00,692,10.625,137.60000610351562,24.16666666667026,992.0833333333244,255.7375030517578,45.87984848022461,5.407382965087891,114739.3626451988,28484.400710559188,2186585.0353261344,137.8,10.2
MAN-YI,2024-11-14 04:00:00,693,10.600000381469727,137.5,24.33333333334052,991.6666666666488,255.7386016845703,45.55802536010742,5.482280731201172,116338.48461334701,26888.19937157917,2172740.2765040295,137.7,10.1
MAN-YI,2024-11-14 04:30:00,694,10.574999809265137,137.39999389648438,24.50000000001078,991.249999999973,255.7397003173828,44.813385009765625,5.388598442077637,115243.59652196289,26277.73500251895,2168486.111095178,137.60000000000002,10.1
MAN-YI,2024-11-14 05:00:00,695,10.550000190734863,137.3000030517578,24.66666666665948,990.8333333333512,255.74078369140625,44.326576232910156,5.18386173248291,106436.37582892532,23824.15421690043,2077450.9212793964,137.5,10.0
MAN-YI,2024-11-14 05:30:00,696,10.524999618530273,137.1999969482422,24.83333333332974,990.4166666666756,255.74188232421875,45.515296936035156,4.896504878997803,92828.03691494619,24537.945779310758,2003339.4000768813,137.39999999999998,10.0
MAN-YI,2024-11-14 06:00:00,697,10.5,137.10000610351562,25.0,990.0,255.7429656982422,45.68383026123047,4.9340009689331055,92955.02648922964,24052.259109817034,2001478.3799685142,137.3,10.0
MAN-YI,2024-11-14 06:30:00,698,10.5,136.93333435058594,25.25000000000539,989.8333333333296,270.01519775390625,44.318302154541016,4.6439104080200195,59999.226426794674,18441.523409370195,1911199.8348832317,137.2,9.7
MAN-YI,2024-11-14 07:00:00,699,10.5,136.76666259765625,25.50000000001078,989.6666666666596,270.01519775390625,44.46727752685547,4.522347450256348,77597.78890229788,18069.42823527038,1895661.8029852225,136.8,9.8
MAN-YI,2024-11-14 07:30:00,700,10.5,136.60000610351562,25.74999999998383,989.5000000000108,270.01519775390625,45.37922286987305,4.527474880218506,77356.49336563858,18190.92914155822,1892846.139784599,136.60000000000002,9.8
MAN-YI,2024-11-14 08:00:00,701,10.5,136.43333435058594,25.99999999998922,989.3333333333404,270.01519775390625,46.74750900268555,4.544578552246094,81273.38832032264,19779.99735851866,1938486.0266367295,136.39999999999998,9.9
MAN-YI,2024-11-14 08:30:00,702,10.5,136.26666259765625,26.24999999999461,989.1666666666704,270.01519775390625,46.62459945678711,4.525390625,81882.97376710517,20390.27733425588,1932020.8976751836,136.3,9.9
MAN-YI,2024-11-14 09:00:00,703,10.5,136.10000610351562,26.5,989.0,270.01519775390625,50.51053237915039,4.52278470993042,79686.8034057701,22225.37442149225,1942162.7537110895,136.0,9.9
MAN-YI,2024-11-14 09:30:00,704,10.5,135.93333435058594,26.75000000000539,988.8333333333296,270.01519775390625,49.7926025390625,4.481269359588623,78953.03041332646,23451.081958998257,1924786.7824075245,135.8,9.9
MAN-YI,2024-11-14 10:00:00,705,10.5,135.76666259765625,26.99999999997844,988.6666666666812,270.01519775390625,53.529441833496094,4.388377666473389,66373.96736250083,20399.40531611736,1879804.6816100113,135.39999999999998,9.7
MAN-YI,2024-11-14 10:30:00,706,10.5,135.60000610351562,27.24999999998383,988.5000000000108,270.01519775390625,52.79588317871094,4.4381422996521,64544.72608445334,21137.691142331692,1911792.0679729958,135.2,9.8
MAN-YI,2024-11-14 11:00:00,707,10.5,135.43333435058594,27.49999999998922,988.3333333333404,270.01519775390625,52.04147720336914,4.335649013519287,64420.47456753656,20525.633691456293,1891814.2097569623,135.10000000000002,9.8
MAN-YI,2024-11-14 11:30:00,708,10.5,135.26666259765625,27.74999999999461,988.1666666666704,270.01519775390625,48.127342224121094,4.266749382019043,64053.93067094644,19181.067925143983,1849391.6047591667,135.0,9.9
MAN-YI,2024-11-14 12:00:00,709,10.5,135.10000610351562,28.0,988.0,270.01519775390625,43.483055114746094,3.9951257705688477,56989.28546072269,17236.429651281687,1718302.3999286832,134.7,9.3
MAN-YI,2024-11-14 12:30:00,710,10.491666793823242,134.9583282470703,28.416666666626245,987.333333333398,266.58929443359375,44.094547271728516,4.314327239990234,75270.13346715752,26278.588938094297,1872580.2599635269,135.2,9.2
MAN-YI,2024-11-14 13:00:00,711,10.483333587646484,134.81666564941406,28.833333333306385,986.6666666667098,266.5893859863281,42.73915481567383,4.134903907775879,69052.76004279891,21515.099843899057,1773820.8955589258,135.0,9.2
MAN-YI,2024-11-14 13:30:00,712,10.475000381469727,134.6750030517578,29.249999999986525,986.0000000000216,266.5894470214844,43.33122253417969,4.184414863586426,70523.71556214191,20289.202987751683,1788772.0703426958,134.89999999999998,9.2
MAN-YI,2024-11-14 14:00:00,713,10.466666221618652,134.53334045410156,29.666666666666668,985.3333333333334,266.58953857421875,41.83237838745117,4.187667369842529,70381.10816788924,21871.619842402728,1816825.162725987,134.8,9.6
MAN-YI,2024-11-14 14:30:00,714,10.458333015441895,134.39166259765625,30.083333333346808,984.6666666666453,266.5896301269531,42.58357620239258,4.274869441986084,71100.88793004179,23206.253961091552,1820078.6334261354,134.8,9.6
MAN-YI,2024-11-14 15:00:00,715,10.449999809265137,134.25,30.499999999973053,984.0000000000432,266.5896911621094,42.354190826416016,4.28363561630249,75377.70184626078,23813.304149826654,1839475.949823116,134.60000000000002,9.6
MAN-YI,2024-11-14 15:30:00,716,10.441666603088379,134.10833740234375,30.916666666653192,983.3333333333547,266.58978271484375,44.604820251464844,4.304490566253662,73292.58105588716,21984.016133011584,1833582.6388400127,134.5,9.6
MAN-YI,2024-11-14 16:00:00,717,10.433333396911621,133.96665954589844,31.333333333333332,982.6666666666666,266.5898742675781,44.5443000793457,4.304385185241699,71707.12967725622,22595.068442385953,1841529.038553028,134.39999999999998,9.5
MAN-YI,2024-11-14 16:30:00,718,10.425000190734863,133.8249969482422,31.750000000013475,981.9999999999784,266.5899353027344,44.593021392822266,4.277362823486328,72197.79616570364,23936.736471745477,1849882.2109252312,134.2,9.5
MAN-YI,2024-11-14 17:00:00,719,10.416666984558105,133.68333435058594,32.166666666693615,981.3333333332902,266.59002685546875,46.79662322998047,4.338272571563721,72066.29569448893,23939.463553535654,1862765.0333194043,134.10000000000002,9.5
MAN-YI,2024-11-14 17:30:00,720,10.408333778381348,133.5416717529297,32.58333333331986,980.6666666666882,266.5901184082031,45.6920051574707,4.325839519500732,70227.78338552735,25038.172331866077,1869639.055280712,133.89999999999998,9.5
MAN-YI,2024-11-14 18:00:00,721,10.399999618530273,133.39999389648438,33.0,980.0,266.5901794433594,45.965850830078125,4.377174377441406,68136.44243290904,24554.44662674224,1908295.544439624,133.5,9.7
MAN-YI,2024-11-14 18:30:00,722,10.416666984558105,133.27499389648438,33.41666666667565,979.1666666666488,277.7314758300781,45.36756896972656,4.315308094024658,65079.48813698486,23334.32862435658,1865107.7612183618,133.10000000000002,9.5
MAN-YI,2024-11-14 19:00:00,723,10.433333396911621,133.14999389648438,33.8333333333513,978.3333333332974,277.7319030761719,45.017539978027344,4.297876358032227,65321.32294965563,23211.43126736112,1854428.8492539027,133.10000000000002,9.7
MAN-YI,2024-11-14 19:30:00,724,10.449999809265137,133.02499389648438,34.25000000002695,977.499999999946,277.7323303222656,45.24349594116211,4.153943061828613,60672.02225443859,22231.761818967552,1781964.387983441,132.8,9.5
MAN-YI,2024-11-14 20:00:00,725,10.466666221618652,132.89999389648438,34.6666666666487,976.6666666667026,277.7327575683594,42.95515441894531,3.740591049194336,47724.644473629734,19054.34215540748,1569896.20546493,132.7,9.5
MAN-YI,2024-11-14 20:30:00,726,10.483333587646484,132.77499389648438,35.08333333332435,975.8333333333512,277.7331848144531,41.67438507080078,3.7259535789489746,47232.20803559975,18809.467358382994,1562531.101922175,132.7,9.8
MAN-YI,2024-11-14 21:00:00,727,10.5,132.64999389648438,35.5,975.0,277.7336120605469,41.785430908203125,3.717729091644287,47595.54098425378,18808.132061601704,1558115.066369774,132.60000000000002,9.8
MAN-YI,2024-11-14 21:30:00,728,10.516666412353516,132.52499389648438,35.91666666667565,974.1666666666488,277.7340393066406,42.610347747802734,3.6844427585601807,47349.12362265195,19050.996481449452,1549852.1566829076,132.3,9.6
MAN-YI,2024-11-14 22:00:00,729,10.533333778381348,132.39999389648438,36.3333333333513,973.3333333332974,277.7344665527344,42.31742477416992,3.6637253761291504,47103.65747815543,18927.124864482503,1544127.353909458,132.2,9.6
MAN-YI,2024-11-14 22:30:00,730,10.550000190734863,132.27499389648438,36.74999999997305,972.500000000054,277.7348937988281,42.57381057739258,3.6307928562164307,46612.73215398623,19048.562002033737,1538101.6120297334,132.2,10.0
MAN-YI,2024-11-14 23:00:00,731,10.566666603088379,132.14999389648438,37.1666666666487,971.6666666667026,277.7353210449219,43.40333938598633,3.631666898727417,47699.4665831365,17704.241416687997,1527482.4095309793,132.0,10.0
MAN-YI,2024-11-14 23:30:00,732,10.583333015441895,132.02499389648438,37.583333333324354,970.8333333333512,277.7357482910156,42.609886169433594,3.3420908451080322,43302.0269218215,15869.876157815122,1423946.2889701836,131.89999999999998,10.0
MAN-YI,2024-11-15 00:00:00,733,10.600000381469727,131.89999389648438,38.0,970.0,277.7362060546875,40.69076919555664,3.2447290420532227,42814.60444200351,15258.145420862282,1382100.156102846,131.7,9.8
MAN-YI,2024-11-15 00:30:00,734,10.625,131.77499389648438,38.333333333344115,969.1666666666396,281.5130615234375,41.49372863769531,3.1858460903167725,41593.40321620504,16719.22586238973,1380588.6569969428,131.5,9.7
MAN-YI,2024-11-15 01:00:00,735,10.649999618530273,131.64999389648438,38.666666666645106,968.3333333333871,281.5140075683594,42.97529220581055,3.2159786224365234,42688.706891013215,17084.185033352478,1400129.87630668,131.89999999999998,10.0
MAN-YI,2024-11-15 01:30:00,736,10.675000190734863,131.52499389648438,38.99999999998922,967.500000000027,281.51495361328125,42.93904113769531,3.3523428440093994,45602.74561070969,16225.56110566764,1421838.3328301762,131.8,10.0
MAN-YI,2024-11-15 02:00:00,737,10.699999809265137,131.39999389648438,39.333333333333336,966.6666666666666,281.5158996582031,43.86713409423828,3.42559814453125,45974.19758938647,17080.40483661346,1446319.1141361748,131.3,10.1
MAN-YI,2024-11-15 02:30:00,738,10.725000381469727,131.27499389648438,39.66666666667744,965.8333333333064,281.516845703125,45.252769470214844,3.5076301097869873,48657.43446812332,17075.973934335514,1482790.9373029068,131.5,10.1
MAN-YI,2024-11-15 03:00:00,739,10.75,131.14999389648438,40.00000000002156,964.999999999946,281.5177917480469,43.82289505004883,3.4203479290008545,48908.28536668725,16709.4065672745,1440735.5817470218,131.10000000000002,10.1
MAN-YI,2024-11-15 03:30:00,740,10.774999618530273,131.02499389648438,40.33333333332256,964.1666666666936,281.51873779296875,45.43036651611328,3.3710031509399414,54527.6591891684,12569.924922681377,1434846.6891008597,131.0,10.2
MAN-YI,2024-11-15 04:00:00,741,10.800000190734863,130.89999389648438,40.666666666666664,963.3333333333334,281.51971435546875,44.23846435546875,3.2664854526519775,50250.66712131604,11713.325130666735,1378800.3867986922,130.8,10.2
MAN-YI,2024-11-15 04:30:00,742,10.824999809265137,130.77499389648438,41.00000000001078,962.499999999973,281.5206604003906,46.215335845947266,3.2589359283447266,49513.0481663891,12323.694732886948,1378465.8151660697,130.7,10.2
MAN-YI,2024-11-15 05:00:00,743,10.850000381469727,130.64999389648438,41.333333333354894,961.6666666666129,281.5216369628906,45.92764663696289,3.161548376083374,52434.78246932457,14645.307058392813,1380356.314799013,130.89999999999998,10.1
MAN-YI,2024-11-15 05:30:00,744,10.875,130.52499389648438,41.666666666699,960.8333333332524,281.5225830078125,46.085670471191406,3.1984481811523438,55605.839019061765,17573.14547227756,1421498.4268763345,130.7,10.1
MAN-YI,2024-11-15 06:00:00,745,10.899999618530273,130.39999389648438,42.0,960.0,281.5235595703125,44.473690032958984,3.173825263977051,53054.94693753668,20987.566466768614,1439848.9693761405,130.60000000000002,10.1
MAN-YI,2024-11-15 06:30:00,746,10.941666603088379,130.2916717529297,42.50000000001078,959.1666666666488,291.4010009765625,39.8827018737793,3.017002820968628,46094.15272065588,12558.793054861497,1296852.6773158857,130.10000000000002,10.4
MAN-YI,2024-11-15 07:00:00,747,10.983333587646484,130.18333435058594,43.00000000002156,958.3333333332974,291.4037780761719,41.97054672241211,3.0565476417541504,46943.08269106337,15728.609544915433,1317333.7122194043,130.0,10.4
MAN-YI,2024-11-15 07:30:00,748,11.024999618530273,130.0749969482422,43.50000000003234,957.499999999946,291.40655517578125,44.26736068725586,3.0029189586639404,47057.73838883365,16697.877341346946,1319759.5638339303,130.2,10.3
MAN-YI,2024-11-15 08:00:00,749,11.066666603088379,129.96665954589844,44.00000000004312,956.6666666665948,291.40936279296875,42.90023422241211,2.977992057800293,45830.312658790564,18154.07624579633,1326177.8794503484,129.7,10.5
MAN-YI,2024-11-15 08:30:00,750,11.108333587646484,129.85833740234375,44.49999999998922,955.8333333333512,291.41217041015625,42.833229064941406,3.0632247924804688,46184.18619141482,17178.583260916203,1323229.7323257767,129.7,10.5
MAN-YI,2024-11-15 09:00:00,751,11.149999618530273,129.75,45.0,955.0,291.41497802734375,43.24175262451172,3.015225887298584,45205.130157161344,18519.451203546996,1335069.018615988,129.60000000000002,10.5
MAN-YI,2024-11-15 09:30:00,752,11.191666603088379,129.64166259765625,45.50000000001078,954.1666666666488,291.4178161621094,43.66988754272461,2.932696580886841,47143.73584398805,18882.774880335273,1351844.2863631514,129.3,10.6
MAN-YI,2024-11-15 10:00:00,753,11.233333587646484,129.53334045410156,46.00000000002156,953.3333333332974,291.420654296875,44.832820892333984,2.9369759559631348,47741.17682606086,17295.795566063665,1336515.536456344,129.2,10.7
MAN-YI,2024-11-15 10:30:00,754,11.274999618530273,129.4250030517578,46.50000000003234,952.499999999946,291.4234924316406,45.82182693481445,2.915137767791748,46881.1714384503,15465.805919116976,1312376.6555541705,129.10000000000002,10.7
MAN-YI,2024-11-15 11:00:00,755,11.316666603088379,129.31666564941406,46.99999999997844,951.6666666667026,291.4263610839844,44.79292297363281,2.778303384780884,49431.41323224356,17053.267990112145,1279544.7883470391,129.0,10.7
MAN-YI,2024-11-15 11:30:00,756,11.358333587646484,129.2083282470703,47.49999999998922,950.8333333333512,291.4292297363281,45.633827209472656,2.913782835006714,52205.47560430166,18508.13534059772,1327422.7117575237,128.89999999999998,10.7
MAN-YI,2024-11-15 12:00:00,757,11.399999618530273,129.10000610351562,48.0,950.0,291.43212890625,46.458038330078125,3.131120204925537,57775.364381095584,22640.61534893361,1408984.1878976985,128.8,10.7
MAN-YI,2024-11-15 12:30:00,758,11.441666603088379,129.0,48.33333333334052,949.1666666666488,293.0394592285156,49.8580436706543,3.3039116859436035,63470.76601090054,24460.94677684421,1463418.9916399245,128.7,10.7
MAN-YI,2024-11-15 13:00:00,759,11.483333587646484,128.89999389648438,48.66666666668104,948.3333333332974,293.0425109863281,47.17544937133789,3.3483505249023438,65044.231074140065,25795.289932684987,1515463.0954722543,128.7,10.7
MAN-YI,2024-11-15 13:30:00,760,11.524999618530273,128.8000030517578,48.99999999997844,947.500000000054,293.04559326171875,47.28148651123047,3.1757805347442627,63089.34489076603,25181.865557122866,1483593.5841580597,129.10000000000002,10.6
MAN-YI,2024-11-15 14:00:00,761,11.566666603088379,128.6999969482422,49.33333333331896,946.6666666667026,293.0487060546875,47.49153137207031,3.1805057525634766,60398.70177429791,22503.486954813852,1465264.363770125,128.89999999999998,10.6
MAN-YI,2024-11-15 14:30:00,762,11.608333587646484,128.60000610351562,49.66666666665948,945.8333333333512,293.05181884765625,47.596473693847656,3.203796148300171,69500.00800631903,22987.417002903763,1476475.538553313,128.3,10.9
MAN-YI,2024-11-15 15:00:00,763,11.649999618530273,128.5,50.0,945.0,293.054931640625,48.66047286987305,3.220594644546509,70341.65379160759,21527.03589796534,1478545.5004915064,128.2,10.9
MAN-YI,2024-11-15 15:30:00,764,11.691666603088379,128.39999389648438,50.33333333334052,944.1666666666488,293.05804443359375,46.524879455566406,3.0459723472595215,47497.643536672615,21031.514164427863,1385210.7765346002,128.39999999999998,11.0
MAN-YI,2024-11-15 16:00:00,765,11.733333587646484,128.3000030517578,50.66666666663792,943.3333333334052,293.0611877441406,45.699607849121094,3.0460703372955322,47245.77027646713,19083.04254881206,1359901.1924897113,128.2,11.0
MAN-YI,2024-11-15 16:30:00,766,11.774999618530273,128.1999969482422,50.99999999997844,942.500000000054,293.0643615722656,43.27749252319336,3.0221753120422363,46388.00039116888,18348.131824955206,1329662.967644157,128.3,11.1
MAN-YI,2024-11-15 17:00:00,767,11.816666603088379,128.10000610351562,51.33333333331896,941.6666666667026,293.0675048828125,41.981483459472656,3.003627061843872,47592.09847936045,18345.19230033909,1342683.8171605025,128.2,11.1
MAN-YI,2024-11-15 17:30:00,768,11.858333587646484,128.0,51.66666666665948,940.8333333333512,293.0706787109375,43.07810592651367,3.003896474838257,46489.86730355858,16762.538065594475,1330497.0807780854,127.69999999999999,11.5
MAN-YI,2024-11-15 18:00:00,769,11.899999618530273,127.9000015258789,52.0,940.0,293.0738830566406,45.30770492553711,3.0219967365264893,46845.77542583809,17003.434447165353,1367296.7852754623,127.5,11.5
MAN-YI,2024-11-15 18:30:00,770,11.949999809265137,127.80000305175781,52.83333333325249,938.333333333495,297.0786437988281,41.050865173339844,3.449279546737671,52357.90051968378,20004.21726285614,1531489.4209409335,127.80000000000001,11.6
MAN-YI,2024-11-15 19:00:00,771,12.0,127.69999694824219,53.66666666661277,936.6666666667744,297.0829772949219,41.96095275878906,3.5105762481689453,52719.364344839705,22307.121076449297,1554522.2236957643,127.39999999999998,11.7
MAN-YI,2024-11-15 19:30:00,772,12.050000190734863,127.5999984741211,54.49999999997305,935.000000000054,297.08734130859375,43.189697265625,3.622209072113037,58872.895285497456,22787.801532720376,1595238.4274145493,127.30000000000001,11.8
MAN-YI,2024-11-15 20:00:00,773,12.100000381469727,127.5,55.333333333333336,933.3333333333334,297.0917053222656,43.93706512451172,3.6908586025238037,59351.080027112526,24603.181274127965,1632431.8946472765,127.30000000000001,11.8
MAN-YI,2024-11-15 20:30:00,774,12.149999618530273,127.4000015258789,56.166666666693615,931.6666666666129,297.0960998535156,43.95878982543945,3.8778209686279297,62729.78923233215,25087.73762991546,1702217.8932452025,127.10000000000002,12.0
MAN-YI,2024-11-15 21:00:00,775,12.199999809265137,127.30000305175781,56.999999999946105,930.0000000001078,297.1004943847656,42.94855880737305,3.8608479499816895,62842.63984995454,25447.201525254506,1713075.2019792392,127.0,12.0
MAN-YI,2024-11-15 21:30:00,776,12.25,127.19999694824219,57.833333333306385,928.3333333333871,297.10491943359375,45.541526794433594,3.8769314289093018,62350.89781041724,24595.370284538803,1697261.2477371441,127.5,12.0
MAN-YI,2024-11-15 22:00:00,777,12.300000190734863,127.0999984741211,58.666666666666664,926.6666666666666,297.109375,44.33226776123047,3.850273609161377,65731.5453184984,25803.45956248288,1720703.7805293624,127.5,12.6
MAN-YI,2024-11-15 22:30:00,778,12.350000381469727,127.0,59.50000000002695,924.999999999946,297.11383056640625,44.4564094543457,3.801651954650879,56028.845613860896,20705.526754418846,1618660.4161275392,127.30000000000001,12.6
MAN-YI,2024-11-15 23:00:00,779,12.399999618530273,126.9000015258789,60.33333333338723,923.3333333332256,297.1183166503906,43.264610290527344,3.7079758644104004,53600.98622760575,19974.184057607752,1577462.0185507596,127.19999999999999,12.7
MAN-YI,2024-11-15 23:30:00,780,12.449999809265137,126.80000305175781,61.16666666663972,921.6666666667204,297.122802734375,42.500770568847656,3.7085752487182617,56141.88350785234,20217.464778785084,1571904.590496826,127.10000000000002,12.2
MAN-YI,2024-11-16 00:00:00,781,12.5,126.69999694824219,62.0,920.0,297.1273498535156,42.159847259521484,3.7418627738952637,56969.04478700214,20093.315691661453,1570467.6576358287,127.10000000000002,12.4
MAN-YI,2024-11-16 00:30:00,782,12.558333396911621,126.60832977294922,62.0,920.0,303.1097717285156,42.35727310180664,3.044635772705078,62824.81759154906,21318.55372924829,1412163.4449381693,126.19999999999999,12.2
MAN-YI,2024-11-16 01:00:00,783,12.616666793823242,126.51667022705078,62.0,920.0,303.11578369140625,42.00492858886719,3.008704662322998,61966.21966675284,21070.932513592805,1411345.8353145325,126.19999999999999,12.2
MAN-YI,2024-11-16 01:30:00,784,12.675000190734863,126.42500305175781,62.0,920.0,303.1217956542969,43.404747009277344,3.012495517730713,61589.0086190273,21547.91338681214,1415864.6813476318,126.0,12.3
MAN-YI,2024-11-16 02:00:00,785,12.733333587646484,126.33333587646484,62.0,920.0,303.1278381347656,43.38926696777344,2.981644630432129,61093.962250121745,21544.643833855698,1417422.697319564,125.89999999999998,12.4
MAN-YI,2024-11-16 02:30:00,786,12.791666984558105,126.24166870117188,62.0,920.0,303.1339111328125,43.07062530517578,2.9932613372802734,60956.49763188093,21538.380180933727,1417211.9407731385,125.89999999999998,12.4
MAN-YI,2024-11-16 03:00:00,787,12.850000381469727,126.1500015258789,62.0,920.0,303.1400146484375,45.924591064453125,2.974792718887329,61306.04409828954,22862.69601427105,1430675.756878878,125.69999999999999,12.5
MAN-YI,2024-11-16 03:30:00,788,12.908333778381348,126.05833435058594,62.0,920.0,303.1461486816406,45.80451583862305,2.924067258834839,62864.167885424475,23702.73820722265,1436448.4933008666,125.39999999999998,12.4
MAN-YI,2024-11-16 04:00:00,789,12.966666221618652,125.96666717529297,62.0,920.0,303.1523132324219,45.946468353271484,2.959331512451172,62366.08499898888,24057.2509062991,1436387.6620047302,125.30000000000001,12.5
MAN-YI,2024-11-16 04:30:00,790,13.024999618530273,125.875,62.0,920.0,303.15850830078125,47.044227600097656,2.9427826404571533,62468.10462640769,23929.843424390845,1438024.463743751,125.19999999999999,12.5
MAN-YI,2024-11-16 05:00:00,791,13.083333015441895,125.78333282470703,62.0,920.0,303.16473388671875,44.90597915649414,2.8664846420288086,59791.05854100149,21993.155255153197,1406556.2645094758,125.5,12.7
MAN-YI,2024-11-16 05:30:00,792,13.141666412353516,125.69166564941406,62.0,920.0,303.1709899902344,45.034446716308594,2.8924357891082764,58204.30795485769,21141.057963080122,1397554.502283897,125.39999999999998,12.8
MAN-YI,2024-11-16 06:00:00,793,13.199999809265137,125.5999984741211,62.0,920.0,303.1772766113281,45.01947784423828,2.876540184020996,56978.177286314574,19563.002330529707,1373050.3646270186,125.39999999999998,12.9
MAN-YI,2024-11-16 06:30:00,794,13.258333206176758,125.51667022705078,62.0,920.0,305.7287902832031,41.228214263916016,3.0154330730438232,59252.072013098754,16292.860408092472,1387468.7159544178,125.19999999999999,13.0
MAN-YI,2024-11-16 07:00:00,795,13.316666603088379,125.43333435058594,62.0,920.0,305.7353515625,40.978515625,2.9493608474731445,57540.3335171191,13152.835142906379,1345171.655595617,125.19999999999999,13.0
MAN-YI,2024-11-16 07:30:00,796,13.375,125.3499984741211,62.0,920.0,305.741943359375,41.984214782714844,2.9972872734069824,60306.36675084938,10740.844629644136,1329023.487775974,125.10000000000002,13.1
MAN-YI,2024-11-16 08:00:00,797,13.433333396911621,125.26667022705078,62.0,920.0,305.74853515625,39.86366271972656,3.016249895095825,61741.49757593601,11220.463153632216,1338857.547903765,125.0,13.1
MAN-YI,2024-11-16 08:30:00,798,13.491666793823242,125.18333435058594,62.0,920.0,305.75518798828125,42.441856384277344,3.06564998626709,67272.78405086594,13507.088717088507,1375727.5001052236,124.89999999999998,13.2
MAN-YI,2024-11-16 09:00:00,799,13.550000190734863,125.0999984741211,62.0,920.0,305.7618713378906,45.89583206176758,3.1413016319274902,70505.73717592141,15431.955303340708,1412076.7137630018,124.80000000000001,13.3
MAN-YI,2024-11-16 09:30:00,800,13.608333587646484,125.01667022705078,62.0,920.0,305.7685852050781,45.40532684326172,3.139038324356079,71332.08487285723,15671.15246366537,1411550.8670151876,124.80000000000001,13.3
MAN-YI,2024-11-16 10:00:00,801,13.666666984558105,124.93333435058594,62.0,920.0,305.77532958984375,45.349239349365234,3.1546332836151123,73473.46876304806,17473.126779570408,1440885.0296661947,124.69999999999999,13.4
MAN-YI,2024-11-16 10:30:00,802,13.725000381469727,124.8499984741211,62.0,920.0,305.7820739746094,49.33736801147461,3.1561944484710693,75493.81297427794,19998.48809759649,1477355.0514373635,124.19999999999999,13.4
MAN-YI,2024-11-16 11:00:00,803,13.783333778381348,124.76667022705078,62.0,920.0,305.78887939453125,49.43610763549805,3.12123441696167,75715.68790993441,20113.644796444816,1476300.7868073261,124.10000000000002,13.5
MAN-YI,2024-11-16 11:30:00,804,13.841666221618652,124.68333435058594,62.0,920.0,305.79571533203125,46.58684158325195,3.104519844055176,71605.96537708747,18544.429674403993,1440500.9253293602,124.39999999999998,13.6
MAN-YI,2024-11-16 12:00:00,805,13.899999618530273,124.5999984741211,62.0,920.0,305.8025817871094,46.44346237182617,3.060039758682251,70270.7143932407,18662.23666642756,1422134.6086748769,124.39999999999998,13.6
MAN-YI,2024-11-16 12:30:00,806,13.933333396911621,124.53333282470703,61.66666666665948,920.8333333333512,297.2619323730469,45.80461883544922,3.3495607376098633,73636.21107253485,25172.405781295674,1478443.61224852,124.39999999999998,13.6
MAN-YI,2024-11-16 13:00:00,807,13.966666221618652,124.46666717529297,61.33333333331896,921.6666666667026,297.26531982421875,47.112545013427734,3.3404386043548584,73867.79814777235,24449.13163873136,1480529.874141951,124.30000000000001,13.6
MAN-YI,2024-11-16 13:30:00,808,14.0,124.4000015258789,60.99999999997844,922.500000000054,297.2687072753906,47.16910934448242,3.3409132957458496,73492.80559421022,24564.847596188378,1478204.7905756305,124.19999999999999,13.6
MAN-YI,2024-11-16 14:00:00,809,14.033333778381348,124.33333587646484,60.66666666663792,923.3333333334052,297.2721252441406,48.374900817871094,3.378293514251709,75643.94108555996,24320.44210162036,1489229.7160169187,123.80000000000001,13.6
MAN-YI,2024-11-16 14:30:00,810,14.066666603088379,124.26667022705078,60.33333333334052,924.1666666666488,297.2755432128906,47.86308288574219,3.344676971435547,74791.29903028744,24558.735675293574,1488573.3560285945,124.10000000000002,13.7
MAN-YI,2024-11-16 15:00:00,811,14.100000381469727,124.19999694824219,60.0,925.0,297.2789611816406,48.02665710449219,3.315601110458374,74661.5847661078,24673.389399792508,1487401.8860127884,124.0,13.7
MAN-YI,2024-11-16 15:30:00,812,14.133333206176758,124.13333129882812,59.66666666665948,925.8333333333512,297.2823791503906,48.27431869506836,3.299055814743042,70679.8883283141,22867.37437191431,1471934.179729407,123.89999999999998,13.8
MAN-YI,2024-11-16 16:00:00,813,14.166666984558105,124.06666564941406,59.33333333331896,926.6666666667026,297.28582763671875,47.87689208984375,3.3905842304229736,69596.94997778247,21062.018522913204,1465421.1189012874,123.89999999999998,13.8
MAN-YI,2024-11-16 16:30:00,814,14.199999809265137,124.0,58.99999999997844,927.500000000054,297.2892761230469,48.356868743896484,3.2382938861846924,67914.37448991457,19617.804851637058,1422318.0453895193,123.80000000000001,13.8
MAN-YI,2024-11-16 17:00:00,815,14.233333587646484,123.93333435058594,58.66666666668104,928.3333333332974,297.292724609375,48.61787033081055,3.031592607498169,60701.073713260135,17091.536640596103,1345596.5219233516,123.80000000000001,13.8
MAN-YI,2024-11-16 17:30:00,816,14.266666412353516,123.86666870117188,58.33333333334052,929.1666666666488,297.2961730957031,50.5042724609375,3.09759521484375,60809.21372706125,17207.537173170567,1346485.1847642274,123.69999999999999,13.9
MAN-YI,2024-11-16 18:00:00,817,14.300000190734863,123.80000305175781,58.0,930.0,297.2996520996094,52.018280029296875,3.0768625736236572,59956.50279072992,17565.605578677707,1344023.945633762,123.60000000000002,13.9
MAN-YI,2024-11-16 18:30:00,818,14.358333587646484,123.7249984741211,58.0,930.0,308.76507568359375,47.79205322265625,3.1472575664520264,64564.01111866394,20404.921518486775,1411586.7124584843,123.10000000000002,14.0
MAN-YI,2024-11-16 19:00:00,819,14.416666984558105,123.6500015258789,58.0,930.0,308.77239990234375,51.20976638793945,3.203356981277466,70064.67631424083,21478.17622166621,1449374.907748157,123.0,14.1
MAN-YI,2024-11-16 19:30:00,820,14.475000381469727,123.57499694824219,58.0,930.0,308.7797546386719,51.51755142211914,3.1718358993530273,70283.78650049184,20993.027288545814,1449657.71680787,122.89999999999998,14.2
MAN-YI,2024-11-16 20:00:00,821,14.533333778381348,123.5,58.0,930.0,308.78717041015625,49.74736404418945,3.1924383640289307,70147.61572349208,20867.483228562738,1449933.8852026279,122.80000000000001,14.3
MAN-YI,2024-11-16 20:30:00,822,14.591666221618652,123.42500305175781,58.0,930.0,308.7945861816406,50.13642883300781,3.1967265605926514,69646.5466575023,21699.03779556687,1450478.2801665612,122.80000000000001,14.3
MAN-YI,2024-11-16 21:00:00,823,14.649999618530273,123.3499984741211,58.0,930.0,308.8020324707031,50.95310974121094,3.1798958778381348,70109.67097639959,22054.680446879844,1450826.9808865548,122.69999999999999,14.3
MAN-YI,2024-11-16 21:30:00,824,14.708333015441895,123.2750015258789,58.0,930.0,308.80950927734375,49.80617904663086,3.184854030609131,70198.72301994567,25032.222087461647,1454672.8462086525,122.60000000000002,14.4
MAN-YI,2024-11-16 22:00:00,825,14.766666412353516,123.19999694824219,58.0,930.0,308.8170166015625,51.326107025146484,3.198704242706299,70777.96308743586,24425.538273525493,1456271.4115484916,122.5,14.5
MAN-YI,2024-11-16 22:30:00,826,14.824999809265137,123.125,58.0,930.0,308.8245849609375,50.9307861328125,3.193967342376709,70640.45257377496,25376.368577088804,1458328.4730461026,122.5,14.5
MAN-YI,2024-11-16 23:00:00,827,14.883333206176758,123.05000305175781,58.0,930.0,308.8321533203125,50.44400405883789,3.2169041633605957,70621.9707940981,25131.28565931735,1459269.36240647,122.39999999999998,14.6
MAN-YI,2024-11-16 23:30:00,828,14.941666603088379,122.9749984741211,58.0,930.0,308.8397521972656,47.49053192138672,3.1950175762176514,67384.7549889892,23451.95969267414,1436326.9781940654,122.30000000000001,14.7
MAN-YI,2024-11-17 00:00:00,829,15.0,122.9000015258789,58.0,930.0,308.847412109375,46.56128692626953,3.233323097229004,70111.40947955221,26077.16235182461,1469208.0752393315,122.5,14.8
MAN-YI,2024-11-17 00:30:00,830,15.066666603088379,122.81666564941406,58.0,930.0,309.6474609375,48.75553894042969,3.2231922149658203,70936.88131194159,22845.328530935993,1459022.506667572,122.10000000000002,14.8
MAN-YI,2024-11-17 01:00:00,831,15.133333206176758,122.73332977294922,58.0,930.0,309.65631103515625,50.98486328125,3.2830731868743896,71622.05289131789,24872.502032802462,1485090.7783236182,122.0,14.9
MAN-YI,2024-11-17 01:30:00,832,15.199999809265137,122.6500015258789,58.0,930.0,309.66522216796875,49.8480339050293,3.2240917682647705,67298.54439310628,25701.224237637856,1464214.5462551364,122.0,14.9
MAN-YI,2024-11-17 02:00:00,833,15.266666412353516,122.56666564941406,58.0,930.0,309.6741638183594,49.1417121887207,3.228151798248291,67278.3318172709,26052.073191295764,1465467.0486238957,121.89999999999998,15.0
MAN-YI,2024-11-17 02:30:00,834,15.333333015441895,122.48332977294922,58.0,930.0,309.68316650390625,48.138057708740234,3.3147294521331787,68796.18974041389,26159.234752911678,1478110.1032347032,121.80000000000001,15.0
MAN-YI,2024-11-17 03:00:00,835,15.399999618530273,122.4000015258789,58.0,930.0,309.69219970703125,45.99845504760742,3.2392995357513428,65080.19492335114,24244.753494605015,1419809.8175730142,121.69999999999999,15.0
MAN-YI,2024-11-17 03:30:00,836,15.466666221618652,122.31666564941406,58.0,930.0,309.7012634277344,44.76220703125,3.245455741882324,64105.76276873237,24835.435565189735,1412659.3664633594,121.60000000000002,15.1
MAN-YI,2024-11-17 04:00:00,837,15.533333778381348,122.23332977294922,58.0,930.0,309.71038818359375,45.030921936035156,3.258004665374756,64563.87149040178,25426.269929797178,1415404.4984473356,121.60000000000002,15.2
MAN-YI,2024-11-17 04:30:00,838,15.600000381469727,122.1500015258789,58.0,930.0,309.71954345703125,45.636226654052734,3.277639627456665,65499.89314125348,26014.76998091629,1432549.3616316672,121.5,15.2
MAN-YI,2024-11-17 05:00:00,839,15.666666984558105,122.06666564941406,58.0,930.0,309.7287292480469,46.9703254699707,3.23868465423584,64643.900742222,26125.40068229097,1435599.5671669233,121.39999999999998,15.3
MAN-YI,2024-11-17 05:30:00,840,15.733333587646484,121.98332977294922,58.0,930.0,309.73797607421875,46.86653137207031,3.259739875793457,64740.208275639714,25997.631907056857,1445036.2028210773,121.30000000000001,15.4
MAN-YI,2024-11-17 06:00:00,841,15.800000190734863,121.9000015258789,58.0,930.0,309.74725341796875,47.67061233520508,3.2671971321105957,64948.27436714983,26225.414826026077,1454980.503783045,121.30000000000001,15.5
MAN-YI,2024-11-17 06:30:00,842,15.866666793823242,121.80000305175781,57.1666666666487,931.6666666667026,304.73394775390625,41.965572357177734,3.024933099746704,47002.752619099236,10748.058897681613,1266355.7439924642,121.39999999999998,15.7
MAN-YI,2024-11-17 07:00:00,843,15.933333396911621,121.69999694824219,56.33333333329741,933.3333333334052,304.7428894042969,40.33110809326172,3.07767915725708,47577.935598690725,11221.65263812114,1277038.6070011524,121.39999999999998,15.7
MAN-YI,2024-11-17 07:30:00,844,16.0,121.5999984741211,55.499999999946105,935.0000000001078,304.7518615722656,40.73686218261719,3.047024726867676,46014.27342713025,10620.863414718204,1265826.3904961525,121.19999999999999,15.8
MAN-YI,2024-11-17 08:00:00,845,16.066667556762695,121.5,54.66666666670259,936.6666666665948,304.7608642578125,39.90098190307617,2.8296351432800293,38133.6501596785,6917.242547677905,1176572.0141218798,121.10000000000002,15.9
MAN-YI,2024-11-17 08:30:00,846,16.133333206176758,121.4000015258789,53.8333333333513,938.3333333332974,304.7699279785156,42.05480194091797,3.2134151458740234,42515.67806952034,15614.114529920207,1298769.362480931,121.19999999999999,16.0
MAN-YI,2024-11-17 09:00:00,847,16.200000762939453,121.30000305175781,53.0,940.0,304.77899169921875,42.90592575073242,3.1625447273254395,42271.21258772723,15252.397963094103,1286678.0651034168,121.10000000000002,16.1
MAN-YI,2024-11-17 09:30:00,848,16.266666412353516,121.19999694824219,52.1666666666487,941.6666666667026,304.78814697265625,41.68152618408203,3.1449217796325684,39774.53615149965,15008.925605340395,1262997.967490461,121.0,16.3
MAN-YI,2024-11-17 10:00:00,849,16.33333396911621,121.0999984741211,51.33333333329741,943.3333333334052,304.79730224609375,42.459632873535156,3.1575255393981934,38455.4257415237,16076.686743773178,1268565.8925865535,120.89999999999998,16.2
MAN-YI,2024-11-17 10:30:00,850,16.399999618530273,121.0,50.500000000053895,944.9999999998922,304.8065185546875,43.33576202392578,3.158797264099121,37727.68061605426,14640.739671623498,1245201.9079510209,120.80000000000001,16.3
MAN-YI,2024-11-17 11:00:00,851,16.46666717529297,120.9000015258789,49.66666666670259,946.6666666665948,304.8157653808594,41.2357063293457,3.1416420936584473,38189.188413971904,14398.587489011512,1242700.7119653919,120.69999999999999,16.4
MAN-YI,2024-11-17 11:30:00,852,16.53333282470703,120.80000305175781,48.8333333333513,948.3333333332974,304.8250427246094,42.802589416503906,3.156064033508301,36158.35933623956,14038.446894130651,1226080.410853023,120.60000000000002,16.4
MAN-YI,2024-11-17 12:00:00,853,16.600000381469727,120.69999694824219,48.0,950.0,304.8343811035156,41.79965591430664,3.1228621006011963,35674.2266419411,14033.900149760417,1217961.1423925988,120.39999999999998,16.2
MAN-YI,2024-11-17 12:30:00,854,16.683332443237305,120.58333587646484,46.916666666631635,951.6666666667204,306.7216491699219,44.327457427978516,2.9141414165496826,38730.615491345474,10931.430415689818,1165712.8541759208,120.39999999999998,16.6
MAN-YI,2024-11-17 13:00:00,855,16.766666412353516,120.46666717529297,45.833333333403395,953.3333333332256,306.73370361328125,42.11379623413086,2.828653335571289,37282.76388570342,10449.315784402144,1135409.1899052581,120.30000000000001,16.7
MAN-YI,2024-11-17 13:30:00,856,16.850000381469727,120.3499984741211,44.75000000003503,954.999999999946,306.7458190917969,41.0591926574707,2.8466548919677734,37843.4404916746,10566.01266218747,1141178.4171816844,120.19999999999999,16.8
MAN-YI,2024-11-17 14:00:00,857,16.933332443237305,120.23332977294922,43.666666666666664,956.6666666666666,306.75799560546875,35.55995559692383,2.424309492111206,34493.61386494068,12013.77657788921,1100078.5011132131,120.0,16.7
MAN-YI,2024-11-17 14:30:00,858,17.016666412353516,120.11666870117188,42.5833333332983,958.3333333333871,306.7702331542969,38.1473274230957,2.5238304138183594,36999.025279858375,13921.750846981618,1143427.5867435446,119.80000000000001,16.6
MAN-YI,2024-11-17 15:00:00,859,17.100000381469727,120.0,41.49999999992993,960.0000000001078,306.7825622558594,38.58793640136719,2.499444007873535,35793.134310551,12842.997987360075,1124307.3984176118,119.69999999999999,16.7
MAN-YI,2024-11-17 15:30:00,860,17.183332443237305,119.88333129882812,40.4166666667017,961.6666666666129,306.794921875,31.16248893737793,2.512176513671875,33152.04287291117,11055.679398440145,1079850.9671351535,119.5,16.8
MAN-YI,2024-11-17 16:00:00,861,17.266666412353516,119.76667022705078,39.333333333333336,963.3333333333334,306.807373046875,30.477394104003906,2.5405845642089844,31715.189510435554,7485.5850542617445,1054953.4937282586,119.39999999999998,16.8
MAN-YI,2024-11-17 16:30:00,862,17.350000381469727,119.6500015258789,38.24999999996497,965.000000000054,306.81988525390625,30.685657501220703,2.5350139141082764,31463.925427624647,7483.18852513851,1050920.014886513,119.30000000000001,16.9
MAN-YI,2024-11-17 17:00:00,863,17.433332443237305,119.53333282470703,37.166666666596605,966.6666666667744,306.8324279785156,27.429536819458008,2.5003087520599365,31198.752786498586,4153.695524089473,1021505.1219641762,119.30000000000001,16.9
MAN-YI,2024-11-17 17:30:00,864,17.516666412353516,119.41666412353516,36.08333333322824,968.333333333495,306.8450927734375,27.272567749023438,2.424988031387329,30343.453839100424,5456.323772699531,999067.8508553869,119.30000000000001,16.9
MAN-YI,2024-11-17 18:00:00,865,17.600000381469727,119.30000305175781,35.0,970.0,306.8577880859375,26.460142135620117,2.0567069053649902,21900.75774132131,2844.3984037171026,868682.7042278155,119.19999999999999,17.0
MAN-YI,2024-11-17 18:30:00,866,17.641666412353516,119.20833587646484,34.58333333332435,970.8333333333512,295.5113830566406,28.63835334777832,2.9185237884521484,33229.304116500134,2945.5733142317595,1168904.4194916515,117.89999999999998,18.8
MAN-YI,2024-11-17 19:00:00,867,17.683332443237305,119.11666870117188,34.1666666666487,971.6666666667026,295.5165710449219,27.43592071533203,2.905130386352539,32041.567205663596,2827.0079292213395,1156076.6948698536,118.19999999999999,17.2
MAN-YI,2024-11-17 19:30:00,868,17.725000381469727,119.0250015258789,33.74999999997305,972.500000000054,295.5217590332031,26.93553924560547,2.898313045501709,32497.334880756516,2590.4483045481084,1152491.3135862974,117.69999999999999,18.9
MAN-YI,2024-11-17 20:00:00,869,17.766666412353516,118.93333435058594,33.333333333297404,973.3333333334052,295.5269775390625,23.899816513061523,2.825718402862549,28814.913278600336,1056.9919971837887,1130596.433565932,117.69999999999999,18.9
MAN-YI,2024-11-17 20:30:00,870,17.808332443237305,118.84166717529297,32.91666666667565,974.1666666666488,295.5321960449219,23.31032371520996,2.8262577056884766,27620.277997015997,1174.76044667012,1127263.5033656613,117.5,18.9
MAN-YI,2024-11-17 21:00:00,871,17.850000381469727,118.75,32.5,975.0,295.53741455078125,24.400033950805664,2.7365939617156982,22773.454254088432,704.4825122657242,1093077.2235290078,118.39999999999998,18.6
MAN-YI,2024-11-17 21:30:00,872,17.891666412353516,118.65833282470703,32.08333333332435,975.8333333333512,295.54266357421875,35.04515838623047,2.7922043800354004,29153.623762159677,5050.484900508052,1119666.5606755242,118.30000000000001,18.6
MAN-YI,2024-11-17 22:00:00,873,17.933332443237305,118.56666564941406,31.666666666648705,976.6666666667026,295.5479431152344,35.81557083129883,2.7611396312713623,28789.327403009233,4696.691741238717,1113097.0298172568,118.19999999999999,18.7
MAN-YI,2024-11-17 22:30:00,874,17.975000381469727,118.4749984741211,31.249999999973053,977.500000000054,295.55322265625,32.74188232421875,2.780940294265747,29354.57486513259,5399.648347461235,1110093.960389815,118.10000000000002,18.7
MAN-YI,2024-11-17 23:00:00,875,18.016666412353516,118.38333129882812,30.833333333351295,978.3333333332974,295.5585021972656,32.729469299316406,2.7187089920043945,29330.31805969939,4341.220758382999,1082055.353414544,118.0,18.7
MAN-YI,2024-11-17 23:30:00,876,18.058332443237305,118.29166412353516,30.41666666667565,979.1666666666488,295.5638122558594,31.624086380004883,2.7199015617370605,30473.152567505836,4691.68438486991,1077610.3093475392,118.19999999999999,18.9
MAN-YI,2024-11-18 00:00:00,877,18.100000381469727,118.19999694824219,30.0,980.0,295.5691223144531,30.690025329589844,2.7349414825439453,30923.824572015626,3399.949959438607,1053548.626864011,118.10000000000002,19.0
MAN-YI,2024-11-18 00:30:00,878,18.125,118.0999984741211,30.0,980.0,284.7524719238281,30.94605255126953,2.9621119499206543,34281.536170811094,11080.267739738149,1149491.8410621423,117.30000000000001,17.8
MAN-YI,2024-11-18 01:00:00,879,18.149999618530273,118.0,30.0,980.0,284.7544860839844,28.18222999572754,2.858823776245117,33918.98367512338,5895.151112166739,1105712.838247737,117.0,17.4
MAN-YI,2024-11-18 01:30:00,880,18.174999237060547,117.9000015258789,30.0,980.0,284.75653076171875,30.440351486206055,2.848294734954834,33778.15022187474,3420.642072556846,1093197.3244925656,116.89999999999998,17.4
MAN-YI,2024-11-18 02:00:00,881,18.200000762939453,117.80000305175781,30.0,980.0,284.7585754394531,26.8023624420166,2.8301594257354736,35534.84062445119,6829.729645716683,1107562.8077178323,116.69999999999999,18.4
MAN-YI,2024-11-18 02:30:00,882,18.225000381469727,117.69999694824219,30.0,980.0,284.7606201171875,25.296037673950195,2.861734390258789,35644.55515592531,3761.5314141520726,1103151.5690601857,116.60000000000002,18.8
MAN-YI,2024-11-18 03:00:00,883,18.25,117.5999984741211,30.0,980.0,284.7626647949219,25.08727264404297,2.8501815795898438,33969.465752576034,2582.5411152772763,1082703.2894107772,116.5,18.8
MAN-YI,2024-11-18 03:30:00,884,18.274999618530273,117.5,30.0,980.0,284.76470947265625,25.458942413330078,2.8748435974121094,33255.834632429636,2111.1554576015546,1080999.9149109747,116.39999999999998,18.9
MAN-YI,2024-11-18 04:00:00,885,18.299999237060547,117.4000015258789,30.0,980.0,284.7667541503906,25.79443359375,2.871084451675415,33828.98711250615,2345.354287205179,1084025.8937098768,116.30000000000001,18.9
MAN-YI,2024-11-18 04:30:00,886,18.325000762939453,117.30000305175781,30.0,980.0,284.7688293457031,25.601806640625,2.7482247352600098,33224.51623892134,2110.0323935732667,1054517.6590587182,116.19999999999999,19.0
MAN-YI,2024-11-18 05:00:00,887,18.350000381469727,117.19999694824219,30.0,980.0,284.7708740234375,24.958227157592773,2.8921852111816406,34846.66489278164,1641.1498618683156,1092209.7724489197,116.0,18.9
MAN-YI,2024-11-18 05:30:00,888,18.375,117.0999984741211,30.0,980.0,284.77294921875,25.003530502319336,2.8768482208251953,34954.754409345245,1640.9391523280442,1092951.6930995046,115.89999999999998,18.9
MAN-YI,2024-11-18 06:00:00,889,18.399999618530273,117.0,30.0,980.0,284.7750244140625,28.79757308959961,3.1370022296905518,41924.06957885288,4573.24370442557,1193453.4589632477,115.89999999999998,19.0
MAN-YI,2024-11-18 06:30:00,890,18.41666603088379,116.92500305175781,29.8333333333495,980.4166666666264,283.19329833984375,38.958457946777344,2.725196361541748,27506.495397239167,3536.304349182945,1044297.3082055016,123.19999999999999,8.0
MAN-YI,2024-11-18 07:00:00,891,18.433332443237305,116.8499984741211,29.666666666677447,980.8333333333064,283.1945495605469,34.005943298339844,2.2683191299438477,18556.714631578583,1963.7112332376762,900082.4034571121,123.39999999999998,7.8
MAN-YI,2024-11-18 07:30:00,892,18.450000762939453,116.7750015258789,29.50000000000539,981.2499999999864,283.19580078125,32.78995132446289,2.2343931198120117,16821.2937271847,1963.6214914794543,886175.6440230494,123.30000000000001,7.8
MAN-YI,2024-11-18 08:00:00,893,18.46666717529297,116.69999694824219,29.333333333333332,981.6666666666666,283.197021484375,34.04970169067383,2.2055187225341797,16792.38130427878,1227.3019927061182,878809.5392699318,123.19999999999999,7.9
MAN-YI,2024-11-18 08:30:00,894,18.483333587646484,116.625,29.16666666666128,982.0833333333468,283.1982727050781,34.9357795715332,2.3182342052459717,15058.68430772515,1349.9572203976456,892242.609646572,123.10000000000002,7.9
MAN-YI,2024-11-18 09:00:00,895,18.5,116.55000305175781,29.00000000001078,982.499999999973,283.19952392578125,31.5650577545166,2.298072338104248,13946.793193581369,1539.0148301792606,873115.6877213165,123.10000000000002,7.9
MAN-YI,2024-11-18 09:30:00,896,18.516666412353516,116.4749984741211,28.83333333333872,982.9166666666532,283.2007751464844,30.091087341308594,2.2888436317443848,13824.168103832104,1538.8718605094123,873035.5247987816,123.0,7.9
MAN-YI,2024-11-18 10:00:00,897,18.53333282470703,116.4000015258789,28.666666666666668,983.3333333333334,283.2020263671875,27.072050094604492,2.2948532104492188,13588.748902480605,1778.5444476223465,874085.5178555362,122.89999999999998,7.9
MAN-YI,2024-11-18 10:30:00,898,18.549999237060547,116.32499694824219,28.49999999999461,983.7500000000136,283.2032775878906,24.843364715576172,2.2946150302886963,13471.803135179769,2012.3582566015348,873192.163686478,122.80000000000001,8.0
MAN-YI,2024-11-18 11:00:00,899,18.566667556762695,116.25,28.333333333322553,984.1666666666936,283.20452880859375,28.068973541259766,2.2951772212982178,13005.633374955061,1304.3294032467281,864940.4475669728,122.69999999999999,8.0
MAN-YI,2024-11-18 11:30:00,900,18.58333396911621,116.17500305175781,28.166666666672057,984.5833333333198,283.2057800292969,32.99565887451172,2.2963225841522217,13684.627489649802,1304.2288957920398,865341.6806683128,122.69999999999999,8.0
MAN-YI,2024-11-18 12:00:00,901,18.600000381469727,116.0999984741211,28.0,985.0,283.20703125,29.940275192260742,2.2938036918640137,13312.527178483822,1081.171214723287,858876.3715678512,122.60000000000002,8.0
MAN-YI,2024-11-18 12:30:00,902,18.608333587646484,116.03333282470703,27.58333333332435,985.4166666666756,277.52410888671875,18.041147232055664,1.8056968450546265,9234.653468021952,0.0,688219.9145430846,115.60000000000002,19.4
MAN-YI,2024-11-18 13:00:00,903,18.616666793823242,115.96666717529297,27.166666666648705,985.8333333333512,277.52447509765625,18.464282989501953,1.8026912212371826,9234.57930813047,0.0,686798.1169627687,115.60000000000002,19.4
MAN-YI,2024-11-18 13:30:00,904,18.625,115.9000015258789,26.749999999973053,986.250000000027,277.5248718261719,18.28575897216797,1.8048334121704102,9114.529292345664,0.0,685154.2556561981,115.5,19.5
MAN-YI,2024-11-18 14:00:00,905,18.633333206176758,115.83333587646484,26.333333333351295,986.6666666666488,277.5252380371094,18.382511138916016,1.8047661781311035,8998.439920185343,0.0,683477.4200852788,115.39999999999998,19.5
MAN-YI,2024-11-18 14:30:00,906,18.641666412353516,115.76667022705078,25.91666666667565,987.0833333333244,277.5256042480469,18.67647361755371,1.8102163076400757,8998.077336880415,0.0,682056.4336620091,115.39999999999998,19.5
MAN-YI,2024-11-18 15:00:00,907,18.649999618530273,115.69999694824219,25.5,987.5,277.5259704589844,17.403568267822266,1.7359758615493774,8184.852021151981,0.0,650145.1377441878,115.30000000000001,19.2
MAN-YI,2024-11-18 15:30:00,908,18.65833282470703,115.63333129882812,25.08333333332435,987.9166666666756,277.5263366699219,13.448734283447266,1.7805345058441162,7362.829838760543,0.0,615417.5685067633,115.19999999999999,19.4
MAN-YI,2024-11-18 16:00:00,909,18.66666603088379,115.56666564941406,24.666666666648705,988.3333333333512,277.5267028808594,12.958191871643066,1.762935996055603,6543.136803803577,0.0,607202.6893248117,115.19999999999999,19.4
MAN-YI,2024-11-18 16:30:00,910,18.674999237060547,115.5,24.250000000026947,988.749999999973,277.5270690917969,12.942862510681152,1.7152177095413208,7128.180744804054,0.0,599248.3185428231,115.10000000000002,19.4
MAN-YI,2024-11-18 17:00:00,911,18.683332443237305,115.43333435058594,23.833333333351295,989.1666666666488,277.5274353027344,12.714903831481934,1.7145767211914062,7011.22359350901,0.0,598437.732554272,115.0,19.4
MAN-YI,2024-11-18 17:30:00,912,18.691667556762695,115.36666870117188,23.41666666667565,989.5833333333244,277.5278015136719,11.757804870605469,1.577673077583313,5726.432552286827,0.0,562609.0484661175,115.0,19.4
MAN-YI,2024-11-18 18:00:00,913,18.700000762939453,115.30000305175781,23.0,990.0,277.5281982421875,12.52541732788086,1.5472710132598877,5844.54376436366,0.0,558633.8272147648,114.89999999999998,19.4
MAN-YI,2024-11-18 18:30:00,914,18.70833396911621,115.20833587646484,22.74999999999191,990.4166666666802,275.4970397949219,12.500454902648926,1.863132119178772,5605.507275697099,0.0,661079.2072730187,114.80000000000001,19.4
MAN-YI,2024-11-18 19:00:00,915,18.71666717529297,115.11666870117188,22.50000000001617,990.8333333333064,275.497314453125,12.430717468261719,1.8620905876159668,5722.698949642949,0.0,661978.7232293456,114.69999999999999,19.4
MAN-YI,2024-11-18 19:30:00,916,18.725000381469727,115.0250015258789,22.25000000000809,991.2499999999864,275.4975891113281,12.129398345947266,1.8910048007965088,6193.267774856812,0.0,672272.2541825181,114.60000000000002,19.4
MAN-YI,2024-11-18 20:00:00,917,18.733333587646484,114.93333435058594,22.0,991.6666666666666,275.49786376953125,12.11021614074707,1.8771979808807373,6659.420851077068,0.0,673491.7571380365,114.5,19.5
MAN-YI,2024-11-18 20:30:00,918,18.741666793823242,114.84166717529297,21.74999999999191,992.0833333333468,275.4981384277344,12.369051933288574,1.844015121459961,7247.340002369639,0.0,669482.0700272324,114.39999999999998,19.5
MAN-YI,2024-11-18 21:00:00,919,18.75,114.75,21.49999999998383,992.500000000027,275.4984130859375,13.034650802612305,1.9526444673538208,8183.409786091719,0.0,697554.5657608453,114.30000000000001,19.5
MAN-YI,2024-11-18 21:30:00,920,18.758333206176758,114.65833282470703,21.25000000000809,992.9166666666532,275.4986877441406,12.644831657409668,1.9755750894546509,8181.239132952071,0.0,704603.8323083966,114.30000000000001,19.5
MAN-YI,2024-11-18 22:00:00,921,18.766666412353516,114.56666564941406,21.0,993.3333333333334,275.49896240234375,12.62894058227539,1.981528878211975,7594.597784947542,0.0,714298.5954065889,113.60000000000002,19.4
MAN-YI,2024-11-18 22:30:00,922,18.774999618530273,114.4749984741211,20.74999999999191,993.7500000000136,275.4992370605469,12.584647178649902,1.9852180480957031,7830.989505572864,0.0,711488.169502849,113.5,19.4
MAN-YI,2024-11-18 23:00:00,923,18.78333282470703,114.38333129882812,20.49999999998383,994.1666666666936,275.49951171875,12.22695541381836,1.9767745733261108,6083.5410620458615,0.0,710020.9595562977,113.30000000000001,19.3
MAN-YI,2024-11-18 23:30:00,924,18.79166603088379,114.29166412353516,20.249999999975746,994.5833333333736,275.4997863769531,12.35312557220459,1.9488097429275513,6667.928024256801,0.0,705801.6352870286,113.19999999999999,19.3
MAN-YI,2024-11-19 00:00:00,925,18.799999237060547,114.19999694824219,20.0,995.0,275.50006103515625,12.211016654968262,1.9690755605697632,6901.169983117974,0.0,710519.0564585116,113.10000000000002,19.3
MAN-YI,2024-11-19 00:30:00,926,18.79166603088379,114.10832977294922,20.0,995.0,264.52947998046875,21.317691802978516,2.1377615928649902,13474.998829742239,469.2401400213507,754761.2010606776,113.30000000000001,18.8
MAN-YI,2024-11-19 01:00:00,927,18.78333282470703,114.01667022705078,20.0,995.0,264.52972412109375,21.132734298706055,2.1472108364105225,12888.251797675004,586.6197864670742,760459.5052193007,113.30000000000001,18.8
MAN-YI,2024-11-19 01:30:00,928,18.774999618530273,113.92500305175781,20.0,995.0,264.5299987792969,21.3908748626709,2.1474878787994385,12889.093903597022,586.6197864670742,764821.4457618897,113.19999999999999,18.8
MAN-YI,2024-11-19 02:00:00,929,18.766666412353516,113.83333587646484,20.0,995.0,264.5302734375,21.68842315673828,2.167140245437622,12772.853016056186,469.37954157561376,767428.3287302414,113.10000000000002,18.7
MAN-YI,2024-11-19 02:30:00,930,18.758333206176758,113.74166870117188,20.0,995.0,264.530517578125,22.027952194213867,2.1671524047851562,12656.52761081697,469.37954157561376,770271.033754059,113.0,18.7
MAN-YI,2024-11-19 03:00:00,931,18.75,113.6500015258789,20.0,995.0,264.5307922363281,22.18060302734375,2.1762847900390625,12424.306796743493,469.37954157561376,776977.2610102568,112.89999999999998,18.7
MAN-YI,2024-11-19 03:30:00,932,18.741666793823242,113.55833435058594,20.0,995.0,264.5310363769531,21.069978713989258,2.2050387859344482,12423.615712466071,117.3796464457234,784934.5064478178,112.80000000000001,18.7
MAN-YI,2024-11-19 04:00:00,933,18.733333587646484,113.46666717529297,20.0,995.0,264.53131103515625,20.969097137451172,2.2024810314178467,12425.667596644793,117.3796464457234,791451.0277478697,112.69999999999999,18.7
MAN-YI,2024-11-19 04:30:00,934,18.725000381469727,113.375,20.0,995.0,264.5315856933594,16.39725112915039,2.2216484546661377,10312.51594841095,0.0,785811.814749763,112.60000000000002,18.7
MAN-YI,2024-11-19 05:00:00,935,18.71666717529297,113.28333282470703,20.0,995.0,264.5318298339844,16.317880630493164,2.222795009613037,10305.335201866224,0.0,791179.8161727175,112.5,18.7
MAN-YI,2024-11-19 05:30:00,936,18.70833396911621,113.19166564941406,20.0,995.0,264.5321044921875,14.436019897460938,2.165009021759033,9959.141124907079,0.0,777031.025700896,112.39999999999998,18.6
MAN-YI,2024-11-19 06:00:00,937,18.700000762939453,113.0999984741211,20.0,995.0,264.5323486328125,15.034642219543457,2.1810388565063477,10663.059445914248,0.0,781644.0542560624,112.30000000000001,18.6
MAN-YI,2024-11-19 06:30:00,938,18.65833282470703,113.01667022705078,19.83333333332974,995.4166666666756,242.18821716308594,10.474685668945312,2.043334722518921,4876.57595525002,0.0,665283.7968722743,118.10000000000002,21.7
MAN-YI,2024-11-19 07:00:00,939,18.616666793823242,112.93333435058594,19.66666666665948,995.8333333333512,242.19398498535156,10.532546043395996,2.0477423667907715,5334.679916459133,0.0,664435.5055354818,118.0,21.7
MAN-YI,2024-11-19 07:30:00,940,18.575000762939453,112.8499984741211,19.50000000001078,996.249999999973,242.1997528076172,10.713032722473145,2.066711187362671,5469.857620011839,0.0,669710.7566242061,117.89999999999998,21.7
MAN-YI,2024-11-19 08:00:00,941,18.53333282470703,112.76667022705078,19.33333333334052,996.6666666666488,242.20550537109375,10.402956008911133,2.0888757705688477,5594.106478544846,0.0,674394.1543153657,111.39999999999998,18.1
MAN-YI,2024-11-19 08:30:00,942,18.491666793823242,112.68333435058594,19.16666666667026,997.0833333333244,242.21124267578125,10.682107925415039,2.0975356101989746,5717.027941802935,0.0,673575.3424540947,111.30000000000001,18.0
MAN-YI,2024-11-19 09:00:00,943,18.450000762939453,112.5999984741211,19.0,997.5,242.2169647216797,11.366759300231934,2.2149996757507324,6687.573607059909,0.0,715086.4782348429,111.5,17.8
MAN-YI,2024-11-19 09:30:00,944,18.40833282470703,112.51667022705078,18.83333333332974,997.9166666666756,242.22267150878906,11.08080768585205,2.1760003566741943,6454.914252692875,0.0,704931.3764763715,111.10000000000002,17.9
MAN-YI,2024-11-19 10:00:00,945,18.366666793823242,112.43333435058594,18.66666666668104,998.3333333332974,242.22836303710938,11.478915214538574,2.139462471008301,5743.4495739908425,0.0,699362.9052173683,111.10000000000002,17.9
MAN-YI,2024-11-19 10:30:00,946,18.325000762939453,112.3499984741211,18.50000000001078,998.749999999973,242.23403930664062,11.808514595031738,2.1404831409454346,5713.81211776565,0.0,698253.9939780779,118.5,21.2
MAN-YI,2024-11-19 11:00:00,947,18.28333282470703,112.26667022705078,18.33333333334052,999.1666666666488,242.2397003173828,11.896463394165039,2.1109962463378906,5729.305629073091,0.0,697193.3270871972,118.39999999999998,21.1
MAN-YI,2024-11-19 11:30:00,948,18.241666793823242,112.18333435058594,18.16666666667026,999.5833333333244,242.24534606933594,11.469033241271973,2.0890049934387207,6454.0340928381565,0.0,698502.4877756691,110.89999999999998,17.9
MAN-YI,2024-11-19 12:00:00,949,18.200000762939453,112.0999984741211,18.0,1000.0,242.2509765625,11.748218536376953,2.069105386734009,6712.042366929794,0.0,690208.2935215195,110.89999999999998,17.9
MAN-YI,2024-11-19 12:30:00,950,18.125,112.0250015258789,17.750000000024254,1000.1666666666504,223.54820251464844,10.76595687866211,1.8331875801086426,2588.588919679507,0.0,562942.6910055673,125.10000000000002,18.4
MAN-YI,2024-11-19 13:00:00,951,18.049999237060547,111.94999694824219,17.50000000001617,1000.3333333333226,223.56040954589844,11.223237037658691,1.8413071632385254,2589.5375267991103,0.0,563958.234346654,125.0,18.3
MAN-YI,2024-11-19 13:30:00,952,17.975000381469727,111.875,17.250000000008086,1000.4999999999948,223.57257080078125,11.303489685058594,1.8211168050765991,2708.2710941223254,0.0,557900.3427499173,124.89999999999998,18.2
MAN-YI,2024-11-19 14:00:00,953,17.899999618530273,111.80000305175781,17.0,1000.6666666666666,223.5846710205078,10.815866470336914,1.8226079940795898,2709.5497548705316,0.0,558439.2554952374,124.80000000000001,18.1
MAN-YI,2024-11-19 14:30:00,954,17.825000762939453,111.7249984741211,16.749999999991914,1000.8333333333388,223.5967254638672,10.845359802246094,1.7855538129806519,2475.3104451096096,0.0,550631.9510467094,124.69999999999999,18.1
MAN-YI,2024-11-19 15:00:00,955,17.75,111.6500015258789,16.50000000001617,1000.9999999999892,223.6087188720703,10.776308059692383,1.7700704336166382,2712.879296736546,0.0,549200.666256461,124.69999999999999,18.0
MAN-YI,2024-11-19 15:30:00,956,17.674999237060547,111.57499694824219,16.250000000008086,1001.1666666666612,223.62066650390625,10.015457153320312,1.4952349662780762,364.44925621684894,0.0,462053.5266842911,111.80000000000001,5.6
MAN-YI,2024-11-19 16:00:00,957,17.600000381469727,111.5,16.0,1001.3333333333334,223.63255310058594,10.020068168640137,1.4759341478347778,605.7443809088098,0.0,458139.3955939158,111.69999999999999,5.5
MAN-YI,2024-11-19 16:30:00,958,17.524999618530273,111.42500305175781,15.749999999991916,1001.5000000000052,223.64439392089844,10.03598403930664,1.4879652261734009,359.8082393114742,0.0,456208.78932756255,123.10000000000002,17.5
MAN-YI,2024-11-19 17:00:00,959,17.450000762939453,111.3499984741211,15.499999999983832,1001.6666666666774,223.6561737060547,10.044208526611328,1.4788837432861328,596.3945436903566,0.0,456670.2441335899,123.0,17.4
MAN-YI,2024-11-19 17:30:00,960,17.375,111.2750015258789,15.250000000008084,1001.833333333328,223.66790771484375,10.023482322692871,1.4555160999298096,354.6213055486237,0.0,453655.906723303,123.0,17.3
MAN-YI,2024-11-19 18:00:00,961,17.299999237060547,111.19999694824219,15.0,1002.0,223.67958068847656,10.029136657714844,1.4448662996292114,473.1308355545317,0.0,453656.05432114215,122.89999999999998,17.2
MAN-YI,2024-11-19 18:30:00,962,17.274999618530273,111.18333435058594,14.83333333332974,1002.2500000000052,212.48129272460938,10.012351989746094,1.1950337886810303,471.8236089307005,0.0,410620.8958475429,112.0,17.9
MAN-YI,2024-11-19 19:00:00,963,17.25,111.16666412353516,14.66666666665948,1002.5000000000108,212.48480224609375,10.009038925170898,1.187305212020874,117.92293359917109,0.0,405825.07141131954,112.0,17.9
MAN-YI,2024-11-19 19:30:00,964,17.225000381469727,111.1500015258789,14.49999999998922,1002.750000000016,212.48831176757812,10.009446144104004,1.1977401971817017,117.98923018086109,0.0,406444.1188253289,112.0,17.8
MAN-YI,2024-11-19 20:00:00,965,17.200000762939453,111.13333129882812,14.33333333334052,1002.9999999999892,212.4918212890625,10.002734184265137,1.21017324924469,117.92293359917109,0.0,408397.9114882922,112.0,17.9
MAN-YI,2024-11-19 20:30:00,966,17.174999237060547,111.11666870117188,14.16666666667026,1003.2499999999948,212.49533081054688,10.001954078674316,1.2105305194854736,117.92293359917109,0.0,408956.29021194694,112.0,17.9
MAN-YI,2024-11-19 21:00:00,967,17.149999618530273,111.0999984741211,14.0,1003.5,212.4988250732422,9.005597114562988,1.2180027961730957,0.0,0.0,413148.3254731378,112.0,17.8
MAN-YI,2024-11-19 21:30:00,968,17.125,111.08333587646484,13.83333333332974,1003.7500000000052,212.5023193359375,10.002548217773438,1.211741328239441,117.98923018086109,0.0,413713.7146455211,111.89999999999998,17.8
MAN-YI,2024-11-19 22:00:00,969,17.100000381469727,111.06666564941406,13.66666666665948,1004.0000000000108,212.5058135986328,10.00195026397705,1.2101114988327026,117.98923018086109,0.0,413844.7942662155,111.89999999999998,17.8
MAN-YI,2024-11-19 22:30:00,970,17.075000762939453,111.05000305175781,13.50000000001078,1004.249999999984,212.50929260253906,10.001361846923828,1.2296268939971924,117.98923018086109,0.0,414227.611615408,111.89999999999998,17.8
MAN-YI,2024-11-19 23:00:00,971,17.049999237060547,111.03333282470703,13.33333333334052,1004.4999999999892,212.5127716064453,10.003804206848145,1.2220185995101929,236.0443975277548,0.0,414514.332171619,111.89999999999998,17.7
MAN-YI,2024-11-19 23:30:00,972,17.024999618530273,111.01667022705078,13.16666666667026,1004.7499999999948,212.5162353515625,10.00314712524414,1.230737328529358,118.05516734689371,0.0,415173.00915810396,111.89999999999998,17.7
MAN-YI,2024-11-20 00:00:00,973,17.0,111.0,13.0,1005.0,212.5196990966797,10.002511978149414,1.23462975025177,118.05516734689371,0.0,415861.70517058123,111.89999999999998,17.7
