field_index,scenario_id,scenario_name,time,rainband_width_km,rainband_length_km,rainband_aspect_ratio,rainband_width10_km,rainband_length10_km,rainband_aspect_ratio10,rainband_valid_grid_count,rainband_weight_sum,rainband10_valid_grid_count,rainband10_weight_sum
0,S0,baseline_kong_rey,2024-10-24 18:00:00,454.36805890493275,725.271883303119,1.5962211011290866,158.71301588968782,567.7484399361736,3.577201508985116,3529,15325.965281486511,278,4132.965407371521
1,S0,baseline_kong_rey,2024-10-24 18:30:00,451.5699579979575,729.1328507927833,1.614661998387589,159.3845421329302,552.0134323650637,3.4634063314914756,3486,15445.801054000854,290,4439.586232185364
2,S0,baseline_kong_rey,2024-10-24 19:00:00,440.97225804005495,735.1232900984292,1.6670511051324544,156.72328283963125,538.920091778643,3.4386728124505614,3466,15617.16158235073,304,4550.300349235535
3,S0,baseline_kong_rey,2024-10-24 19:30:00,445.9391431657131,740.7595153041602,1.6611224348809603,159.31071269558763,499.80985789268925,3.1373273613289734,3496,15567.084204912186,300,4533.491924285889
4,S0,baseline_kong_rey,2024-10-24 20:00:00,483.07068990702777,732.2225091506338,1.5157667903460597,155.3231436047421,283.61771743870725,1.825984916712994,3453,14516.360533595085,263,4088.146752357483
5,S0,baseline_kong_rey,2024-10-24 20:30:00,476.42271831363206,735.3002395914419,1.5433777847415489,154.3278948667893,285.57754143457305,1.8504596442598549,3440,14218.822962403297,258,4125.705567359924
6,S0,baseline_kong_rey,2024-10-24 21:00:00,458.999557546794,746.9803954578592,1.6274098377136335,158.612655349709,326.5815154636544,2.058987756958017,3449,14589.14837539196,277,4416.251634597778
7,S0,baseline_kong_rey,2024-10-24 21:30:00,469.36115621229146,730.9278000770748,1.5572822556847365,166.7680755563327,283.51122223060815,1.700032942664971,3557,15180.379796624184,282,4579.236215591431
8,S0,baseline_kong_rey,2024-10-24 22:00:00,491.13498202964706,722.5402102223187,1.47116421484858,160.46320006004854,219.70389689461118,1.3691855628729344,3496,15051.466199159622,273,4422.808572769165
9,S0,baseline_kong_rey,2024-10-24 22:30:00,529.6567971884648,703.5674232857265,1.3283458779730881,156.20276711126039,191.90220836899772,1.228545511183602,3506,15181.554286956787,262,4407.419283866882
10,S0,baseline_kong_rey,2024-10-24 23:00:00,525.7271444465101,704.9297495900471,1.3408661832217197,162.49200778943478,189.38863518719967,1.1655258480935118,3523,15583.136844873428,278,4598.298517227173
11,S0,baseline_kong_rey,2024-10-24 23:30:00,515.2001906470487,682.2003157215075,1.3241460855531113,166.0137552814865,194.36664862356025,1.1707864104031531,3496,15680.52818262577,296,4873.973786354065
12,S0,baseline_kong_rey,2024-10-25 00:00:00,512.4094972884463,676.683144196794,1.3205905584842685,170.11980977284492,201.1801107673569,1.1825789779331668,3476,15403.182393431664,295,4726.6281995773315
13,S0,baseline_kong_rey,2024-10-25 00:30:00,511.1420895787391,866.7992041412539,1.6958087033208908,219.2691820509237,574.144753186887,2.6184470969273894,3595,14507.039384245872,237,3874.919638633728
14,S0,baseline_kong_rey,2024-10-25 01:00:00,462.9411510428752,700.7944773870756,1.5137873913528377,144.01293549008318,336.25536718522267,2.334896973254011,3557,14287.50295305252,232,3836.2316789627075
15,S0,baseline_kong_rey,2024-10-25 01:30:00,465.4769801716283,683.2618764578053,1.4678746867479353,134.38851296798944,251.64017283572926,1.8724827537578796,3579,14174.054256439209,221,3865.722770690918
16,S0,baseline_kong_rey,2024-10-25 02:00:00,482.462913604269,693.8765436380062,1.4381966449075996,132.4348203546266,270.0640327578946,2.0392222531410558,3614,13911.186062216759,219,3732.7359046936035
17,S0,baseline_kong_rey,2024-10-25 02:30:00,479.07770539074215,708.3085036376706,1.4784835438333814,144.3990076846618,277.2882149271914,1.9202916929507634,3720,14566.526307821274,253,4272.763653755188
18,S0,baseline_kong_rey,2024-10-25 03:00:00,483.82079825809507,698.2300215529228,1.4431583430616584,144.47698740263235,304.790816220946,2.1096149753700546,3722,14898.643444538116,269,4446.824734687805
19,S0,baseline_kong_rey,2024-10-25 03:30:00,559.6099615497976,705.9432624681303,1.2614915940972036,128.03051009615632,391.4511528468714,3.057483349499053,3775,14314.076415419579,229,3409.4887104034424
20,S0,baseline_kong_rey,2024-10-25 04:00:00,590.1021052252919,714.4019719613084,1.2106412867118301,128.6630554651215,352.67909739849927,2.741106187192191,3791,14420.99940264225,222,3646.0206537246704
21,S0,baseline_kong_rey,2024-10-25 04:30:00,591.6953453757072,783.6514880006481,1.3244171922681827,140.66443263700583,456.8472739705262,3.2477810161823104,3750,14238.02687060833,230,3412.151168823242
22,S0,baseline_kong_rey,2024-10-25 05:00:00,556.5143359997433,792.7660931349279,1.4245205232867393,162.11203848293482,532.483201861225,3.284661687338384,3674,14188.517167925835,259,3660.8219137191772
23,S0,baseline_kong_rey,2024-10-25 05:30:00,542.7032522829285,791.5522167891444,1.4585359742352926,192.9364251011234,551.5513944007968,2.858720918622341,3673,14617.242015123367,291,4149.7013511657715
24,S0,baseline_kong_rey,2024-10-25 06:00:00,553.3088328856029,798.7821780203323,1.443646171080518,198.347699244117,553.4240087165175,2.790171052276168,3696,14623.148410081863,296,4151.6442613601685
25,S0,baseline_kong_rey,2024-10-25 06:30:00,512.6928784692865,1108.368665278797,2.161856955353034,187.9673919603891,417.04151347701554,2.2186907480468614,3342,13390.680114746094,254,3202.1770696640015
26,S0,baseline_kong_rey,2024-10-25 07:00:00,504.3381569339634,1005.3432394112365,1.9933911911861772,144.64890918128808,371.3611407223787,2.567327626763851,3345,13666.866099119186,256,3350.344864845276
27,S0,baseline_kong_rey,2024-10-25 07:30:00,510.54077194371047,866.6003002873136,1.6974164413706387,126.93173835921631,395.8608424442688,3.1186907826313788,3227,12775.436250805855,225,2766.211477279663
28,S0,baseline_kong_rey,2024-10-25 08:00:00,580.9455234810894,850.5707640193032,1.464114498933718,297.2240230197163,519.3356437091624,1.7472869064648604,3096,12246.190173268318,206,2609.842445373535
29,S0,baseline_kong_rey,2024-10-25 08:30:00,735.5742965389863,850.4556165132009,1.156179084172396,357.4809076993828,1140.3961045116391,3.1900895403080707,2995,11344.142156362534,196,2077.7509899139404
30,S0,baseline_kong_rey,2024-10-25 09:00:00,731.569457101169,845.0067648931763,1.1550602019957197,336.2052471155533,1175.150082113884,3.4953353411226895,2967,11223.995354890823,191,2021.561068534851
31,S0,baseline_kong_rey,2024-10-25 09:30:00,527.9310735179861,821.8461599930937,1.5567300377235564,162.9717022088888,396.65475297102233,2.433887279784365,2924,11750.15547657013,189,2227.7194328308105
32,S0,baseline_kong_rey,2024-10-25 10:00:00,437.2876010637479,722.7328434233207,1.6527631738590247,163.86222950275268,306.81188099790467,1.8723770690105785,2894,11992.134680867195,203,2453.5398502349854
33,S0,baseline_kong_rey,2024-10-25 10:30:00,451.120647040578,654.2665148137249,1.450313833130481,171.58177624068728,285.17322769751075,1.6620251517706681,2840,11977.568140387535,219,2668.33837223053
34,S0,baseline_kong_rey,2024-10-25 11:00:00,458.3009507569789,667.0834489947474,1.4555576371659702,177.09345065141432,294.57432810571413,1.6633835244734383,2841,11647.535410761833,232,2694.5795526504517
35,S0,baseline_kong_rey,2024-10-25 11:30:00,482.298588697753,638.6529148375772,1.3241857426164003,187.36442296802448,279.3377198371363,1.4908791936706494,2812,11550.979205489159,237,2778.326434135437
36,S0,baseline_kong_rey,2024-10-25 12:00:00,508.50153801656614,660.8253887689154,1.2995543560133451,185.08764529909178,396.3718769115254,2.1415361153415047,3122,12413.808961987495,318,3476.949547767639
37,S0,baseline_kong_rey,2024-10-25 12:30:00,571.8107727821555,676.0757334815465,1.18234172153156,216.29339797930615,289.0648084988492,1.3364476733890143,3355,13185.541029572487,320,3616.6389665603638
38,S0,baseline_kong_rey,2024-10-25 13:00:00,580.1328548541555,689.9354575968819,1.189271477772672,162.84773571605422,350.29901477960834,2.151083116012108,3339,13494.733368039131,315,3730.458827018738
39,S0,baseline_kong_rey,2024-10-25 13:30:00,537.7838615034176,749.1681727633669,1.393065553638977,138.83589657927286,363.11215831667676,2.6154054337765844,3225,13122.399870634079,301,3639.697561264038
40,S0,baseline_kong_rey,2024-10-25 14:00:00,542.8575571873189,660.2083091468024,1.2161722728288171,124.19678122134984,334.8055818979566,2.6957669804763,3127,12544.991198420525,263,3210.744342803955
41,S0,baseline_kong_rey,2024-10-25 14:30:00,511.7047043023525,646.8971837434233,1.2642001887111591,142.77761140638236,309.37045300152914,2.1667994719492674,3146,12686.017141580582,271,3347.143762588501
42,S0,baseline_kong_rey,2024-10-25 15:00:00,497.844660210445,582.43315489346,1.1699094144090192,133.18787029268472,266.27462221688313,1.9992407839522766,2955,12243.196887254715,224,3137.896725654602
43,S0,baseline_kong_rey,2024-10-25 15:30:00,504.62846209407195,561.909896675993,1.1135120962940088,146.32409272991327,228.99154615607324,1.5649613258067279,2984,12264.002391815186,241,3472.168502807617
44,S0,baseline_kong_rey,2024-10-25 16:00:00,582.934954282046,776.139192238361,1.3314336128535436,209.74967819083372,232.37357310088663,1.1078614046285602,3702,15809.269238471985,350,5059.761477470398
45,S0,baseline_kong_rey,2024-10-25 16:30:00,601.1487551829773,772.006329946171,1.2842184622193669,179.75858608915613,204.52787116292387,1.1377919442550668,3658,15088.294346570969,282,4404.901495933533
46,S0,baseline_kong_rey,2024-10-25 17:00:00,513.7401202524375,720.7535103415025,1.4029535205218995,136.62300179545815,257.50481704127924,1.8847837747467628,3676,16687.579530119896,327,6158.432394981384
47,S0,baseline_kong_rey,2024-10-25 17:30:00,506.049906436162,762.8761736473956,1.5075117373697817,146.30737701914117,260.05198213634304,1.7774358848789906,3695,17042.78367459774,345,6483.180118560791
48,S0,baseline_kong_rey,2024-10-25 18:00:00,504.20682976506936,781.5495368369532,1.5500574183041265,148.6268548668005,265.66529188363046,1.7874649377578373,3741,17259.491964936256,360,6600.285164833069
49,S0,baseline_kong_rey,2024-10-25 18:30:00,593.0443817004738,683.0052734567024,1.151693354717023,172.57330458442016,286.02831580228525,1.6574308320228233,3819,18270.940729022026,391,6133.11828994751
50,S0,baseline_kong_rey,2024-10-25 19:00:00,598.047143831544,675.7634751183997,1.129950175481058,172.24869533584143,283.8210783140956,1.6477400758288159,3809,18513.15296947956,397,6371.265535354614
51,S0,baseline_kong_rey,2024-10-25 19:30:00,605.3950826555539,658.428796936792,1.0876018253214175,175.4834139017295,283.91002284023926,1.617873829370717,3822,18850.476384162903,405,6646.580461502075
52,S0,baseline_kong_rey,2024-10-25 20:00:00,602.5282104546934,663.0834037837204,1.1005018392140151,185.21045989417755,266.24176877980767,1.43750935520557,3806,18378.965756893158,395,6217.228925704956
53,S0,baseline_kong_rey,2024-10-25 20:30:00,602.5581946537544,615.169893048899,1.0209302578689359,194.2450805514373,271.37697228542356,1.397085432048097,3813,19384.766729712486,441,7148.809259414673
54,S0,baseline_kong_rey,2024-10-25 21:00:00,544.4939958525154,618.9773861624037,1.1367937771164371,177.22261859807008,274.8021598584466,1.5506043304871786,3703,18367.25967681408,415,6595.189929008484
55,S0,baseline_kong_rey,2024-10-25 21:30:00,537.0129120647023,620.1091673688143,1.154737909344904,173.4912097181431,268.24543151572465,1.5461615141857585,3628,17182.68901538849,376,5576.93505191803
56,S0,baseline_kong_rey,2024-10-25 22:00:00,580.6254630899639,643.5766102166488,1.1084195425940697,198.80770317168142,268.1726627411418,1.3489047882091296,3689,16706.884984731674,358,4801.323670387268
57,S0,baseline_kong_rey,2024-10-25 22:30:00,580.9857661279863,668.1537753703856,1.1500346726621797,207.16869714543608,277.1373838464111,1.3377377357924611,3694,16275.495736122131,346,4279.418322563171
58,S0,baseline_kong_rey,2024-10-25 23:00:00,569.6899404226602,646.9357729457437,1.1355927620308208,231.03632868651897,279.932124007728,1.2116368261181643,3582,16282.399126410484,348,4337.297947883606
59,S0,baseline_kong_rey,2024-10-25 23:30:00,546.7703937835449,634.6222964801449,1.160674212970239,223.5180026754784,240.73307026975198,1.077018707165466,3504,16370.49711716175,344,4478.750022888184
60,S0,baseline_kong_rey,2024-10-26 00:00:00,543.2640223028675,623.8710440307956,1.1483754094118694,211.22959932362963,232.38997981343897,1.1001771558416298,3541,16519.875261187553,334,4562.759101867676
61,S0,baseline_kong_rey,2024-10-26 00:30:00,451.4368212658669,598.6754833092476,1.3261556326542212,196.17336783521654,228.92995907158428,1.1669777686840843,3237,17002.12157356739,412,6951.271945953369
62,S0,baseline_kong_rey,2024-10-26 01:00:00,449.3950815433625,598.5504833791647,1.3319026130049194,198.02870703779024,224.74900435168692,1.1349314334956317,3227,16807.212778925896,405,6796.608209609985
63,S0,baseline_kong_rey,2024-10-26 01:30:00,445.6657377830516,606.7924977445299,1.3615417257853302,195.54825117325922,226.50697369764046,1.1583175627428655,3268,16960.24421954155,405,6868.939562797546
64,S0,baseline_kong_rey,2024-10-26 02:00:00,444.9104366088062,588.7531555645807,1.3233071358185486,199.1607531158229,234.38958402956473,1.1768864114168778,3298,17198.60549890995,425,7156.960391998291
65,S0,baseline_kong_rey,2024-10-26 02:30:00,452.10104057683753,575.6938167153952,1.2733742350622856,198.81151562647685,241.8839210379735,1.216649449483696,3311,17349.989604592323,425,7247.703427314758
66,S0,baseline_kong_rey,2024-10-26 03:00:00,456.829588552442,570.2146079972267,1.2481998151741158,194.8814338432193,255.75683508489567,1.3123714765494228,3346,17480.200226068497,446,7584.5626401901245
67,S0,baseline_kong_rey,2024-10-26 03:30:00,457.22112197945506,581.8757614611578,1.2726353475142007,187.44083385142332,278.8408482965045,1.4876206137533976,3415,18158.578933358192,481,8423.982367515564
68,S0,baseline_kong_rey,2024-10-26 04:00:00,468.48941843379686,612.7256642905561,1.3078751412122667,177.42437745998814,308.40298207124613,1.7382221456056337,3500,18742.440806150436,501,8954.777927398682
69,S0,baseline_kong_rey,2024-10-26 04:30:00,485.1360319491401,592.0416485762636,1.2203621450206565,176.18316508639438,302.09754494754367,1.7146788389197307,3585,19108.341895461082,492,9026.47681236267
70,S0,baseline_kong_rey,2024-10-26 05:00:00,491.18678943106926,587.1556270660641,1.195381552802249,180.98760571975933,295.0306446520682,1.6301151865000698,3550,19098.403322577477,489,8807.564922332764
71,S0,baseline_kong_rey,2024-10-26 05:30:00,491.6142266891404,583.1943561470664,1.186284538742271,181.60705144854978,290.56635442115316,1.5999728650595406,3526,19089.042299985886,488,8845.906788825989
72,S0,baseline_kong_rey,2024-10-26 06:00:00,495.49090801166204,585.0232242215851,1.18069416564918,182.0210804722179,290.0370202933858,1.5934254402893346,3544,18923.25971376896,485,8699.791751861572
73,S0,baseline_kong_rey,2024-10-26 06:30:00,496.6146582933821,593.0158152334154,1.1941166160324688,158.07728307927835,277.0551871283523,1.7526565596993646,3455,16985.90989971161,388,6549.4710330963135
74,S0,baseline_kong_rey,2024-10-26 07:00:00,510.44037337680925,586.9247234606505,1.1498399305248117,155.36273162320813,273.4882026890626,1.7603205082177318,3415,16203.702831745148,366,5818.721879005432
75,S0,baseline_kong_rey,2024-10-26 07:30:00,510.25226948055007,592.4033153150579,1.1610008435986743,164.20154822597326,258.07182968051245,1.5716772007859139,3398,15363.640966296196,339,5105.93593788147
76,S0,baseline_kong_rey,2024-10-26 08:00:00,520.0510969091838,593.9554279064657,1.142109749285245,159.95680698395736,250.44742812375083,1.56571910158764,3406,14816.89156961441,296,4455.423629760742
77,S0,baseline_kong_rey,2024-10-26 08:30:00,518.5159632826504,592.3413300383393,1.1423781946621465,147.4099981780096,244.42576134478887,1.6581355699470477,3342,13879.710902810097,253,3739.6698427200317
78,S0,baseline_kong_rey,2024-10-26 09:00:00,523.4236883686618,589.6611271057393,1.126546505649212,148.79693535730118,244.99929834515825,1.646534572481939,3319,14161.942127346992,281,4235.262100219727
79,S0,baseline_kong_rey,2024-10-26 09:30:00,521.7298896466107,587.3667511580378,1.1258062127816455,176.7706933035142,224.78407902181323,1.2716139469785246,3343,14781.51313495636,313,4830.208011627197
80,S0,baseline_kong_rey,2024-10-26 10:00:00,519.5113449225937,621.2851369937366,1.1959029250579807,177.9293068297612,213.07640770953196,1.197534074099426,3376,15518.256219625473,316,5348.574689865112
81,S0,baseline_kong_rey,2024-10-26 10:30:00,517.5547625958797,610.0348495090923,1.178686573087189,175.6432983677203,199.4857620856615,1.1357436573983277,3338,15464.719638705254,305,5351.8633852005005
82,S0,baseline_kong_rey,2024-10-26 11:00:00,514.73209070086,585.4036889933382,1.1372978284611135,179.4871881834705,203.44973188873502,1.1335055941751624,3311,15473.024314641953,315,5499.72961807251
83,S0,baseline_kong_rey,2024-10-26 11:30:00,513.3682804020383,587.4588848860378,1.1443225211070212,179.01179584164464,202.31364109222235,1.1301693284569336,3290,15435.86337685585,314,5542.462218284607
84,S0,baseline_kong_rey,2024-10-26 12:00:00,511.71801511662306,589.0159843873397,1.1510557904690903,178.9476384842981,201.01272171981697,1.1233046908157656,3267,15434.846094489098,313,5578.01118850708
85,S0,baseline_kong_rey,2024-10-26 12:30:00,495.46734024439314,561.1886000816833,1.1326449888803396,196.2520904486507,222.2686954435524,1.1325672757697722,3332,17275.77192735672,382,7159.826671600342
86,S0,baseline_kong_rey,2024-10-26 13:00:00,493.81629971601717,547.269369328971,1.1082448466032662,205.12843225505839,212.31476429440684,1.035033329901395,3256,17684.773562550545,393,7753.93855381012
87,S0,baseline_kong_rey,2024-10-26 13:30:00,501.0819539860289,549.1502465425502,1.0959290035774476,200.96309116077364,214.7152547031845,1.0684312898601258,3254,17468.62669634819,389,7639.65691280365
88,S0,baseline_kong_rey,2024-10-26 14:00:00,502.55204771126085,545.9857362262227,1.0864262492069585,200.3087119728603,214.91053331928833,1.072896586486989,3251,17272.471484661102,387,7532.868248939514
89,S0,baseline_kong_rey,2024-10-26 14:30:00,503.5380163958785,545.696455722536,1.083724441757962,200.3393244037943,213.85606867851425,1.0674692515558013,3243,17255.698800325394,385,7523.627402305603
90,S0,baseline_kong_rey,2024-10-26 15:00:00,498.7595392667879,530.9602612742998,1.0645616163148441,194.44514667716308,219.66906313036864,1.129722530411539,3242,17130.271995425224,380,7238.032473564148
91,S0,baseline_kong_rey,2024-10-26 15:30:00,502.1578717922642,522.54352861672,1.0405961112422588,189.29645362273106,221.20584157942284,1.168568334725838,3257,16771.318447470665,368,6646.14893245697
92,S0,baseline_kong_rey,2024-10-26 16:00:00,497.22795670023135,516.2408543984105,1.0382377890100025,180.056515845823,236.36501391895425,1.3127268002972203,3359,17196.893901467323,370,6801.979873657227
93,S0,baseline_kong_rey,2024-10-26 16:30:00,495.55243792001073,520.1396923390995,1.0496158479661368,172.95300577538134,234.08187691449257,1.3534420859877947,3430,17144.897396326065,357,6681.495782852173
94,S0,baseline_kong_rey,2024-10-26 17:00:00,485.82598007247157,504.6689943746283,1.038785522131494,172.26047123558,223.37946222967682,1.2967540412924228,3376,16660.506806373596,351,6667.077404975891
95,S0,baseline_kong_rey,2024-10-26 17:30:00,482.67963537771703,499.09938982830835,1.0340179142584731,176.5120094398704,225.49952303295717,1.2775307682946826,3382,16902.066289305687,370,7255.118941307068
96,S0,baseline_kong_rey,2024-10-26 18:00:00,486.20038981135684,502.5170800212775,1.0335595991937612,176.4253237012461,235.22041757193713,1.3332576788707031,3429,17153.4716694355,378,7490.0519762039185
97,S0,baseline_kong_rey,2024-10-26 18:30:00,460.51566552372,529.4844091956286,1.1497641640344047,189.13948442751612,264.9199141392282,1.400658963098485,3464,16543.057443499565,372,7073.803335189819
98,S0,baseline_kong_rey,2024-10-26 19:00:00,459.80779253083875,529.3360891661604,1.1512116535751344,188.75258129825482,265.1355657553392,1.404672529147495,3463,16538.50559401512,371,7061.178852081299
99,S0,baseline_kong_rey,2024-10-26 19:30:00,460.0823103781208,529.7010369893785,1.1513179816760182,188.74319803653808,265.8604685788858,1.4085830448174215,3472,16558.280863404274,372,7080.562833786011
100,S0,baseline_kong_rey,2024-10-26 20:00:00,460.2551193743234,529.8174587885356,1.1511386543810203,188.5918863759379,265.93249474312205,1.4100950992823333,3474,16567.979627013206,372,7088.431570053101
101,S0,baseline_kong_rey,2024-10-26 20:30:00,464.6365683006572,531.085999063149,1.143013777425053,184.6287215755228,272.34506538366486,1.4750958738143025,3478,16346.037048339844,370,6864.853491783142
102,S0,baseline_kong_rey,2024-10-26 21:00:00,465.27762883144226,531.7374456150133,1.142839054932612,184.4216982213179,271.7835666063401,1.4737071029471862,3486,16368.546592235565,370,6869.27342414856
103,S0,baseline_kong_rey,2024-10-26 21:30:00,466.1384697855974,532.3603441462269,1.1420648126104833,184.23220126997217,271.8449770542992,1.4755562555317818,3492,16364.616046071053,370,6862.089588165283
104,S0,baseline_kong_rey,2024-10-26 22:00:00,477.18698942089014,522.4995684579883,1.0949577001084794,176.60004560753444,264.4582011114323,1.497497920805452,3512,16157.195860505104,371,6809.518038749695
105,S0,baseline_kong_rey,2024-10-26 22:30:00,477.8670180971326,511.2770826316029,1.0699149831840418,171.15823328350282,251.20531668588643,1.4676788365172821,3461,15794.926728248596,363,6753.1938371658325
106,S0,baseline_kong_rey,2024-10-26 23:00:00,483.8570959863437,526.7483217819901,1.0886444079283604,166.13474835863866,250.8901583506982,1.5101606426675693,3470,15599.667751312256,361,6644.541786193848
107,S0,baseline_kong_rey,2024-10-26 23:30:00,483.44814986185236,528.3921584469449,1.0929655198761943,165.94168660249642,250.93156723787646,1.512167149650388,3471,15608.76791703701,361,6656.353716850281
108,S0,baseline_kong_rey,2024-10-27 00:00:00,483.58025232031326,529.0874613769339,1.0941047713141034,164.33846131291097,250.97146778388068,1.5271620884049377,3474,15624.959252119064,357,6626.354187011719
109,S0,baseline_kong_rey,2024-10-27 00:30:00,497.80856426065765,547.1042928334858,1.0990254730672238,221.43464927649475,244.79485590774485,1.105494811708895,3599,19065.96880042553,502,8467.118197441101
110,S0,baseline_kong_rey,2024-10-27 01:00:00,498.4338127759007,546.8694913650252,1.0971757480082924,220.59337933173444,245.286737280885,1.1119406122883448,3607,19086.549397349358,501,8464.43796157837
111,S0,baseline_kong_rey,2024-10-27 01:30:00,511.1717577046058,552.9624424547615,1.081754682492268,203.1252031480003,229.31204525262046,1.128919709119202,3591,17985.05143213272,414,7065.118632316589
112,S0,baseline_kong_rey,2024-10-27 02:00:00,531.7914159622486,567.7339471686437,1.0675876483289184,188.05050340227365,225.99341927121907,1.2017698181204948,3565,16103.10118329525,350,5614.4235916137695
113,S0,baseline_kong_rey,2024-10-27 02:30:00,514.2716043976243,567.9457039066643,1.1043691680622896,170.0479175239935,218.7988543297801,1.2866894079952884,3425,15033.77539408207,300,4919.9406843185425
114,S0,baseline_kong_rey,2024-10-27 03:00:00,514.3942844687593,573.6680300416754,1.1152301791885768,163.07967897100139,216.93993364560072,1.33026956524838,3394,14800.787744522095,277,4607.296292304993
115,S0,baseline_kong_rey,2024-10-27 03:30:00,511.48193128872845,573.3882248799551,1.1210331974684749,160.01367943132644,220.75307300135367,1.3795887563231342,3375,14665.129619002342,272,4489.543926239014
116,S0,baseline_kong_rey,2024-10-27 04:00:00,504.98844549338895,578.8546908159433,1.1462731394782382,157.77703519330748,232.81929813287488,1.4756222149036113,3326,14832.831205129623,279,4664.738492012024
117,S0,baseline_kong_rey,2024-10-27 04:30:00,504.25377770420687,579.255906955957,1.148738854457814,155.95765207621753,232.22792287802676,1.4890447489202643,3322,14918.749794840813,274,4686.032625198364
118,S0,baseline_kong_rey,2024-10-27 05:00:00,505.13966351396203,579.2315799354267,1.1466761012311906,157.06154881270956,235.64666917045398,1.500346016907378,3332,14953.877957224846,282,4764.0551500320435
119,S0,baseline_kong_rey,2024-10-27 05:30:00,505.6112475368462,578.8313450318855,1.1448150092620364,156.98590521963874,236.48799184412857,1.5064281822833527,3329,14960.480752587318,282,4754.8133907318115
120,S0,baseline_kong_rey,2024-10-27 06:00:00,486.4427478612544,568.5391915644618,1.1687689744870493,166.7062389172943,228.5830342499653,1.3711726431748466,3249,14623.682788968086,283,4604.225200653076
121,S0,baseline_kong_rey,2024-10-27 06:30:00,576.9537633418265,640.7589623441606,1.1105897960224076,169.04831585011178,207.05055530214722,1.2248010532428448,3512,16311.809743642807,326,6054.394959449768
122,S0,baseline_kong_rey,2024-10-27 07:00:00,552.8560414538663,593.657087962568,1.0738004895477031,152.0797405538796,216.60744294107064,1.4243017653250694,3455,15978.319088697433,315,5942.4060754776
123,S0,baseline_kong_rey,2024-10-27 07:30:00,552.9075166389287,589.6624054204626,1.0664756540206983,151.33682444623767,225.64833894311556,1.4910339223040558,3380,15372.161620855331,314,5727.790871620178
124,S0,baseline_kong_rey,2024-10-27 08:00:00,546.9944736730406,581.3353515225925,1.0627810325375933,159.92619706863007,227.9360583304557,1.4252577908335977,3322,15120.226427078247,330,5945.5568771362305
125,S0,baseline_kong_rey,2024-10-27 08:30:00,547.5759646415161,567.2842153611482,1.0359918111682158,167.46360323539162,228.93362443600785,1.3670649622545794,3240,14775.390855789185,333,5884.056818962097
126,S0,baseline_kong_rey,2024-10-27 09:00:00,550.6359097138796,565.0211037270622,1.0261246928495025,167.6626417552325,226.22032893046512,1.3492590034500263,3241,14779.52446782589,332,5854.849332809448
127,S0,baseline_kong_rey,2024-10-27 09:30:00,553.6750503327368,563.6620243707277,1.0180376089404573,167.8590091370676,228.62533550111002,1.3620081321606126,3198,14916.861621141434,335,5945.272786140442
128,S0,baseline_kong_rey,2024-10-27 10:00:00,534.7432013724842,571.615035828095,1.0689524137211535,164.4800793473061,231.91594174127357,1.409994101787686,3164,15371.692327737808,348,6331.9215965271
129,S0,baseline_kong_rey,2024-10-27 10:30:00,515.9418312847016,598.8389095664738,1.1606713649780176,161.49422442844678,237.49647932255482,1.4706190277893243,3265,16234.705389976501,359,6660.809176445007
130,S0,baseline_kong_rey,2024-10-27 11:00:00,511.1574499535362,593.2600233828919,1.1606209073873766,157.3201501027469,245.5970321044909,1.5611288950848838,3287,16441.63892698288,360,6804.649147987366
131,S0,baseline_kong_rey,2024-10-27 11:30:00,475.33468607031256,626.6791882721914,1.318395662334413,156.86209981122425,239.54327425092885,1.5270946553642069,3130,15803.493426442146,355,6703.6333837509155
132,S0,baseline_kong_rey,2024-10-27 12:00:00,451.22089319295657,642.0671597695892,1.422955296298789,159.70881412570853,233.50871331971598,1.462090333573683,3001,15756.310715794563,348,6748.276136398315
133,S0,baseline_kong_rey,2024-10-27 12:30:00,479.07132802756513,612.5457683764279,1.2786107882899256,144.70932134452926,240.10717303063905,1.659237779569026,3034,15500.73519384861,321,6490.200440406799
134,S0,baseline_kong_rey,2024-10-27 13:00:00,480.2473765317033,614.0536561230753,1.278619490975059,144.405011032946,240.46082050557862,1.6651833533028564,3044,15510.84854233265,321,6484.773080825806
135,S0,baseline_kong_rey,2024-10-27 13:30:00,470.02128856594857,640.6128398874615,1.3629443079950536,146.60405328112387,236.23084925137425,1.6113527829846759,3035,15582.42805325985,322,6492.097974777222
136,S0,baseline_kong_rey,2024-10-27 14:00:00,456.04071486421344,658.2165542084533,1.4433284852744703,151.46888827634677,237.11271515549277,1.5654219018422577,3036,15858.590347647667,333,6660.378649711609
137,S0,baseline_kong_rey,2024-10-27 14:30:00,457.75092156364514,658.1186908311815,1.437722262978942,151.5750219677553,236.87732133130146,1.5627727989489657,3040,15873.653998613358,333,6654.135270118713
138,S0,baseline_kong_rey,2024-10-27 15:00:00,452.26199998101004,654.2488227239937,1.4466146232747024,151.39644752065905,238.2860613795601,1.5739210878580412,3020,15630.80826473236,333,6528.174337387085
139,S0,baseline_kong_rey,2024-10-27 15:30:00,465.74476116783643,546.0597469455063,1.1724442065140614,164.14060039887363,189.9112786180128,1.1570036795071628,2821,13909.636172533035,306,5890.290058135986
140,S0,baseline_kong_rey,2024-10-27 16:00:00,452.975219973177,513.4006468617638,1.1333967604059307,166.84047176212232,187.9938695152382,1.1267881679408989,2769,13876.194892406464,303,5805.794076919556
141,S0,baseline_kong_rey,2024-10-27 16:30:00,469.79489231496916,541.6801287182012,1.1530140867411478,163.41550003334865,195.1655771062152,1.1942904869267974,2826,13706.780175447464,302,5849.46469783783
142,S0,baseline_kong_rey,2024-10-27 17:00:00,468.43669713711137,541.398284658093,1.1557554904790572,163.43192281815075,195.51794469270388,1.196326527408319,2828,13726.721844911575,302,5868.916986465454
143,S0,baseline_kong_rey,2024-10-27 17:30:00,467.8828098228436,545.1473726012431,1.1651365708598127,163.57075497268886,197.21337098980317,1.2056762287533023,2831,13746.884617567062,305,5909.529228210449
144,S0,baseline_kong_rey,2024-10-27 18:00:00,467.83359027405794,546.9791017097073,1.1691744951218328,165.10703829724523,197.58522880914592,1.1967099092010143,2836,13785.941681981087,308,5954.59031867981
145,S0,baseline_kong_rey,2024-10-27 18:30:00,531.2786358600256,583.264516044253,1.0978505000489478,106.0438731618358,213.25186729139693,2.010977729622783,3230,12669.875018239021,185,2722.9209575653076
146,S0,baseline_kong_rey,2024-10-27 19:00:00,532.5423208561208,593.4628893029275,1.1143957316835758,106.00042360134182,218.2872536219764,2.0593054839378127,3242,12746.74161374569,192,2849.233039855957
147,S0,baseline_kong_rey,2024-10-27 19:30:00,532.4180758887335,606.0214566030961,1.1382435797122399,107.41082406196075,198.5937838096335,1.8489177933787317,3283,12951.501906991005,182,2796.3165521621704
148,S0,baseline_kong_rey,2024-10-27 20:00:00,531.7473499255532,620.9379838702706,1.1677312241559894,112.44045377699378,183.94114380723454,1.6358982699593902,3306,13131.374524593353,180,2792.9134845733643
149,S0,baseline_kong_rey,2024-10-27 20:30:00,537.3338063421746,616.2680792827978,1.1468998823616852,111.49231910481156,190.74510011040704,1.7108362409350364,3348,13405.622336626053,183,2954.6127319335938
150,S0,baseline_kong_rey,2024-10-27 21:00:00,543.5205970901385,599.014956291708,1.1021016673492599,112.62035219904455,196.4369090414704,1.7442398749942392,3360,13482.534466266632,183,2997.0411100387573
151,S0,baseline_kong_rey,2024-10-27 21:30:00,542.97805296895,577.4559498455948,1.0634977724939747,120.7807755660906,181.34028185616756,1.5014002104742044,3380,13597.251503109932,188,3043.952456474304
152,S0,baseline_kong_rey,2024-10-27 22:00:00,543.5263391966203,576.1454397506326,1.0600138359480888,120.0714818175329,194.428757193049,1.6192750705659802,3319,13240.228772640228,183,2752.996418952942
153,S0,baseline_kong_rey,2024-10-27 22:30:00,546.4779848765066,570.2689311033008,1.043535049691287,123.8171534355325,204.9516446956038,1.655276664087692,3274,13311.405226945877,192,3009.834520339966
154,S0,baseline_kong_rey,2024-10-27 23:00:00,560.9528550689856,576.6957377686085,1.0280645379684996,127.81279022959039,230.108179467081,1.8003533062202568,3364,13559.325847744942,202,3084.818557739258
155,S0,baseline_kong_rey,2024-10-27 23:30:00,562.9014182081986,567.909457694149,1.0088968322408756,134.42970941518934,257.76770786906866,1.9174906275587125,3385,13763.747815132141,213,3158.5991983413696
156,S0,baseline_kong_rey,2024-10-28 00:00:00,548.8193516461444,580.7466538915195,1.0581745198116836,140.57546422893301,266.6989829001269,1.897194395643571,3426,13710.467262625694,213,3054.8821201324463
157,S0,baseline_kong_rey,2024-10-28 00:30:00,515.8616092705532,590.0812648137713,1.1438751289287958,189.3103468868454,214.146072721382,1.1311905357681284,3422,17456.52294075489,366,7422.197606086731
158,S0,baseline_kong_rey,2024-10-28 01:00:00,518.7718514080211,567.6504658542374,1.0942198662351312,201.94368684362658,206.44756645235546,1.0223026511951097,3493,19116.41353869438,387,8661.410362243652
159,S0,baseline_kong_rey,2024-10-28 01:30:00,506.02369098964397,586.5551338435382,1.159145597899568,194.83419857588117,208.04560534746844,1.0678084590290282,3490,17953.09396111965,379,7533.7151556015015
160,S0,baseline_kong_rey,2024-10-28 02:00:00,502.4353473043669,583.4178348279981,1.1611799168950034,184.53190562715693,213.90158259443047,1.159157717834515,3407,17327.298053979874,365,7245.2408266067505
161,S0,baseline_kong_rey,2024-10-28 02:30:00,501.3049839831742,619.0068810238334,1.2347909971000977,183.79544015366375,201.03681742582063,1.0938074266572717,3568,17148.18698334694,346,6173.536261558533
162,S0,baseline_kong_rey,2024-10-28 03:00:00,493.00338252973097,624.2068751140246,1.2661310190430184,185.30999299594583,202.3742142897908,1.0920847333592918,3578,17327.38363659382,351,6173.004157066345
163,S0,baseline_kong_rey,2024-10-28 03:30:00,472.9092678790188,644.1466596821386,1.3620935418988764,190.4895741827041,264.3598768379389,1.3877918409559897,3693,16832.27993118763,338,5400.645422935486
164,S0,baseline_kong_rey,2024-10-28 04:00:00,459.7707756561407,634.0991302067174,1.3791636262696136,178.02501569724987,248.0855789234477,1.3935433621606401,3674,17130.59495949745,352,5902.156513214111
165,S0,baseline_kong_rey,2024-10-28 04:30:00,459.35491908258547,637.2100719778366,1.3871846049900989,173.96191852710618,247.23209927596113,1.4211851729919662,3707,17272.635535359383,354,5934.62841129303
166,S0,baseline_kong_rey,2024-10-28 05:00:00,446.45946807600944,628.0766921428929,1.4067944282815876,173.04707104998081,256.08543826239026,1.4798599982569145,3685,17944.087621808052,392,6865.9810609817505
167,S0,baseline_kong_rey,2024-10-28 05:30:00,445.42215323400245,632.5680901340123,1.4201540842574378,171.00412983119023,284.47331111794836,1.6635464383156688,3681,17856.23883509636,437,7253.340704917908
168,S0,baseline_kong_rey,2024-10-28 06:00:00,446.02504503885126,634.2926875408941,1.4221010559746532,174.26864500341972,277.90804517987885,1.5947105411557185,3697,17962.182687163353,436,7286.282712936401
169,S0,baseline_kong_rey,2024-10-28 06:30:00,437.1675724374496,555.2791620636046,1.2701746357068908,198.1048562528804,253.40892145035843,1.2791656208916011,3611,20356.89577794075,480,9382.394571304321
170,S0,baseline_kong_rey,2024-10-28 07:00:00,437.102866564262,555.3842852421632,1.2706031639820197,197.6286968328887,253.53716150841365,1.2828964900922202,3614,20383.025846481323,480,9394.871603012085
171,S0,baseline_kong_rey,2024-10-28 07:30:00,436.476317955252,555.7279190276448,1.2732143673476857,197.59579354276497,253.57249126838164,1.2832889138072696,3614,20409.79081904888,480,9404.325620651245
172,S0,baseline_kong_rey,2024-10-28 08:00:00,444.84026927522865,554.3349185849418,1.2461437438838658,199.70791816280286,261.0110937074531,1.3069641710183684,3639,20834.24609041214,506,9784.851572036743
173,S0,baseline_kong_rey,2024-10-28 08:30:00,453.40822872177336,567.202771951902,1.250975910937769,194.48925638874965,256.0028112395831,1.31628253402274,3617,19412.272463202477,470,8391.508873939514
174,S0,baseline_kong_rey,2024-10-28 09:00:00,452.46362697449945,565.214333752196,1.2491928633725289,190.17919179339623,262.40855333760487,1.3797963429283822,3597,19545.449426174164,471,8693.141004562378
175,S0,baseline_kong_rey,2024-10-28 09:30:00,447.4884755793699,558.7699632614389,1.2486801197237314,194.91568239805866,253.0223834611736,1.29811198538888,3534,19098.36196899414,461,8450.010515213013
176,S0,baseline_kong_rey,2024-10-28 10:00:00,445.8669834797017,558.3004348939259,1.2521681478560107,195.73529219027088,251.4085861094197,1.2844315570082707,3513,18876.34900534153,456,8240.955801010132
177,S0,baseline_kong_rey,2024-10-28 10:30:00,443.1753588801485,553.5885720907776,1.2491411379225346,195.25489704276964,249.22143564247824,1.276390192599811,3472,18811.730124235153,453,8234.066634178162
178,S0,baseline_kong_rey,2024-10-28 11:00:00,442.69461968827943,553.4687370420801,1.250226933934278,195.29448832818497,249.53088071189393,1.277715939901824,3471,18818.83120763302,454,8250.882495880127
179,S0,baseline_kong_rey,2024-10-28 11:30:00,442.5861583413176,552.9149476994118,1.2492820601791357,195.06761803072848,251.91438169206225,1.291420812102076,3443,18516.598414063454,457,8117.151436805725
180,S0,baseline_kong_rey,2024-10-28 12:00:00,443.60832562512184,554.9553038162477,1.2510029044973787,195.87980666289988,248.3204893317062,1.2677186768876745,3430,18179.837247490883,450,7836.2104845047
181,S0,baseline_kong_rey,2024-10-28 12:30:00,450.19218126760086,526.9726305232045,1.1705503837037166,191.44032001548914,295.3995602664227,1.5430373300803137,3470,20233.69885456562,468,9433.541818618774
182,S0,baseline_kong_rey,2024-10-28 13:00:00,445.47604505177947,527.9378928167339,1.185109499558766,189.32529128527523,292.3875918424224,1.5443662590321936,3427,20054.20138692856,463,9224.793500900269
183,S0,baseline_kong_rey,2024-10-28 13:30:00,456.2496182703644,523.818359281123,1.1480959946156437,198.37443036401658,281.12458195193005,1.4171412184325658,3441,19778.662569999695,476,9045.1909866333
184,S0,baseline_kong_rey,2024-10-28 14:00:00,446.75013133233097,520.2135637407413,1.1644396436758084,196.65663573152707,279.4254990884269,1.4208800941245292,3356,19969.758864998817,479,9428.008379936218
185,S0,baseline_kong_rey,2024-10-28 14:30:00,432.1669702335877,528.3858934680559,1.2226429363226448,174.57982689963583,287.5244024048906,1.6469508963952852,3357,20122.775816321373,451,9488.077224731445
186,S0,baseline_kong_rey,2024-10-28 15:00:00,431.3779604724474,535.2469107946781,1.240784091538825,184.73709671464368,287.9909387799588,1.5589231610844563,3412,20237.509488344193,469,9524.980638504028
187,S0,baseline_kong_rey,2024-10-28 15:30:00,415.0128611810587,543.3951593671836,1.309345348529124,192.8416563790604,306.46606672033437,1.5892109229653466,3263,20122.815435171127,528,9796.087003707886
188,S0,baseline_kong_rey,2024-10-28 16:00:00,415.3877479521236,541.5737520639224,1.303778830102474,195.680151740697,302.22797914255875,1.54449992221516,3222,19964.941271066666,535,9727.883239746094
189,S0,baseline_kong_rey,2024-10-28 16:30:00,417.3252255250781,543.6386370502233,1.302673799232281,197.04193444490815,307.7404787446516,1.5618019565814434,3240,20329.19295144081,543,9976.075901031494
190,S0,baseline_kong_rey,2024-10-28 17:00:00,423.2596700905521,544.4186805009772,1.2862521968712564,202.54356538518562,311.675974328378,1.538809558011133,3269,20706.628197669983,562,10354.793200492859
191,S0,baseline_kong_rey,2024-10-28 17:30:00,427.3426120185575,543.0611638839947,1.2707863634727137,207.2691731201082,308.5131233295701,1.4884660303574986,3303,21155.984568476677,570,10727.010719299316
192,S0,baseline_kong_rey,2024-10-28 18:00:00,436.93928969413224,533.3090579108089,1.220556426235179,231.75560116288776,310.6031424226224,1.3402184925158114,3303,21473.139932870865,616,11268.079917907715
193,S0,baseline_kong_rey,2024-10-28 18:30:00,403.41795367893417,538.6347999076158,1.3351780578816146,204.2732634253592,280.7354779696432,1.3743133744579437,2955,19340.144728422165,508,9907.786931991577
194,S0,baseline_kong_rey,2024-10-28 19:00:00,402.28608305860485,539.509783216248,1.3411097374145333,204.3332873937456,279.5636108183678,1.3681745856692147,2951,19278.010446548462,506,9840.746550559998
195,S0,baseline_kong_rey,2024-10-28 19:30:00,401.94949274512584,540.2837775545399,1.3441583763787204,204.3731130011299,279.292554067264,1.3665816895675438,2948,19268.75988984108,506,9805.813461303711
196,S0,baseline_kong_rey,2024-10-28 20:00:00,404.91209632395976,548.6696925620217,1.355034086517,211.26636345216184,272.7723412693737,1.2911300067468512,2949,19247.4791533947,520,9712.450728416443
197,S0,baseline_kong_rey,2024-10-28 20:30:00,404.6230630896787,551.8223920461014,1.3637937191034433,209.89966588803952,271.81127225270023,1.2949580986836018,2954,19163.722191810608,512,9609.200244903564
198,S0,baseline_kong_rey,2024-10-28 21:00:00,431.5608354746096,557.1162197106028,1.290933221727389,215.19018036889037,262.5299594192167,1.2199904241409751,3013,19232.523911595345,528,9537.403749465942
199,S0,baseline_kong_rey,2024-10-28 21:30:00,426.8461127301769,562.2530002037483,1.3172264744488025,221.89667740080355,258.85170253630514,1.1665415884923322,3083,19463.355372667313,544,9518.83575630188
200,S0,baseline_kong_rey,2024-10-28 22:00:00,419.6434495320867,559.9606458187836,1.3343724212617947,214.70877465440657,252.45378815307484,1.1757963248564067,3177,19917.283363699913,518,9676.075245857239
201,S0,baseline_kong_rey,2024-10-28 22:30:00,419.8559681713955,556.2284904526756,1.32480786893473,198.5116502595832,264.3925721797522,1.331874335002599,3192,19822.438267946243,481,9414.6869058609
202,S0,baseline_kong_rey,2024-10-28 23:00:00,423.40723168583804,561.6278850613845,1.326448494573902,196.97056981742435,262.9018051821166,1.3347263270132377,3212,19487.910358548164,470,8957.58021068573
203,S0,baseline_kong_rey,2024-10-28 23:30:00,424.77991627577103,581.7403692215959,1.369510061403005,194.29966984794345,273.89322046614285,1.4096432622890556,3310,18983.58072257042,457,8432.583126068115
204,S0,baseline_kong_rey,2024-10-29 00:00:00,403.5806161915804,554.5693761724092,1.374122923458625,207.3380513494046,258.8810072887101,1.2485938090179332,3274,20299.93088555336,518,10366.254892349243
205,S0,baseline_kong_rey,2024-10-29 00:30:00,405.14506571957156,546.0079611586148,1.3476850821047457,211.096292550396,257.0636727551779,1.2177555069746508,3260,20354.705847024918,542,10561.620769500732
206,S0,baseline_kong_rey,2024-10-29 01:00:00,416.095884216121,544.0650726292425,1.3075473545098868,208.37531332079703,242.1875413780185,1.162265997436874,3210,19428.320983052254,492,9525.129415512085
207,S0,baseline_kong_rey,2024-10-29 01:30:00,419.5642911613385,563.8480604178611,1.3438895356350493,204.08117954356868,242.4720805880174,1.1881158327794337,3251,19406.967166662216,479,9329.229649543762
208,S0,baseline_kong_rey,2024-10-29 02:00:00,413.78326224348604,573.9082271105118,1.3869778685557383,207.04885727388324,238.44702991991875,1.1516462010920496,3293,18933.95865535736,470,9037.969030380249
209,S0,baseline_kong_rey,2024-10-29 02:30:00,413.2329225986024,570.5212417741861,1.3806287218996967,208.72929946069067,237.50541288917938,1.1378633162801703,3315,19279.280128479004,477,9381.582692146301
210,S0,baseline_kong_rey,2024-10-29 03:00:00,403.244572573817,565.0228894870477,1.401191554496656,199.3587235471062,252.03056231071378,1.264206340341864,3361,20144.68497824669,495,10240.378385543823
211,S0,baseline_kong_rey,2024-10-29 03:30:00,407.3294929333595,550.2644949696944,1.3509075687277035,221.25042925379597,271.67584753253516,1.227911052868038,3268,20901.727442741394,594,11208.356834411621
212,S0,baseline_kong_rey,2024-10-29 04:00:00,408.3929728808372,555.1703746321346,1.3594023685469323,218.92003741616625,269.0755306648314,1.2291041689953601,3224,20362.44445347786,583,10682.511245727539
213,S0,baseline_kong_rey,2024-10-29 04:30:00,407.6945022010117,554.721893126767,1.3606312818348059,212.86005566777808,255.41371925239542,1.1999138046408853,3215,19676.467440247536,538,9936.322543144226
214,S0,baseline_kong_rey,2024-10-29 05:00:00,407.71191966104806,554.510915545176,1.360055688355072,213.18666826860078,256.1655237002274,1.2016019846863735,3210,19647.265998363495,541,9948.880940437317
215,S0,baseline_kong_rey,2024-10-29 05:30:00,408.84994735117425,555.4120792287391,1.358474136604637,214.01578840854054,259.7790533872543,1.2138312566517466,3214,19596.564363002777,550,9941.078331947327
216,S0,baseline_kong_rey,2024-10-29 06:00:00,413.9077052104746,547.5577640154295,1.3228982140764731,219.4526033929472,244.14324876329636,1.1125101502037664,3230,19458.28434729576,511,9519.157009124756
217,S0,baseline_kong_rey,2024-10-29 06:30:00,451.72683029130184,548.4279436802094,1.2140698911475933,245.22709392768274,262.9165415119236,1.0721349639671396,3427,20182.915054678917,550,9588.95133972168
218,S0,baseline_kong_rey,2024-10-29 07:00:00,449.4813823873674,569.8055472146741,1.2676955476736718,231.95673405267374,261.12312978566433,1.125740672509927,3605,20556.171977758408,544,9673.434846878052
219,S0,baseline_kong_rey,2024-10-29 07:30:00,482.88399370089564,656.2470027944107,1.3590158534036996,234.8649807227298,253.56441174820748,1.0796177913281684,3810,20370.58865737915,543,9229.232474327087
220,S0,baseline_kong_rey,2024-10-29 08:00:00,481.74371808085016,640.8314384057113,1.3302330977114276,236.4789023721309,253.31502497456924,1.071195030227024,3734,19789.093366146088,549,8977.97911453247
221,S0,baseline_kong_rey,2024-10-29 08:30:00,486.6636055321952,661.6600661482405,1.359584030173522,233.89906953946024,254.28305121699316,1.0871486223423943,3737,20049.21745991707,551,9191.571809768677
222,S0,baseline_kong_rey,2024-10-29 09:00:00,573.6025890983906,717.4130050881796,1.2507143773807474,236.75985532773353,256.30520569537526,1.0825534816305118,3853,20574.795066595078,570,9543.427613258362
223,S0,baseline_kong_rey,2024-10-29 09:30:00,690.801341209577,762.2150469303572,1.1033780646628961,242.50415726469294,254.80777088938342,1.0507356812496211,3944,21202.928988337517,583,9834.558611869812
224,S0,baseline_kong_rey,2024-10-29 10:00:00,691.9662054283191,776.6735037076429,1.1224153688645673,235.42274645990972,254.1977795675142,1.079750293418655,3926,21183.763751387596,569,9796.265053749084
225,S0,baseline_kong_rey,2024-10-29 10:30:00,692.5159304743806,801.3090841354111,1.1570984130090767,229.29852126933054,251.60886201461952,1.0972982321115037,3953,21117.666177749634,549,9642.338739395142
226,S0,baseline_kong_rey,2024-10-29 11:00:00,698.9140320339679,863.6189673346521,1.2356583610452938,227.83763885335034,246.44473501578565,1.0816682276733514,3989,21482.51781821251,545,9910.992924690247
227,S0,baseline_kong_rey,2024-10-29 11:30:00,713.0395835271164,877.2258439416504,1.2302624765968393,215.07784635493107,235.01786628442753,1.0927107104122173,3896,20734.54738152027,487,8918.12280845642
228,S0,baseline_kong_rey,2024-10-29 12:00:00,719.390819406971,938.9100957312838,1.3051460630332647,216.29705488287445,247.46825959654143,1.1441129410224524,3815,21208.313547730446,529,9554.78501033783
229,S0,baseline_kong_rey,2024-10-29 12:30:00,446.4539673131919,521.267668029646,1.1675731569072838,239.46443987602075,287.552949555136,1.2008169133755777,3305,20157.69094955921,588,10344.705618858337
230,S0,baseline_kong_rey,2024-10-29 13:00:00,444.6341606310996,519.9904046840553,1.1694792049850518,239.98113384262152,284.32891695462,1.184796956335244,3329,20384.408520579338,587,10546.564248085022
231,S0,baseline_kong_rey,2024-10-29 13:30:00,457.1522348791715,516.5046517972003,1.1298307486864083,208.28561177799722,255.85673403465935,1.228393703485217,3334,17991.197876811028,423,7678.597332954407
232,S0,baseline_kong_rey,2024-10-29 14:00:00,452.6945716245913,512.3760578625416,1.1318360987271605,217.5160042727175,249.6661770286468,1.1478060102447398,3319,17864.797519683838,433,7831.706733703613
233,S0,baseline_kong_rey,2024-10-29 14:30:00,452.27694676148775,506.2689663630926,1.1193782260807488,198.62241624951204,253.1067141771553,1.2743109209747914,3275,17422.064180254936,393,7491.926236152649
234,S0,baseline_kong_rey,2024-10-29 15:00:00,452.4360466172051,506.82938041872694,1.120223254111186,198.97523748264362,252.14407347241507,1.2672133309774691,3279,17430.863765358925,391,7467.1052169799805
235,S0,baseline_kong_rey,2024-10-29 15:30:00,450.45065373430526,505.2765852864893,1.1217135131177356,196.6380466681079,252.2161487363461,1.2826416505349214,3268,17505.418548822403,391,7569.539210319519
236,S0,baseline_kong_rey,2024-10-29 16:00:00,448.2423944702663,504.85055378878207,1.1262891685767793,197.70138012660976,251.37893421042867,1.2715082416189611,3286,17816.84762299061,394,7819.257315635681
237,S0,baseline_kong_rey,2024-10-29 16:30:00,452.45363836868745,506.08302044237143,1.1185301156313883,201.83757893640424,241.2133497495333,1.1950864205794627,3310,17906.86154127121,392,7673.1387729644775
238,S0,baseline_kong_rey,2024-10-29 17:00:00,452.46581666687035,506.4696362183913,1.1193544740005859,204.59268849823368,241.5096294022311,1.180441154446802,3313,17982.486600399017,397,7797.649182319641
239,S0,baseline_kong_rey,2024-10-29 17:30:00,453.1210755492785,506.6653446888702,1.1181676863621575,208.76320286767168,236.00477698332404,1.13049030548223,3328,18294.567732572556,402,8033.987396240234
240,S0,baseline_kong_rey,2024-10-29 18:00:00,453.1821875140283,510.12682907518115,1.1256550745595864,218.29227921134628,236.8154542245989,1.0848549251497703,3335,18571.046354293823,424,8313.954969406128
241,S0,baseline_kong_rey,2024-10-29 18:30:00,471.92433256823233,671.4352547610398,1.422760405480809,239.86790644156972,268.30337815327727,1.118546378853034,3359,21127.730019450188,587,10834.801551818848
242,S0,baseline_kong_rey,2024-10-29 19:00:00,486.26708587319405,724.7535544561154,1.490443370549474,242.5937914023592,288.97466327939117,1.1911873820385814,3342,21328.299998760223,632,11044.03509235382
243,S0,baseline_kong_rey,2024-10-29 19:30:00,490.9280225268877,725.7067613921373,1.478234543745951,245.03090068172648,285.75926833027444,1.1662172711083871,3360,20876.901726841927,613,10388.515607833862
244,S0,baseline_kong_rey,2024-10-29 20:00:00,494.35611787372846,699.6561016775366,1.41528763654594,251.386351972561,288.8232317125451,1.148921687459267,3395,21305.560609579086,638,10907.108590126038
245,S0,baseline_kong_rey,2024-10-29 20:30:00,476.56275719330665,658.0554380033132,1.380836895184377,246.05046758466713,273.0806884343318,1.1098564091952492,3229,20966.697467923164,616,11081.695534706116
246,S0,baseline_kong_rey,2024-10-29 21:00:00,468.01615277139655,548.6940925455862,1.1723828105001233,247.15311878378645,271.79235107191744,1.09969217628884,3127,20982.65120458603,626,11397.931909561157
247,S0,baseline_kong_rey,2024-10-29 21:30:00,417.40880753133644,492.0179712424837,1.1787436258290858,247.47809498445017,276.91738196741505,1.1189571423879496,3107,21698.845948815346,652,12234.931769371033
248,S0,baseline_kong_rey,2024-10-29 22:00:00,419.07783157265567,498.5380231914229,1.189607241501129,247.027193311639,278.2755086245521,1.1264974713674152,3162,21809.0755109787,652,12204.337728500366
249,S0,baseline_kong_rey,2024-10-29 22:30:00,418.39998216860937,494.48181905460257,1.1818399620660884,247.3929642174051,279.98784856693936,1.1317534815617847,3116,21738.518397688866,657,12280.392201423645
250,S0,baseline_kong_rey,2024-10-29 23:00:00,415.0850145223155,487.15494122204143,1.173626905762097,243.32339634333934,270.80497141697845,1.1129425919851141,3104,21645.94811296463,633,12295.400317192078
251,S0,baseline_kong_rey,2024-10-29 23:30:00,414.90902279574203,488.2070569403918,1.1766604969223167,241.4987894018203,268.7394494817135,1.1127983297446988,3132,21772.033997893333,625,12363.7025308609
252,S0,baseline_kong_rey,2024-10-30 00:00:00,418.1393598571541,492.0172799355496,1.1766825302062753,241.35146488245525,272.6044104119021,1.129491426723541,3160,21600.276127696037,627,12186.963116645813
253,S0,baseline_kong_rey,2024-10-30 00:30:00,531.6013818119155,564.1907799947852,1.0613042014145835,260.6646407805736,272.74124686435863,1.0463300509329532,4127,23258.722048282623,650,11537.277207374573
254,S0,baseline_kong_rey,2024-10-30 01:00:00,532.762194166029,564.3875247041774,1.059361063687435,260.58522896086083,272.7649079816525,1.046739713794829,4129,23251.757150769234,650,11520.115356445312
255,S0,baseline_kong_rey,2024-10-30 01:30:00,534.3164461124376,564.1263326928026,1.0557906963134933,259.7183203604235,272.96034255457835,1.0509860920699672,4134,23265.11050236225,647,11496.241185188293
256,S0,baseline_kong_rey,2024-10-30 02:00:00,539.1744153800403,558.6322522590756,1.0360882050853977,259.47259760796373,275.44283587907717,1.0615488433782196,4172,23474.22227191925,649,11557.45257282257
257,S0,baseline_kong_rey,2024-10-30 02:30:00,539.5928094372396,558.5209808601418,1.0350786205669458,259.38346665179296,275.4780653175991,1.0620494392860094,4174,23487.054547548294,649,11564.78468799591
258,S0,baseline_kong_rey,2024-10-30 03:00:00,539.9564452030921,558.3677200835692,1.0340977037019181,259.45267115021204,275.68495767398207,1.0625635745117117,4177,23476.720267295837,650,11575.882614135742
259,S0,baseline_kong_rey,2024-10-30 03:30:00,539.8671366022096,558.1310858434454,1.033830451981544,259.8429080590164,276.00872990605706,1.062213827453655,4172,23484.163950443268,652,11610.844556808472
260,S0,baseline_kong_rey,2024-10-30 04:00:00,535.1690710792001,562.6317894618517,1.0513159669845462,258.17734681901874,276.25572853595054,1.0700231137226908,4104,23636.435084462166,653,11780.950678825378
261,S0,baseline_kong_rey,2024-10-30 04:30:00,544.9449666036743,565.2901970443085,1.0373344680425862,263.8928433579501,279.6453796173088,1.0596929270946183,4198,23958.918021559715,679,11925.760585784912
262,S0,baseline_kong_rey,2024-10-30 05:00:00,545.13951509081,565.1940463874691,1.036787887763589,263.6884068722924,279.5393208756706,1.0601122900752098,4201,23969.813317894936,678,11924.000239372253
263,S0,baseline_kong_rey,2024-10-30 05:30:00,545.2500828524768,564.8831943813244,1.036007535159162,262.444852152644,279.3221641934822,1.0643080323443375,4204,23974.280433416367,673,11889.62568473816
264,S0,baseline_kong_rey,2024-10-30 06:00:00,545.2121873084625,564.4212725476724,1.0352323108073536,262.5405778363696,279.0756552742941,1.062981035442944,4205,23989.108754634857,671,11893.712641716003
265,S0,baseline_kong_rey,2024-10-30 06:30:00,534.7225325442633,554.361019358286,1.036726499481104,268.0993870369736,281.3300242958846,1.0493497482599066,4184,23953.881274938583,677,11977.034178733826
266,S0,baseline_kong_rey,2024-10-30 07:00:00,537.8325532785246,554.5552208176875,1.0310927024354024,275.2183504949159,288.6279114224082,1.0487233533061195,4211,24442.137335300446,718,12549.243194580078
267,S0,baseline_kong_rey,2024-10-30 07:30:00,538.0896855274011,554.2698852612639,1.0300697080227488,275.23117546958116,288.7785276725045,1.0492217212668902,4213,24510.124677181244,719,12598.393971443176
268,S0,baseline_kong_rey,2024-10-30 08:00:00,544.4195151716634,554.5996744058855,1.0186991078580478,275.3540356603929,292.3448460953926,1.0617053256337747,4267,24766.93806743622,727,12788.262781143188
269,S0,baseline_kong_rey,2024-10-30 08:30:00,544.7735550774048,553.8310245331841,1.0166261180840381,274.05139746342695,291.963756981387,1.0653613142780978,4266,24746.863669753075,722,12746.212035179138
270,S0,baseline_kong_rey,2024-10-30 09:00:00,551.9156197016364,554.2943148843231,1.0043098892254065,274.4706577124787,295.26838082656167,1.0757739398718111,4311,24867.90863108635,726,12830.757976531982
271,S0,baseline_kong_rey,2024-10-30 09:30:00,512.6585213330512,797.3341307160237,1.555292846089317,263.5955595554694,282.136050290684,1.0703368856686373,3775,23139.68170583248,674,11976.490553855896
272,S0,baseline_kong_rey,2024-10-30 10:00:00,512.9454693197875,795.1062502738581,1.550079487646591,265.4423270157187,281.627238742767,1.0609733643801609,3760,23782.556787848473,703,12889.552404403687
273,S0,baseline_kong_rey,2024-10-30 10:30:00,515.0711543598323,795.6333862334434,1.5447057741416572,265.6447814194009,281.84732485376054,1.0609932683329395,3795,23960.889130949974,705,12945.213005065918
274,S0,baseline_kong_rey,2024-10-30 11:00:00,515.386635873593,621.0813078872376,1.2050784103753258,263.69903250495884,285.8061410018324,1.0838346211848795,3691,23712.837953567505,720,12930.47190284729
275,S0,baseline_kong_rey,2024-10-30 11:30:00,474.6856003634281,545.4294677149807,1.149033101693813,267.120785330345,290.63182080343233,1.0880164957736644,3607,23695.384813547134,744,13330.834798812866
276,S0,baseline_kong_rey,2024-10-30 12:00:00,466.98310538685064,535.032597293894,1.1457215285136917,269.5696498570776,286.2281723418278,1.0617967285767567,3549,23447.60244989395,733,13138.30311203003
277,S0,baseline_kong_rey,2024-10-30 12:30:00,494.2179274716205,533.8704958551039,1.0802329623822868,262.72565066960055,289.98340574243866,1.1037498813053312,3776,24040.12585246563,681,12712.804133415222
278,S0,baseline_kong_rey,2024-10-30 13:00:00,504.6394650812111,525.053611113654,1.0404529321327587,256.1076782421652,283.17367175176054,1.1056820853453744,3845,23589.087365746498,636,12290.925456047058
279,S0,baseline_kong_rey,2024-10-30 13:30:00,497.72500560272067,519.2550024134557,1.0432568116296712,259.8114208629272,284.3543481317285,1.0944643895456339,3761,23553.3616168499,638,12421.710321426392
280,S0,baseline_kong_rey,2024-10-30 14:00:00,498.6210610205493,520.7167910585227,1.04431367177461,257.3293308792942,285.4211003751496,1.1091666052986058,3749,23425.795682311058,626,12261.998607635498
281,S0,baseline_kong_rey,2024-10-30 14:30:00,478.34242256595854,524.1582267184442,1.0957803489531959,255.83814308687627,284.4140757916474,1.111695356915823,3513,23487.184453368187,633,12771.257548332214
282,S0,baseline_kong_rey,2024-10-30 15:00:00,471.7125270278201,510.0462965326058,1.0812651081079383,256.73929463500593,285.28110229182784,1.1111703905605774,3513,24151.037198901176,635,13425.82278251648
283,S0,baseline_kong_rey,2024-10-30 15:30:00,451.48545576385743,557.0537688242531,1.2338243939260145,269.108077450436,287.15735653643037,1.0670707444272742,3545,23871.881697535515,729,13411.669163703918
284,S0,baseline_kong_rey,2024-10-30 16:00:00,448.0138795673252,555.8551174434049,1.240709591364061,266.3056507034374,281.43043545431243,1.0567948322197533,3530,23679.065115213394,715,13324.586782455444
285,S0,baseline_kong_rey,2024-10-30 16:30:00,451.21531037560266,581.3180692700565,1.288338529085265,260.1684213835617,280.87742503315064,1.0795984521851596,3618,22839.36207342148,696,12476.508568763733
286,S0,baseline_kong_rey,2024-10-30 17:00:00,448.33049576803,579.955367245188,1.293588932092767,260.1466661171729,280.8347090326967,1.0795245360023356,3609,22772.33187031746,696,12447.054670333862
287,S0,baseline_kong_rey,2024-10-30 17:30:00,436.17649501723054,564.6963849825418,1.2946511135595073,260.5910494385192,280.900001992637,1.0779341907478222,3555,22819.577272892,702,12639.12512588501
288,S0,baseline_kong_rey,2024-10-30 18:00:00,437.87704927284085,565.3558519801361,1.2911292174800921,262.6386356603788,284.2215178577816,1.0821771029351173,3559,23276.867549061775,718,13168.700281143188
289,S0,baseline_kong_rey,2024-10-30 18:30:00,522.3579766554176,544.2238284308887,1.0418598982932623,217.88318529370187,282.4342814911456,1.2962646984916664,3598,22036.854723334312,594,11693.296021461487
290,S0,baseline_kong_rey,2024-10-30 19:00:00,501.2486631081049,543.2037364360353,1.0837011176603992,219.87143793099474,285.97198670081036,1.3006327215204712,3587,21726.251814365387,602,11413.165424346924
291,S0,baseline_kong_rey,2024-10-30 19:30:00,450.2725490537009,533.5508724523021,1.1849509226658805,225.63411290086395,292.94054084127356,1.2982989897896358,3574,22651.926909923553,629,12287.387734413147
292,S0,baseline_kong_rey,2024-10-30 20:00:00,450.12139577831095,533.0150488544748,1.184158437820602,225.23678728190984,292.7504200915256,1.2997451420984503,3571,22646.89984023571,627,12276.8223361969
293,S0,baseline_kong_rey,2024-10-30 20:30:00,449.6094111065726,525.5637396885672,1.1689340274151638,236.8259744408408,311.0913424702348,1.3135862449409839,3562,23346.15491580963,687,13119.214107513428
294,S0,baseline_kong_rey,2024-10-30 21:00:00,454.44832163194553,528.3244329621992,1.1625621832312196,239.38755949662695,317.89518703057973,1.3279519942432834,3604,23544.644865870476,704,13305.139209747314
295,S0,baseline_kong_rey,2024-10-30 21:30:00,583.3150083089349,607.070540175469,1.0407250482640618,226.2620374049139,312.3351188646382,1.3804132697067883,3737,23210.437705993652,636,12321.247421264648
296,S0,baseline_kong_rey,2024-10-30 22:00:00,598.0241568599675,686.6441729696099,1.1481880206561494,224.04824856371988,314.4446091199842,1.4034682758546715,3753,22676.350538492203,618,11699.67584991455
297,S0,baseline_kong_rey,2024-10-30 22:30:00,515.6411080233593,743.6080200843278,1.4421038363966898,219.44591112367715,310.81879868059326,1.4163799958223784,3700,22347.24848818779,605,11316.247294425964
298,S0,baseline_kong_rey,2024-10-30 23:00:00,479.30717813532254,768.0787561361683,1.602477056830798,216.7910410560827,311.7011960656855,1.4377955590196583,3621,22019.139432311058,600,11104.693432807922
299,S0,baseline_kong_rey,2024-10-30 23:30:00,475.46171248591554,826.6020041266216,1.738524853672852,213.52190843997698,311.5728817708971,1.4592080224801929,3634,22151.553520441055,596,11158.972487449646
300,S0,baseline_kong_rey,2024-10-31 00:00:00,467.99754824292756,867.0710259780396,1.8527255735279187,213.29235355069756,313.59395515234166,1.4702540899001422,3627,22278.867805957794,600,11444.65212059021
301,S0,baseline_kong_rey,2024-10-31 00:30:00,452.2829054392865,509.6898474416319,1.1269270655864982,231.3727297380894,308.4909270711132,1.3333072027127795,3436,22654.28305697441,660,12591.951771736145
302,S0,baseline_kong_rey,2024-10-31 01:00:00,462.420785588321,505.1490369943308,1.0924012344117429,234.26052469435112,314.17197314083523,1.3411221269599152,3449,22843.78988301754,674,12794.635948181152
303,S0,baseline_kong_rey,2024-10-31 01:30:00,461.3178196634972,500.43671484789814,1.084798144613045,233.0396793229785,312.52897876785073,1.3410977035147036,3407,22374.716801166534,664,12490.993230819702
304,S0,baseline_kong_rey,2024-10-31 02:00:00,462.1358402129024,508.36736669336494,1.1000388250761137,239.38660689856223,312.7392503206036,1.3064191617583791,3416,22172.039638757706,679,12245.557649612427
305,S0,baseline_kong_rey,2024-10-31 02:30:00,448.34777978860177,499.4694827920932,1.1140224292570255,227.25370354154586,303.8262046599883,1.3369472088908878,3299,21345.501570224762,626,11425.446125030518
306,S0,baseline_kong_rey,2024-10-31 03:00:00,452.8815802219482,528.156501514879,1.1662132543700252,222.68349275669686,296.5818848442211,1.3318539294166005,3347,20867.629502654076,582,10726.217574119568
307,S0,baseline_kong_rey,2024-10-31 03:30:00,485.61275780665255,673.622156453328,1.3871591007943211,169.7459860629891,224.25197636954408,1.3211032647707361,3482,17456.998431682587,324,5897.5160303115845
308,S0,baseline_kong_rey,2024-10-31 04:00:00,489.5145158915517,687.5525352281817,1.4045600547226722,169.0149858624662,223.28223750805387,1.321079526579647,3523,17650.65670323372,335,6237.4540367126465
309,S0,baseline_kong_rey,2024-10-31 04:30:00,473.524463518843,657.3137083026958,1.3881304112950816,163.99250320754476,224.43011088480054,1.3685388447346651,3470,17451.613832235336,320,6132.491008758545
310,S0,baseline_kong_rey,2024-10-31 05:00:00,449.3045132802689,624.8975721419476,1.3908108057488957,166.94776147629722,219.2852219605009,1.3134960302635332,3389,17010.40240073204,326,6380.521032333374
311,S0,baseline_kong_rey,2024-10-31 05:30:00,430.01169958760585,611.299670136528,1.4215884607855584,175.54756023043473,212.44529368531403,1.2101865352411838,3429,17175.94242787361,332,6464.620193481445
312,S0,baseline_kong_rey,2024-10-31 06:00:00,406.97562976517384,583.2729632443841,1.4331889198892152,192.05587022222747,224.72009911086982,1.1700767013830167,3433,18954.55448424816,407,7894.833938598633
313,S0,baseline_kong_rey,2024-10-31 06:30:00,415.63369285987204,599.5137995784476,1.442409048826963,197.1133679855459,230.04389504299886,1.167063895229402,3619,17997.10439658165,408,7088.31348991394
314,S0,baseline_kong_rey,2024-10-31 07:00:00,415.17495661919423,598.8469543188631,1.4423966204400296,197.06504770456033,230.62755829622012,1.170311838565992,3606,17961.75056064129,408,7073.582090377808
315,S0,baseline_kong_rey,2024-10-31 07:30:00,414.8419214308932,598.3353992459089,1.442321444231334,196.3979044190955,230.5235987992128,1.1737579353560461,3594,17886.90293467045,405,7011.151134490967
316,S0,baseline_kong_rey,2024-10-31 08:00:00,414.08741403392776,597.1046994028503,1.4419774162803358,195.72335448191677,230.51227638387917,1.177745379410894,3576,17806.30799794197,402,6957.893018722534
317,S0,baseline_kong_rey,2024-10-31 08:30:00,409.0506451930612,600.8096085384899,1.4687902723021546,194.82604731070776,235.51601162780744,1.20885279396038,3493,17474.36906015873,399,6731.361622810364
318,S0,baseline_kong_rey,2024-10-31 09:00:00,411.0843298009757,601.527331213637,1.4632699122947883,189.62131768925101,238.44732450045004,1.2574921818189937,3541,17523.609328985214,392,6780.190023422241
319,S0,baseline_kong_rey,2024-10-31 09:30:00,527.7009698853959,598.6556543783499,1.1344600228958506,165.1317434166111,242.29536652624788,1.4672852203525708,3764,16443.10958611965,331,5890.21498966217
320,S0,baseline_kong_rey,2024-10-31 10:00:00,529.3638072679001,608.7783468989868,1.150018831171991,161.49548148644377,248.18557803538238,1.5367958022789263,3753,16333.363936305046,326,5711.050580024719
321,S0,baseline_kong_rey,2024-10-31 10:30:00,440.90638995860394,548.0143289098121,1.2429267105003017,142.21062547359082,223.46418605933204,1.5713606864124847,2949,13588.99492585659,276,5120.620672225952
322,S0,baseline_kong_rey,2024-10-31 11:00:00,451.69781502381124,620.290958758894,1.3732432128904453,160.0684517459628,234.43108511934167,1.4645677056425517,3322,15072.479142308235,310,5501.421702384949
323,S0,baseline_kong_rey,2024-10-31 11:30:00,443.8047838009579,613.4239409280832,1.3821931698762318,155.52408921102588,230.44851544070752,1.4817544768130262,3266,14923.12426352501,300,5647.686325073242
324,S0,baseline_kong_rey,2024-10-31 12:00:00,461.2219215645971,624.1729061603501,1.3533027746013786,155.14907621739945,235.73869360604732,1.519433433659133,3264,15188.264431238174,310,5972.368252754211
325,S0,baseline_kong_rey,2024-10-31 12:30:00,454.82329195981356,555.9714074632814,1.2223899199788644,182.1172184004621,294.03515263775813,1.6145379070703534,3140,16526.505294919014,348,5941.215039253235
326,S0,baseline_kong_rey,2024-10-31 13:00:00,446.32283601330124,554.5788201299382,1.2425508519429858,167.00481629811063,293.44282687925136,1.7570920011997846,2955,14895.844319939613,298,4688.654495239258
327,S0,baseline_kong_rey,2024-10-31 13:30:00,450.6642368658965,568.9748284950753,1.2625249175571547,155.0929347564751,319.79979784345153,2.061988177253818,2955,14338.785542726517,279,3990.2740621566772
328,S0,baseline_kong_rey,2024-10-31 14:00:00,487.2702081125658,572.0461608935718,1.1739813995798825,176.97235491405533,329.935023615483,1.8643308655507829,3108,14995.358181595802,319,4647.835943222046
329,S0,baseline_kong_rey,2024-10-31 14:30:00,530.302848268018,724.9663282361518,1.3670798310887977,178.3387979083028,309.1098368796223,1.7332730763305744,2987,15374.605151176453,341,5476.746251106262
330,S0,baseline_kong_rey,2024-10-31 15:00:00,512.0979385408901,913.3415256548366,1.783529002786458,180.5789828763891,312.0175433948022,1.727872969626728,2879,15212.466007828712,334,5621.091400146484
331,S0,baseline_kong_rey,2024-10-31 15:30:00,518.772353944271,939.8973250120217,1.8117721923034242,294.93961129672607,753.3658307205918,2.5543053624040355,2740,12939.635921478271,264,3838.9711503982544
332,S0,baseline_kong_rey,2024-10-31 16:00:00,537.5186494477144,1029.781206820577,1.9158055406610481,266.0142463778224,1440.0015822899472,5.413249861229968,2739,12162.51820743084,216,2594.8180541992188
333,S0,baseline_kong_rey,2024-10-31 16:30:00,439.5104189711788,575.633327870373,1.3097148623184727,118.24451126626774,345.6670422657138,2.9233242081513957,2760,12446.703299164772,213,2757.889654159546
334,S0,baseline_kong_rey,2024-10-31 17:00:00,433.2899257549192,584.3494905239471,1.3486339187458285,133.87475434848147,404.9428431567239,3.0247886924418776,2789,12787.615230083466,244,3192.0112800598145
335,S0,baseline_kong_rey,2024-10-31 17:30:00,449.99198396773613,579.9952766720434,1.2889013523263717,130.71432441366562,415.0627536940766,3.1753425307890772,2838,12508.92187178135,203,2502.545587539673
336,S0,baseline_kong_rey,2024-10-31 18:00:00,459.98388372842777,589.1489781458027,1.280803521572143,153.61231492642256,466.37431122983855,3.036047672696165,2756,11899.287867426872,191,2183.3419256210327
337,S0,baseline_kong_rey,2024-10-31 18:30:00,656.3971200043262,969.0700994394043,1.476347275004826,389.61583479319205,837.0693351415907,2.148447933554612,3712,15762.342522621155,333,4093.595679283142
338,S0,baseline_kong_rey,2024-10-31 19:00:00,655.9156426761498,956.4624637171207,1.4582095645939042,429.73527115908234,794.6216839157695,1.8490957974487718,3704,15794.67411661148,332,3947.5609741210938
339,S0,baseline_kong_rey,2024-10-31 19:30:00,654.305719137821,960.7585474968196,1.4683633650074313,442.4958895989585,804.3413358892913,1.817737418122183,3695,15624.732737898827,326,3752.23672580719
340,S0,baseline_kong_rey,2024-10-31 20:00:00,655.6349648942501,965.751404311768,1.4730016793224816,446.15295989898596,808.8664001563407,1.8129800155074063,3695,15575.193851232529,324,3706.0821266174316
341,S0,baseline_kong_rey,2024-10-31 20:30:00,656.3438315771615,970.6414080906764,1.4788611721363663,446.2558108147059,858.1669652344233,1.923038186702176,3688,15519.444291353226,323,3670.8975372314453
342,S0,baseline_kong_rey,2024-10-31 21:00:00,656.5982956440208,974.1900767615754,1.48369266753281,448.27843747834805,862.3507067156751,1.9236943707722387,3684,15470.845947027206,322,3637.2059659957886
343,S0,baseline_kong_rey,2024-10-31 21:30:00,660.1059734938382,1063.1502354145384,1.6105750865841253,439.7315209495852,896.4125298604874,2.038545082974068,3633,15108.280330896378,316,3511.0453777313232
344,S0,baseline_kong_rey,2024-10-31 22:00:00,659.7311661943651,1062.9336273466006,1.6111617607488402,438.51744512602465,901.2609943994754,2.0552454740779167,3620,15039.37391114235,314,3476.003237724304
345,S0,baseline_kong_rey,2024-10-31 22:30:00,654.258373598603,1163.8842250932996,1.7789366893259781,418.20852517709204,1156.1032437493025,2.7644181649805994,3639,15066.631921291351,317,3443.6434507369995
346,S0,baseline_kong_rey,2024-10-31 23:00:00,654.7434631467423,1290.2763492609363,1.970659383233514,363.08042427682165,1337.0687692961549,3.6825691496844133,3653,15346.776816010475,319,3572.089433670044
347,S0,baseline_kong_rey,2024-10-31 23:30:00,641.279315412004,1297.9907301039968,2.024064551762553,377.59216202596843,1341.214761061172,3.552019601955954,3720,15336.86802995205,307,3552.507544517517
348,S0,baseline_kong_rey,2024-11-01 00:00:00,754.6134905960048,973.5246104807703,1.2900970133887548,248.6234560624987,1072.560297572558,4.3139948038649045,3224,12049.366293787956,238,2605.471185684204
349,S0,baseline_kong_rey,2024-11-01 00:30:00,1220.3179776918212,1311.6405162246635,1.0748350349681597,1132.311870315887,1962.201818338458,1.7329164073772807,3499,13834.504500746727,233,3167.4259271621704
350,S0,baseline_kong_rey,2024-11-01 01:00:00,1210.0155566383735,1275.7294751031134,1.0543083252973235,1042.5817898216123,1894.345395539357,1.8169753337658825,3476,14352.142495632172,245,3515.482255935669
351,S0,baseline_kong_rey,2024-11-01 01:30:00,1211.7095983882539,1275.3063472546662,1.0524851407886875,1043.921474299904,1898.7301243312015,1.8188438221414738,3457,14284.278201460838,246,3508.412854194641
352,S0,baseline_kong_rey,2024-11-01 02:00:00,1210.7399934682862,1273.1052716418633,1.0515100504732848,1044.648043072914,1898.9724629813902,1.8178107694486385,3457,14278.851625680923,246,3505.776990890503
353,S0,baseline_kong_rey,2024-11-01 02:30:00,1209.7098414042475,1275.326496413908,1.0542416476776701,1054.0373599245574,1907.0883742669919,1.8093176264677087,3434,14110.227583527565,242,3446.6923084259033
354,S0,baseline_kong_rey,2024-11-01 03:00:00,1218.4698464862252,1279.941600876346,1.0504499594859813,1113.2112689132866,1939.5802985833254,1.7423290194292913,3519,14218.65540766716,214,3150.7955293655396
355,S0,baseline_kong_rey,2024-11-01 03:30:00,612.7388133594185,968.2298299580506,1.5801672896312962,204.3097189699724,538.7915141631719,2.6371311011511693,3667,15659.499124884605,271,3575.8405227661133
356,S0,baseline_kong_rey,2024-11-01 04:00:00,610.8141397069562,963.6516572516867,1.5776511947054894,205.08842024574506,538.1803394238506,2.624138109694243,3666,15685.427408456802,272,3586.973587036133
357,S0,baseline_kong_rey,2024-11-01 04:30:00,643.3272332084472,1034.3322035744088,1.6077855097411504,405.0439120250061,1054.2389389459945,2.602776903065529,3641,15315.693101406097,264,3450.750951766968
358,S0,baseline_kong_rey,2024-11-01 05:00:00,491.4353076424071,946.1615008724652,1.9253022445854413,158.42980689431198,635.7201321533167,4.01262959676142,3577,13941.714267492294,229,2784.759701728821
359,S0,baseline_kong_rey,2024-11-01 05:30:00,490.96028793404946,944.8122968834977,1.9244169439024201,159.21279280848165,634.3226310428323,3.984118486043142,3578,13960.091760635376,230,2796.6397762298584
360,S0,baseline_kong_rey,2024-11-01 06:00:00,507.4906368482834,936.4233909973647,1.8452032865333647,237.64208681914477,521.4108645070796,2.1941015225299387,3556,13805.828597068787,225,2706.589253425598
361,S0,baseline_kong_rey,2024-11-01 06:30:00,424.68918982317206,720.4052007511713,1.6963116039076125,159.62270233540252,335.27188151509716,2.1004022398431452,2897,12128.755283594131,211,2682.1935930252075
362,S0,baseline_kong_rey,2024-11-01 07:00:00,503.5254599648054,717.6439485888937,1.42523865355101,263.1260567967038,558.8943490780565,2.1240555035941076,2945,12111.874410748482,206,2647.759903907776
363,S0,baseline_kong_rey,2024-11-01 07:30:00,496.9793045164345,736.5266672971134,1.482006716585028,285.9895836540749,570.325744394637,1.994218590438193,2955,11810.993692278862,202,2503.1009092330933
364,S0,baseline_kong_rey,2024-11-01 08:00:00,547.5417608368608,756.3050778246169,1.3812737802294415,300.25934633323305,799.7619265347855,2.6635704643384956,3049,11450.198859453201,204,2295.0716133117676
365,S0,baseline_kong_rey,2024-11-01 08:30:00,547.8644067022531,756.5386935706591,1.3808867382432686,301.1642511251932,801.1466004141463,2.6601650010615274,3049,11437.714110732079,204,2289.256115913391
366,S0,baseline_kong_rey,2024-11-01 09:00:00,524.2544075051909,767.4620666976336,1.4639115202670625,313.23990403547015,809.4675974524743,2.584177772448846,3048,11073.85800254345,189,1953.6943073272705
367,S0,baseline_kong_rey,2024-11-01 09:30:00,465.55328613808155,760.3649419378714,1.633250080233239,300.71623745762486,400.33219415065224,1.331262314051343,3078,11317.237327098846,190,2051.4855918884277
368,S0,baseline_kong_rey,2024-11-01 10:00:00,404.2013911061301,777.1892904369555,1.922777376668872,147.27610425473011,367.45873421533264,2.4950329591810094,3052,10780.841012239456,177,1863.5376710891724
369,S0,baseline_kong_rey,2024-11-01 10:30:00,394.5332714657453,777.8249435495983,1.9715065871627753,149.94216237490303,364.5514508557637,2.4312804689602037,3027,11071.880841970444,186,2026.3326015472412
370,S0,baseline_kong_rey,2024-11-01 11:00:00,390.7138008323115,791.6648580235562,2.0262014199066516,150.34343979704082,355.36560071337567,2.363692098525259,2950,10727.65298295021,178,1886.7548532485962
371,S0,baseline_kong_rey,2024-11-01 11:30:00,401.3698122525324,790.5656327707001,1.9696688904777242,138.90465424409487,323.31229643559595,2.3275843289415072,2974,10310.451052904129,170,1778.898042678833
372,S0,baseline_kong_rey,2024-11-01 12:00:00,412.5900905027729,774.3874426226906,1.8768929754930317,143.20281911448393,302.9510938294379,2.1155386165075467,2996,10479.999584436417,167,1777.190104484558
373,S0,baseline_kong_rey,2024-11-01 12:30:00,383.50274888233224,815.9151912971876,2.1275341406940673,142.9633871744353,207.61968438118208,1.4522577317495677,2961,11344.450849533081,235,3023.6397943496704
374,S0,baseline_kong_rey,2024-11-01 13:00:00,371.28781678443323,840.3457732486555,2.2633270882048664,123.51761760120979,224.44221765027308,1.8170866796905656,2973,11687.362921237946,231,3299.390344619751
375,S0,baseline_kong_rey,2024-11-01 13:30:00,366.1403617077085,829.8179463816983,2.266392982492718,133.19958005473998,233.88396789642377,1.7558911807402438,2944,12344.720095396042,267,4083.2434787750244
376,S0,baseline_kong_rey,2024-11-01 14:00:00,363.171243375519,826.0140534161313,2.2744478492809264,143.21918775386837,241.95136604436286,1.6893781471528142,2940,13127.296937346458,300,4858.004162788391
377,S0,baseline_kong_rey,2024-11-01 14:30:00,363.0068050469116,825.6618879191744,2.274508015937804,142.53413834358088,242.0679737587314,1.6983157619069538,2937,13107.011834025383,299,4841.106105804443
378,S0,baseline_kong_rey,2024-11-01 15:00:00,361.1452618696892,832.9887661183495,2.3065199908919523,141.61411351078027,244.88740510977954,1.7292584689388035,2935,13135.341661334038,301,4855.038207054138
379,S0,baseline_kong_rey,2024-11-01 15:30:00,361.07656217323637,833.1839501046027,2.3074993987143855,141.62860150349806,244.80773362239412,1.7285190351635713,2935,13120.215080022812,301,4846.828448295593
380,S0,baseline_kong_rey,2024-11-01 16:00:00,360.912818593401,831.5877883670088,2.304123726078737,141.64455433338253,244.72770610313486,1.7277593710177404,2926,13085.337829589844,301,4835.887668609619
381,S0,baseline_kong_rey,2024-11-01 16:30:00,357.6347180643577,856.5815417104383,2.3951297187995344,137.57294165407862,247.93935177614514,1.8022392252073554,2924,13018.737416267395,289,4638.422425270081
382,S0,baseline_kong_rey,2024-11-01 17:00:00,362.8751126261336,881.2220307364614,2.4284443878199293,132.22728595050913,239.58137714114076,1.8118906050208956,2928,12474.11294567585,264,4017.6056337356567
383,S0,baseline_kong_rey,2024-11-01 17:30:00,368.968238720437,890.5206364531845,2.413542801248861,127.02915060898583,229.95776336780236,1.81027553333521,2906,12140.623763918877,243,3508.1581716537476
384,S0,baseline_kong_rey,2024-11-01 18:00:00,365.8771983953913,890.9572818672715,2.4351265555074058,125.6870896248181,236.32965133007175,1.8803017241908064,2894,12216.009864449501,247,3555.6764221191406
385,S0,baseline_kong_rey,2024-11-01 18:30:00,365.5024141914489,823.8552221871095,2.2540349672097504,177.66160935244304,197.9489924378448,1.1141911477631319,2917,11887.056140899658,255,3779.0443267822266
386,S0,baseline_kong_rey,2024-11-01 19:00:00,365.64802122218066,824.0059362657544,2.253549557061754,177.78002495744133,197.72727308448276,1.112201852439921,2924,11912.885864853859,256,3795.989363670349
387,S0,baseline_kong_rey,2024-11-01 19:30:00,375.1605851240187,833.0561999136711,2.2205323078869847,163.91099677243992,201.5260892725963,1.2294848621558732,2911,11335.233677983284,222,3089.0743951797485
388,S0,baseline_kong_rey,2024-11-01 20:00:00,375.27880790852305,832.9613320454174,2.219579988242916,163.89552229131652,201.49962468430311,1.2294394738017667,2915,11354.409302353859,222,3092.963426589966
389,S0,baseline_kong_rey,2024-11-01 20:30:00,379.67969927947246,830.5904480917637,2.18760826472417,164.48554841996747,201.51640705806224,1.2251313808040187,2954,11376.359153866768,222,3095.4389600753784
390,S0,baseline_kong_rey,2024-11-01 21:00:00,389.57700650307675,816.8791313170577,2.0968361009021823,171.2161754572628,195.5016104593971,1.1418407748991861,2942,11171.325371861458,216,2865.3167543411255
391,S0,baseline_kong_rey,2024-11-01 21:30:00,695.2821322735167,1051.9198417521857,1.5129395578058231,466.48500785510345,926.0403033721335,1.9851448337644586,4023,15037.430700302124,248,2772.820324897766
392,S0,baseline_kong_rey,2024-11-01 22:00:00,694.1243646235883,1046.7205201822546,1.5079725961641925,503.4749406654823,925.4423929777636,1.8381101386188794,4039,15237.985603690147,250,2779.8853101730347
393,S0,baseline_kong_rey,2024-11-01 22:30:00,632.3176515863672,1041.959361112351,1.6478416480992857,162.31640276084394,1077.9183089086805,6.640846461444027,3719,14610.91982972622,202,2172.0382471084595
394,S0,baseline_kong_rey,2024-11-01 23:00:00,633.4583773611228,1042.70542002068,1.6460519858690756,161.1918807136327,1076.8481599887598,6.680535987428796,3719,14591.182756185532,202,2171.700758934021
395,S0,baseline_kong_rey,2024-11-01 23:30:00,634.5196592427396,1043.421739894968,1.6444277568014618,161.21054206003123,1077.0520092349157,6.681027155369521,3717,14588.465194940567,202,2171.4705924987793
396,S0,baseline_kong_rey,2024-11-02 00:00:00,636.2665801197052,1044.1334845291265,1.641031475097568,161.60114439698663,1079.2150055426432,6.678263384641975,3716,14581.117322921753,201,2160.8056049346924
397,S0,baseline_kong_rey,2024-11-02 00:30:00,553.9773292237455,886.4205876475777,1.6001026411850876,153.51885333337282,509.74167252412735,3.3203848351915317,3949,17320.772230505943,245,3128.8283405303955
398,S0,baseline_kong_rey,2024-11-02 01:00:00,554.4023089419064,886.9396756251984,1.5998123768963877,153.53714147163976,510.21687679231104,3.323084381420187,3952,17312.438329339027,245,3123.8997049331665
399,S0,baseline_kong_rey,2024-11-02 01:30:00,554.5936678561533,887.322694499456,1.5999510018379837,153.7595108851779,511.5318554634818,3.3268306624978288,3954,17304.509663581848,244,3109.9537897109985
400,S0,baseline_kong_rey,2024-11-02 02:00:00,554.3408489677497,887.3076114357898,1.6006534843825115,153.53225332213245,511.70614596716314,3.332890222704722,3948,17292.142961025238,244,3106.095446586609
401,S0,baseline_kong_rey,2024-11-02 02:30:00,554.7113500776011,887.5551436262708,1.6000306168282028,153.55301033000038,512.1742552940908,3.335488208230989,3951,17272.209906220436,244,3099.5039196014404
402,S0,baseline_kong_rey,2024-11-02 03:00:00,555.0262052944112,887.9838687152098,1.5998953927665112,153.57999632003623,512.657814408569,3.3380507012141645,3955,17264.361503720284,244,3093.863754272461
403,S0,baseline_kong_rey,2024-11-02 03:30:00,555.4973652149667,888.447371158108,1.5993727905699326,153.60033215549018,513.1420203279788,3.340761137212385,3958,17247.727359056473,244,3087.0560483932495
404,S0,baseline_kong_rey,2024-11-02 04:00:00,555.4790555760412,888.5169567418772,1.59955078021883,151.8676491613387,513.5141314168436,3.381326663398216,3955,17223.88764488697,244,3081.4319524765015
405,S0,baseline_kong_rey,2024-11-02 04:30:00,555.5562967079375,888.7985818552033,1.5998353130402079,151.9071357787588,513.9639311814525,3.3834087421014805,3953,17209.149656414986,244,3077.0931968688965
406,S0,baseline_kong_rey,2024-11-02 05:00:00,555.7742453250521,889.2521448424326,1.6000240247230955,151.73515064388192,536.6759504428619,3.536925677178267,3952,17199.660035014153,243,3061.115180015564
407,S0,baseline_kong_rey,2024-11-02 05:30:00,621.8690204841095,807.8523808376505,1.29907159583019,297.6525880554295,360.3119890397102,1.2105118634903687,3998,16175.081457853317,277,3061.8254823684692
408,S0,baseline_kong_rey,2024-11-02 06:00:00,622.0663853431713,808.1885915730184,1.2991999095517255,298.61791342137064,353.5298224118993,1.1838868551500557,3996,16149.926486492157,276,3048.88516330719
409,S0,baseline_kong_rey,2024-11-02 06:30:00,692.180425270296,1157.3376946015283,1.6720173705426398,314.88408687129635,949.4902786806902,3.0153644412928857,3470,9894.028312444687,142,1429.0279150009155
410,S0,baseline_kong_rey,2024-11-02 07:00:00,693.0464381342056,1159.139360577694,1.6725276933798048,314.88959434687615,949.7058262991412,3.015996220100436,3468,9883.902560591698,142,1428.966296195984
411,S0,baseline_kong_rey,2024-11-02 07:30:00,659.7222878207417,1191.0592177816811,1.805394845331209,285.8049284512455,960.3452288831209,3.3601422973604866,3477,9628.309784531593,141,1414.9387817382812
412,S0,baseline_kong_rey,2024-11-02 08:00:00,664.0507194727728,1196.771352005282,1.8022288311884735,190.6339793097614,945.1011036427795,4.957673899819709,3447,9365.038398623466,138,1384.3157711029053
413,S0,baseline_kong_rey,2024-11-02 08:30:00,662.622096480909,1217.3949877545945,1.8372387431991823,188.09585513244753,1075.4647849366058,5.717642125496665,3450,9376.494493603706,138,1385.3240900039673
414,S0,baseline_kong_rey,2024-11-02 09:00:00,701.2991956161931,1194.3631483049953,1.7030721777109303,162.95194827324036,1095.5710414096259,6.723276726784197,3377,9072.782163619995,135,1354.1485958099365
415,S0,baseline_kong_rey,2024-11-02 09:30:00,764.403785220182,1118.617593681206,1.4633857331815714,630.5265657781463,1082.1673808618198,1.7162914928513633,3465,9715.14142715931,140,1406.4945363998413
416,S0,baseline_kong_rey,2024-11-02 10:00:00,765.4489526561497,1123.218130643961,1.4673978280933448,640.8445548052956,1116.3354954206072,1.7419754713524493,3468,9715.614514231682,140,1406.4809656143188
417,S0,baseline_kong_rey,2024-11-02 10:30:00,737.9571242759766,1086.4589199085203,1.4722520918467503,581.7726200846799,1049.8229115274405,1.804524440106225,3512,10331.525798559189,147,1477.0192289352417
418,S0,baseline_kong_rey,2024-11-02 11:00:00,695.1280407417858,1059.8163180334034,1.5246346801122417,549.0332527206742,997.6650323959195,1.8171304332699298,3506,10278.04740345478,149,1499.4801769256592
419,S0,baseline_kong_rey,2024-11-02 11:30:00,695.4529343480517,1022.9511485726362,1.470913555827605,481.9024849682157,870.8427602247109,1.8070933174003996,3606,11051.841521143913,162,1656.050651550293
420,S0,baseline_kong_rey,2024-11-02 12:00:00,649.7866693183686,1088.4243813972967,1.675048801076607,112.11559378287464,585.3311515452946,5.220782692181551,3566,11261.070534348488,167,1779.7958574295044
421,S1,intensity_enhanced,2024-10-24 18:00:00,513.9679870609398,712.3698968254772,1.3860199754834381,187.1266769359871,361.18605675793617,1.9301687106937189,3652,16841.420528411865,315,5190.0979108810425
422,S1,intensity_enhanced,2024-10-24 18:30:00,476.2722363479372,707.3366069552164,1.48515187947776,185.97125295006882,275.4603888666427,1.481198757856405,3630,16113.80343580246,304,4841.877814292908
423,S1,intensity_enhanced,2024-10-24 19:00:00,476.94885599920667,711.337247217403,1.4914329665958665,161.9950070858239,182.46272001464467,1.1263478010651033,3610,15655.260200500488,285,4713.852819442749
424,S1,intensity_enhanced,2024-10-24 19:30:00,482.8713726454212,689.9344121506274,1.4288161428390451,172.95427564681142,193.48761480232884,1.1187212000323559,3617,16412.77765059471,327,5676.92308139801
425,S1,intensity_enhanced,2024-10-24 20:00:00,481.116731103786,669.552026042709,1.3916623196757474,173.08132049013176,195.8407418228708,1.1314955378679095,3614,16672.61734855175,331,5972.680776596069
426,S1,intensity_enhanced,2024-10-24 20:30:00,504.8726827736049,658.1354595830392,1.303567180476982,169.2703685501703,200.87425935534034,1.1867065752609958,3561,16663.205485224724,328,5992.368752479553
427,S1,intensity_enhanced,2024-10-24 21:00:00,532.0894114133031,646.622586325984,1.2152517461463173,165.66222352636746,201.59864438088968,1.2169258632991922,3587,16624.098376989365,321,5781.329272270203
428,S1,intensity_enhanced,2024-10-24 21:30:00,590.6544784194892,645.1759739611066,1.0923069197536746,180.0120449059448,412.7948764752108,2.293151420455733,3720,16713.734167814255,320,5391.10346031189
429,S1,intensity_enhanced,2024-10-24 22:00:00,534.6233282939706,638.1749897878824,1.1936908773217076,177.91854660778296,187.1930125608012,1.0521275950700213,3645,16611.350777864456,318,5395.893716812134
430,S1,intensity_enhanced,2024-10-24 22:30:00,553.4026117567661,632.3545232554831,1.1426663153035805,176.5244166446288,199.29675391489224,1.1290038947762484,3704,16991.741245746613,331,5582.18851852417
431,S1,intensity_enhanced,2024-10-24 23:00:00,584.4460508443917,636.8791466683522,1.0897141759247162,170.86535656230163,229.54441115923916,1.3434227732146533,3674,16964.738939881325,356,5852.583212852478
432,S1,intensity_enhanced,2024-10-24 23:30:00,591.8758263747582,640.4872782363509,1.0821311661929782,167.27222028260036,234.67524612698176,1.4029540932170628,3676,16888.031415462494,353,5829.041706085205
433,S1,intensity_enhanced,2024-10-25 00:00:00,584.3093307779005,643.2979900939596,1.1009545051035303,167.31570293500246,240.20782094596444,1.435656168143866,3659,16870.40212535858,360,5881.336686134338
434,S1,intensity_enhanced,2024-10-25 00:30:00,554.7035701081526,822.9813269065248,1.4836416624217212,169.4102026836903,690.1853380532534,4.074048239833054,3756,16840.135197401047,308,5483.4521484375
435,S1,intensity_enhanced,2024-10-25 01:00:00,544.0650605465464,825.2005280506789,1.5167313394867028,175.78334236768447,289.219270018726,1.6453167070504722,3773,17089.493871808052,306,5718.913848876953
436,S1,intensity_enhanced,2024-10-25 01:30:00,530.0174246436604,804.3745235168896,1.517637885316096,171.6307373704105,438.99716258019726,2.557800364352911,3694,15955.90637421608,278,4916.9388065338135
437,S1,intensity_enhanced,2024-10-25 02:00:00,540.2032866066735,807.2371263810035,1.4943210202435477,177.19594430228136,439.03567466529717,2.4776846693304493,3747,15860.289409160614,280,4888.250602722168
438,S1,intensity_enhanced,2024-10-25 02:30:00,555.6338022455961,777.7117703933288,1.3996840495488256,199.25259242628437,416.30023812351214,2.0893090175352413,3767,16427.930307388306,315,5397.552924156189
439,S1,intensity_enhanced,2024-10-25 03:00:00,545.0300418412301,763.1664441464018,1.4002282178212746,190.34552092938628,299.8960928359406,1.5755353284472264,3657,16428.49307990074,327,5536.596973419189
440,S1,intensity_enhanced,2024-10-25 03:30:00,592.7788293986088,755.3465700387048,1.274246873500905,190.3292026207833,468.19338796224287,2.4599135682561584,3589,15513.227076292038,276,4339.539746284485
441,S1,intensity_enhanced,2024-10-25 04:00:00,647.2708600804069,753.0433610918878,1.1634130431861867,185.71989841857197,503.3440641853763,2.7102322824393665,3755,15640.83295571804,271,4372.004037857056
442,S1,intensity_enhanced,2024-10-25 04:30:00,697.3426498958185,829.5629945926528,1.1896059917123762,249.93560200577605,578.1551082609626,2.313216299003289,3753,15700.873689770699,277,4413.723712921143
443,S1,intensity_enhanced,2024-10-25 05:00:00,737.4942320496191,846.8440666875589,1.148272121849736,290.5706051182483,614.2679070515587,2.114005671019541,3736,15702.974082946777,281,4441.029298782349
444,S1,intensity_enhanced,2024-10-25 05:30:00,689.2970138438518,943.2221269866025,1.3683827262310926,287.97286724665014,783.0691871492563,2.719246415942899,4022,16131.075820207596,318,4632.075481414795
445,S1,intensity_enhanced,2024-10-25 06:00:00,703.3136508367163,939.1143039319611,1.3352709745000921,282.17084887691817,799.7501195989123,2.8342761939514074,4007,15785.196061491966,311,4394.553453445435
446,S1,intensity_enhanced,2024-10-25 06:30:00,584.1465395932715,810.6612052204364,1.3877702772747411,269.3844639103398,653.3044654012205,2.4251749930859403,3698,16320.580853939056,374,4661.492147445679
447,S1,intensity_enhanced,2024-10-25 07:00:00,648.5799961734929,854.2543320049965,1.317114830930563,293.1240343801539,774.1338903374311,2.6409771957950423,3854,16409.067838668823,373,4521.71150302887
448,S1,intensity_enhanced,2024-10-25 07:30:00,602.583176291678,740.7434903025422,1.2292800719414494,328.2859092117142,544.7057710900968,1.6592420076696317,3784,16394.710979938507,429,5027.838442802429
449,S1,intensity_enhanced,2024-10-25 08:00:00,563.5162884788847,706.2505474521439,1.253292161897475,231.2406726158763,369.1895398408799,1.5965597040714146,3798,16884.841649651527,478,5620.727335929871
450,S1,intensity_enhanced,2024-10-25 08:30:00,527.1597960301392,677.971984002092,1.2860843886572282,233.7302104267992,376.68790747782634,1.6116355125423452,3854,17681.923228025436,507,6065.8460521698
451,S1,intensity_enhanced,2024-10-25 09:00:00,553.5078508764498,670.3814957684386,1.2111508350006681,219.01804230638365,358.8876389556549,1.6386213445082596,3912,17825.498863339424,508,5948.436931610107
452,S1,intensity_enhanced,2024-10-25 09:30:00,565.3357284209884,666.9152982404515,1.1796800816095223,259.66638057463575,332.08549606971627,1.278892921504961,3933,17089.515786647797,449,5191.5173988342285
453,S1,intensity_enhanced,2024-10-25 10:00:00,548.9823696237709,651.1080220288951,1.1860271987880264,225.61477217353897,282.2724502894619,1.251125746643671,3945,16872.34658586979,414,4887.324511528015
454,S1,intensity_enhanced,2024-10-25 10:30:00,553.0071488175342,635.8086513260041,1.1497295336697162,220.35099009892755,283.7818694772412,1.2878629197437905,4019,18611.472745776176,474,6081.9822635650635
455,S1,intensity_enhanced,2024-10-25 11:00:00,560.9025019220143,636.274342883777,1.1343760113450894,223.24238646653401,296.7025412872626,1.3290600677740898,4046,18884.370294094086,501,6433.6440687179565
456,S1,intensity_enhanced,2024-10-25 11:30:00,567.5438417351394,643.3095205987453,1.1334974909285738,223.29706747895128,311.7158970361959,1.3959695062523734,4120,18699.332649111748,505,6334.933961868286
457,S1,intensity_enhanced,2024-10-25 12:00:00,548.8914419762156,648.9511980876787,1.1822942543086647,208.06832964823096,293.47664548358614,1.410482056446306,3979,18577.132548332214,478,6463.341924667358
458,S1,intensity_enhanced,2024-10-25 12:30:00,566.9030000056324,729.4315502851181,1.286695519829441,202.43105216865368,312.09156144558466,1.541717824919305,3740,15074.739176034927,432,4918.100262641907
459,S1,intensity_enhanced,2024-10-25 13:00:00,556.2174711740697,753.281331503454,1.354292827072509,217.76949543549605,273.7339085355488,1.2569892215075105,3623,15111.330228805542,425,5076.495192527771
460,S1,intensity_enhanced,2024-10-25 13:30:00,571.7560207418292,798.7141208427139,1.3969492088713202,193.33926389584965,292.6716923847185,1.5137726630757058,3735,15874.908787488937,421,5272.67608165741
461,S1,intensity_enhanced,2024-10-25 14:00:00,589.869730932756,766.3965618090048,1.2992640944588003,180.41997759013177,325.07847152016154,1.8017875617890566,3812,15869.122168064117,429,5162.094878196716
462,S1,intensity_enhanced,2024-10-25 14:30:00,576.8145959294021,726.8313100327332,1.260077874523291,189.47030820314768,331.5388635477572,1.7498196244674056,3814,15864.450702428818,436,5133.449443817139
463,S1,intensity_enhanced,2024-10-25 15:00:00,586.0534647265215,720.5871103774437,1.2295586559047138,228.8353868257478,371.229119878496,1.6222539923913766,3870,16225.74792444706,467,5221.977786064148
464,S1,intensity_enhanced,2024-10-25 15:30:00,613.6638380920864,675.9538512486837,1.1015051063628893,232.21217892226332,398.2905043210804,1.7152007537658596,3889,16589.746927142143,476,5358.5732345581055
465,S1,intensity_enhanced,2024-10-25 16:00:00,581.3670282987013,662.6855424963236,1.1398746579000012,270.3382520498086,333.1632901536553,1.2323941862739802,3891,16947.77385032177,491,5621.744196891785
466,S1,intensity_enhanced,2024-10-25 16:30:00,537.8851552410492,689.6419448546925,1.2821360436051321,241.6246824629669,321.39037291918333,1.3301222774227157,3918,17496.772138237953,476,5743.871034622192
467,S1,intensity_enhanced,2024-10-25 17:00:00,536.7454471985818,684.1750369237612,1.2746732002938312,244.44121495141277,323.4669377027766,1.3232913188026427,3589,16091.318008899689,408,4963.685769081116
468,S1,intensity_enhanced,2024-10-25 17:30:00,546.8990194285146,688.4330350445701,1.25879369058652,196.55434362834148,501.48159793858423,2.5513636009327665,3674,14993.504559397697,363,3990.9120082855225
469,S1,intensity_enhanced,2024-10-25 18:00:00,539.6364268832123,712.0088942010848,1.3194233352878824,187.77012786124237,453.11602193289605,2.4131422132690643,3585,15124.95524764061,353,4259.760814666748
470,S1,intensity_enhanced,2024-10-25 18:30:00,531.1975523167135,714.7319922757931,1.3455107034259266,172.27321225480335,438.42422879817633,2.5449355884170526,3653,15132.669842481613,326,3860.8625326156616
471,S1,intensity_enhanced,2024-10-25 19:00:00,538.4083039105177,724.6125026467349,1.3458419890328486,170.56427548174588,420.5489171101506,2.465633063678426,3662,15087.7621281147,315,3691.349841117859
472,S1,intensity_enhanced,2024-10-25 19:30:00,545.0233905421748,716.7661131566216,1.3151107376210045,168.76915502238842,402.71147598181835,2.386167519345543,3627,14929.594668269157,308,3601.8189401626587
473,S1,intensity_enhanced,2024-10-25 20:00:00,542.1617865928993,699.0444844806249,1.2893650968535062,168.80928827191113,423.7739754421408,2.5103711992407693,3625,15153.753721356392,321,3891.028564453125
474,S1,intensity_enhanced,2024-10-25 20:30:00,539.6465724675157,670.8874764156003,1.2431978829180526,203.39122118005642,359.96525105438684,1.7698170499488675,3594,15998.064776301384,346,4562.438510894775
475,S1,intensity_enhanced,2024-10-25 21:00:00,530.546715556549,640.6629909343975,1.2075524589052147,219.27432526650617,396.53503007244746,1.8083969912596776,3495,15813.781323313713,355,4639.694808006287
476,S1,intensity_enhanced,2024-10-25 21:30:00,533.8482961346956,614.2489459983457,1.1506058002728232,199.13227625804106,496.79640867784855,2.49480605561945,3463,15466.968718290329,348,4443.974033355713
477,S1,intensity_enhanced,2024-10-25 22:00:00,536.149455971708,603.3372469740949,1.1253154139280357,203.66642779735741,435.9103742074447,2.1403153132393604,3251,14673.529072761536,322,3963.318461418152
478,S1,intensity_enhanced,2024-10-25 22:30:00,533.3709787007181,607.9958836152705,1.1399118210299632,177.39434063488517,435.3287902365314,2.454017352969152,3226,14485.252458930016,309,3764.1710872650146
479,S1,intensity_enhanced,2024-10-25 23:00:00,530.0304898677219,611.1940673183459,1.1531300161069573,173.996637608891,421.5444965000874,2.422716336896298,3239,14716.126842021942,304,3785.697540283203
480,S1,intensity_enhanced,2024-10-25 23:30:00,523.0526629538845,619.7501129935468,1.1848713464024303,171.0587962164729,425.5389960953854,2.4876767842845586,3258,14799.025296092033,303,3785.6870727539062
481,S1,intensity_enhanced,2024-10-26 00:00:00,508.08638287771197,617.3751305113693,1.2150987535124713,175.29573668250052,445.6164676558407,2.5420838868600013,3215,14508.6525400877,296,3658.0542488098145
482,S1,intensity_enhanced,2024-10-26 00:30:00,409.145983145093,580.4528218344957,1.4186936832975132,145.22902511867275,469.00292609985274,3.229402150958512,2816,12571.65807569027,287,3811.839747428894
483,S1,intensity_enhanced,2024-10-26 01:00:00,404.45119067199244,582.4744046679581,1.4401599453822351,141.79410715726866,433.9153408229445,3.060178942004065,2834,12556.782637119293,281,3799.931854248047
484,S1,intensity_enhanced,2024-10-26 01:30:00,404.60395534839347,577.707372794587,1.4278342195076599,145.15240334128944,417.1712426770886,2.8740222901870407,2849,12658.45163655281,288,3946.542649269104
485,S1,intensity_enhanced,2024-10-26 02:00:00,406.9229782775623,569.626088138583,1.3998376069833034,147.73530546833638,395.0643925129114,2.674136634168206,2858,12799.74548983574,289,4026.992582321167
486,S1,intensity_enhanced,2024-10-26 02:30:00,407.616234378534,562.5939537895255,1.3802049730606891,145.8859957205072,353.15234153572163,2.4207418936379552,2852,12798.121290802956,282,4021.3622875213623
487,S1,intensity_enhanced,2024-10-26 03:00:00,408.2721845711729,563.0051696219455,1.3789946778110647,149.53562680884735,340.3535904263969,2.2760702428557145,2887,13153.688311696053,314,4462.89958190918
488,S1,intensity_enhanced,2024-10-26 03:30:00,421.0486135500697,575.8529429046041,1.367663790765871,149.9212581472037,296.69158278630397,1.9789827436946161,3001,13721.405205965042,312,4459.794076919556
489,S1,intensity_enhanced,2024-10-26 04:00:00,428.51554617808495,585.029853419399,1.3652476756963856,154.86560961681485,324.0310378673674,2.092336953756988,3109,14421.168283581734,355,5192.042783737183
490,S1,intensity_enhanced,2024-10-26 04:30:00,428.7550977973484,585.7636554386388,1.3661963634902348,155.2708536692884,322.8824942385211,2.0794790948095567,3107,14415.2604585886,356,5214.351260185242
491,S1,intensity_enhanced,2024-10-26 05:00:00,428.93111541515486,584.8306806676546,1.363460610922586,155.49518697132396,320.0854657592207,2.058491146856192,3105,14424.786236405373,355,5217.788701057434
492,S1,intensity_enhanced,2024-10-26 05:30:00,429.6594034007291,583.8774216911333,1.3589308579534771,155.54981800954934,319.533397333874,2.0542190368506605,3105,14407.188596606255,356,5231.020527839661
493,S1,intensity_enhanced,2024-10-26 06:00:00,429.56014830156016,582.5050356162513,1.3560499918798783,155.3179408507207,318.9596146245987,2.053591574016265,3098,14423.159402012825,359,5282.639211654663
494,S1,intensity_enhanced,2024-10-26 06:30:00,454.25488896016896,555.9686408952,1.2239133896122987,161.4324540865854,334.7973044584282,2.0739157213013395,3125,14174.088436961174,335,4755.866090774536
495,S1,intensity_enhanced,2024-10-26 07:00:00,466.70833851706163,564.475888664608,1.2094831869903926,155.75121151192909,330.7917196481701,2.123846848040938,3138,14191.211026668549,326,4639.703884124756
496,S1,intensity_enhanced,2024-10-26 07:30:00,466.1129347007226,555.8723830270923,1.1925701726857256,156.78237464033825,323.6357741680944,2.0642356955653907,3097,13958.339851498604,302,4436.5884256362915
497,S1,intensity_enhanced,2024-10-26 08:00:00,474.21868869792024,578.0626650185835,1.2189790887528922,137.96331212905434,283.54631240506035,2.055229814574341,3109,13476.871476769447,246,3529.904474258423
498,S1,intensity_enhanced,2024-10-26 08:30:00,484.76359065552833,585.8082415891419,1.20844108939158,156.52948839746412,312.1334959488066,1.99408749842858,3129,12954.246551394463,231,3240.177885055542
499,S1,intensity_enhanced,2024-10-26 09:00:00,485.42092714191216,592.5894287395475,1.2207743745796595,148.03573276279175,298.114263149817,2.0137993549672553,3148,12914.910216927528,227,3162.7072792053223
500,S1,intensity_enhanced,2024-10-26 09:30:00,477.80170783220575,593.2884977253142,1.2417044309386684,139.53918079765668,246.65579167342045,1.7676454044193504,3179,13165.393301129341,251,3425.809739112854
501,S1,intensity_enhanced,2024-10-26 10:00:00,468.757669527563,603.631915857949,1.2877270178135274,142.12936136652104,228.94772655074235,1.610840464978477,3186,13517.104144692421,261,3793.5832557678223
502,S1,intensity_enhanced,2024-10-26 10:30:00,481.69739457492057,593.2742241369265,1.2316326200196015,144.75448136634805,225.84866120212425,1.5602187861150882,3213,13493.419290065765,268,3963.4628582000732
503,S1,intensity_enhanced,2024-10-26 11:00:00,471.8156629286976,589.1876100779581,1.248766533990621,133.7513909008198,247.4155088513846,1.849816343478984,3154,13415.27900826931,271,3987.280460357666
504,S1,intensity_enhanced,2024-10-26 11:30:00,494.2908995369197,615.6143585987974,1.2454495099455385,137.22792338903872,238.43087635678648,1.7374807580585292,3267,13699.6734572649,263,3714.4610452651978
505,S1,intensity_enhanced,2024-10-26 12:00:00,533.6513928701855,647.54984099284,1.2134323073909035,142.65980699681634,221.86939658724282,1.5552341003250663,3365,13756.376226186752,239,3304.4138803482056
506,S1,intensity_enhanced,2024-10-26 12:30:00,429.6080765893308,599.237937765067,1.3948479333126846,164.3940914429393,238.6686202391247,1.4518077757190222,3002,13938.66217970848,331,5177.017667770386
507,S1,intensity_enhanced,2024-10-26 13:00:00,435.10623869723275,571.9013749325987,1.3143947938897587,171.30446233732343,236.1004457556684,1.3782504117770784,3002,14237.149120807648,346,5593.652589797974
508,S1,intensity_enhanced,2024-10-26 13:30:00,442.02221938911555,577.222094732943,1.3058666949608897,163.5688796534419,237.38995442245343,1.4513149134812007,3004,14029.08369410038,334,5375.217037200928
509,S1,intensity_enhanced,2024-10-26 14:00:00,448.5235926351219,578.5040412866763,1.2897962354397117,169.9180018083063,226.76727868994692,1.3345688877966801,2982,13857.106438398361,330,5275.731609344482
510,S1,intensity_enhanced,2024-10-26 14:30:00,449.8100442227975,578.9238267437277,1.2870406834600983,173.0004504017368,225.82543745393065,1.3053459510048895,2985,13915.48181962967,334,5334.883576393127
511,S1,intensity_enhanced,2024-10-26 15:00:00,425.03962813566875,553.4261782576881,1.3020578356073618,174.65367779842902,221.8316404258792,1.270122926823779,2899,13954.46141064167,331,5337.315821647644
512,S1,intensity_enhanced,2024-10-26 15:30:00,422.50586799738323,530.6329145969454,1.255918449398271,168.95607499483404,220.35495368525795,1.3042144456302869,2914,13958.272211790085,312,4910.065264701843
513,S1,intensity_enhanced,2024-10-26 16:00:00,430.9985025354604,559.0740740124706,1.2971601310064216,166.04275925519724,228.91258790975226,1.3786363761754086,3084,14797.405550718307,328,5236.817383766174
514,S1,intensity_enhanced,2024-10-26 16:30:00,428.01286311977225,566.4319110718608,1.3233992710946936,159.53104572366394,226.6466209770974,1.4207054178638565,3088,14776.789719343185,307,4979.562839508057
515,S1,intensity_enhanced,2024-10-26 17:00:00,429.6540239256043,562.5215384677381,1.3092430354268922,158.17116180815356,230.5565909682221,1.457639865147249,3109,14920.0963255167,314,5222.22841835022
516,S1,intensity_enhanced,2024-10-26 17:30:00,434.8498189358589,593.0178652155926,1.3637302797246016,166.86312604116125,226.83796071392598,1.3594253331797763,3188,15401.36936211586,328,5607.386458396912
517,S1,intensity_enhanced,2024-10-26 18:00:00,430.2868630071239,598.2425626935106,1.390334249371691,169.52597155688937,241.06844574274993,1.4220148307001501,3222,15767.957730531693,351,6030.383344650269
518,S1,intensity_enhanced,2024-10-26 18:30:00,439.3403815044918,558.9552204269168,1.2722600606682468,169.29700114523303,241.03179234308655,1.4237215704507,3207,14654.54485964775,280,4563.373164176941
519,S1,intensity_enhanced,2024-10-26 19:00:00,436.8164587105602,549.4679605942156,1.2578920726022789,173.2342066505678,223.51698444129332,1.2902589434438316,3168,14732.898883461952,274,4580.209687232971
520,S1,intensity_enhanced,2024-10-26 19:30:00,434.16865945216114,547.4836576937618,1.2609930398582465,178.28434877680328,217.64138738905248,1.2207543112015942,3173,15180.391021966934,292,4940.677341461182
521,S1,intensity_enhanced,2024-10-26 20:00:00,442.00645827611794,542.8742353761189,1.2282043060940717,176.25339775881798,220.39024341641002,1.2504169917790002,3180,14977.62111878395,282,4684.837763786316
522,S1,intensity_enhanced,2024-10-26 20:30:00,450.3911033594678,541.9841294077745,1.2033633110536885,155.1784513552543,196.12630768380433,1.2638759181505537,3170,14700.652057409286,255,4391.993398666382
523,S1,intensity_enhanced,2024-10-26 21:00:00,451.1665772703486,542.4578834675237,1.20234501134704,155.1621243194238,196.12222640788445,1.2639826070190754,3175,14708.168264389038,255,4388.671933174133
524,S1,intensity_enhanced,2024-10-26 21:30:00,431.4979927506127,551.904926423793,1.2790440180396598,152.1879637532367,203.2100608209941,1.3352571110714462,3077,14408.114503622055,251,4324.024409294128
525,S1,intensity_enhanced,2024-10-26 22:00:00,435.57589961977584,562.1952721411933,1.290694165200474,144.80706045950754,202.71062731472344,1.3998670138836642,3078,14253.73538017273,248,4301.257380485535
526,S1,intensity_enhanced,2024-10-26 22:30:00,436.223971468419,562.5719042396169,1.28964004968797,144.4520970265873,201.57748648177272,1.395462514086381,3080,14262.634855747223,247,4291.48943901062
527,S1,intensity_enhanced,2024-10-26 23:00:00,444.40171182170906,579.4770735082054,1.3039487879846114,142.9412605505456,216.40995206354336,1.5139781979676674,3108,14303.015912771225,269,4592.029142379761
528,S1,intensity_enhanced,2024-10-26 23:30:00,444.7968400450177,579.4396331074697,1.3027062715841766,142.8943333622331,216.39064676387838,1.5143402937843076,3111,14311.157493948936,269,4593.453536987305
529,S1,intensity_enhanced,2024-10-27 00:00:00,427.22440499993763,586.7542203804171,1.3734098836898172,139.28369938981803,227.10033826174632,1.6304875535086936,3054,14229.047721266747,275,4741.866481781006
530,S1,intensity_enhanced,2024-10-27 00:30:00,421.8551564934594,653.6103939914292,1.5493715886380577,139.5371613893401,255.5470800971375,1.8313908463717545,3214,14711.685992240906,310,5683.138168334961
531,S1,intensity_enhanced,2024-10-27 01:00:00,425.23141961836933,638.3461866320215,1.5011736131937614,140.28042010331455,249.85481569512845,1.7811096909398483,3239,14750.865920305252,310,5679.378706932068
532,S1,intensity_enhanced,2024-10-27 01:30:00,424.7839054767342,629.3769381304146,1.4816402646518927,140.78912864719283,247.67776798084617,1.7592108876638242,3234,14810.19018316269,309,5709.74889087677
533,S1,intensity_enhanced,2024-10-27 02:00:00,423.2265615278455,630.4617484617961,1.489655436997695,141.1618912932533,247.8215585447493,1.7555840055296281,3223,14791.948330402374,310,5720.071238517761
534,S1,intensity_enhanced,2024-10-27 02:30:00,422.6124043448262,632.0290969958251,1.4955289776116605,141.20262031394796,247.8703936056844,1.7554234691578035,3221,14785.286964058876,310,5718.142058372498
535,S1,intensity_enhanced,2024-10-27 03:00:00,421.9155910446964,634.0837175415784,1.5028686566702487,141.2475688266578,247.9267487332223,1.7552638306821537,3217,14775.902526021004,310,5716.731105804443
536,S1,intensity_enhanced,2024-10-27 03:30:00,420.9752831387952,636.8775750105658,1.5128621572791632,141.35931128034244,247.58319783114334,1.7514459825015485,3214,14767.649139761925,309,5700.022813796997
537,S1,intensity_enhanced,2024-10-27 04:00:00,408.84689712120297,658.4128070883506,1.6104140980998127,143.08916144841302,257.3711721840357,1.7986769198925119,3163,14874.258071660995,317,5833.828903198242
538,S1,intensity_enhanced,2024-10-27 04:30:00,401.1869682512771,615.2668203603348,1.5336161666521795,148.25182693905853,241.14553356136082,1.626594009262943,3027,15658.897185444832,326,6872.597766876221
539,S1,intensity_enhanced,2024-10-27 05:00:00,401.52951719952773,615.3618020768239,1.5325443727491577,147.82598792909286,241.2616835779033,1.632065423392447,3027,15640.939027071,325,6846.5241775512695
540,S1,intensity_enhanced,2024-10-27 05:30:00,401.581979536726,614.7392722787492,1.5307939688626584,147.9075753342542,241.22571219775458,1.6309219568545454,3026,15625.976746439934,325,6833.075872421265
541,S1,intensity_enhanced,2024-10-27 06:00:00,401.5832630208352,614.5083300744938,1.530213997097309,148.51279417892138,241.21991786512064,1.6242366134092687,3023,15612.819058656693,326,6830.973767280579
542,S1,intensity_enhanced,2024-10-27 06:30:00,448.6689621507127,583.9220586870572,1.301454096329735,149.24054463101004,238.67567406959992,1.599268313176639,3021,15219.26766371727,324,6603.19854259491
543,S1,intensity_enhanced,2024-10-27 07:00:00,452.71654367785027,577.7114161722709,1.2760996350585427,149.45396281260733,238.49294001682918,1.5957619023850287,3025,15151.767988920212,324,6540.234853744507
544,S1,intensity_enhanced,2024-10-27 07:30:00,453.4633764728114,568.3131877601363,1.2532725182365632,150.73198008585717,240.04715000105068,1.5925429352438538,3043,15276.949791431427,327,6601.56324672699
545,S1,intensity_enhanced,2024-10-27 08:00:00,438.07081557048474,575.5121624151466,1.3137423036631082,153.16398712496272,241.75446083155887,1.5784027653596913,3030,15636.167194724083,336,7027.028936386108
546,S1,intensity_enhanced,2024-10-27 08:30:00,424.87261732662745,569.5042659647587,1.3404117910638191,152.43366468860015,239.27520835881273,1.5697005569446598,2976,15656.313287377357,333,7117.09600353241
547,S1,intensity_enhanced,2024-10-27 09:00:00,417.1550236966554,567.5594957639616,1.3605481500246182,151.36830138436542,240.73167127508492,1.5903704347173715,2963,15539.469277858734,331,7092.807683944702
548,S1,intensity_enhanced,2024-10-27 09:30:00,419.8474313971928,561.0424019499692,1.336300665417669,151.51729073513053,240.6568454706314,1.58831275495366,2962,15490.274368405342,331,7051.648436546326
549,S1,intensity_enhanced,2024-10-27 10:00:00,420.77217547989153,567.8344947908266,1.3495058083230167,153.8422902984312,239.21024025403165,1.5549056100893828,2944,15760.685584306717,341,7488.875792503357
550,S1,intensity_enhanced,2024-10-27 10:30:00,431.76296328825384,563.9515862138977,1.3061601715879245,157.4819353936362,234.9776162937632,1.4920925102070919,3000,15686.895180344582,344,7347.882851600647
551,S1,intensity_enhanced,2024-10-27 11:00:00,432.65439633652034,554.7992009584727,1.282314950815723,158.9336055487158,234.7198391584882,1.476842096094908,2996,15675.814829587936,347,7365.139659881592
552,S1,intensity_enhanced,2024-10-27 11:30:00,434.9975216443519,548.4860064790727,1.2608945549981918,158.82006732836172,234.6647540829838,1.4775510301088788,2996,15629.430316090584,346,7312.172674179077
553,S1,intensity_enhanced,2024-10-27 12:00:00,444.6654948555884,524.5811385869501,1.1797208118370288,161.71744288732782,222.20886205074856,1.3740562433055852,2916,15399.905507564545,345,7219.6532735824585
554,S1,intensity_enhanced,2024-10-27 12:30:00,438.36193595426414,522.1805888729508,1.1912087844402406,159.23957394367466,222.22660915818238,1.3955488805614724,2879,15227.14896607399,336,7103.031904220581
555,S1,intensity_enhanced,2024-10-27 13:00:00,438.57007579554977,517.9969296442226,1.1811041341673718,159.35636072902773,222.24040533802682,1.3946127052683313,2875,15205.735971331596,337,7100.071940422058
556,S1,intensity_enhanced,2024-10-27 13:30:00,439.10106097469094,517.0264751185674,1.1774657842340461,159.6362972154725,223.1569765910469,1.3979087493481175,2881,15212.799696564674,339,7108.342393875122
557,S1,intensity_enhanced,2024-10-27 14:00:00,439.5322505111583,513.6696605459427,1.1686734248705628,160.4927373569514,222.51667953011153,1.3864594946449913,2876,15207.896647930145,340,7107.4735288619995
558,S1,intensity_enhanced,2024-10-27 14:30:00,452.48749228431507,488.5410265419529,1.0796785212241466,154.75545278228017,222.27661792409012,1.4363087951207871,2886,14750.495893239975,326,6711.316634178162
559,S1,intensity_enhanced,2024-10-27 15:00:00,456.2434752707514,493.57334548601597,1.0818200637129343,152.43432279485432,220.581543095374,1.447059553590372,2890,14807.760996699333,323,6704.99356174469
560,S1,intensity_enhanced,2024-10-27 15:30:00,479.56355826203975,548.8558652122522,1.1444903511879212,149.96137500223608,223.06227705327595,1.4874648692034758,3023,14358.890158891678,321,5789.7784786224365
561,S1,intensity_enhanced,2024-10-27 16:00:00,488.4467924006504,540.0244245428881,1.1055951906014971,149.85038435143096,222.2168620509801,1.4829248721166635,3054,14386.426460981369,320,5764.124213218689
562,S1,intensity_enhanced,2024-10-27 16:30:00,490.11591631906003,537.8524514201855,1.097398459245401,149.5447544721625,221.03662738330826,1.4780633942225794,3063,14402.496274232864,317,5727.392665863037
563,S1,intensity_enhanced,2024-10-27 17:00:00,519.781575776091,525.9793003096888,1.0119237095396136,159.20187514062445,223.47772206165175,1.4037380016048835,3220,15181.491347789764,335,6205.19525718689
564,S1,intensity_enhanced,2024-10-27 17:30:00,494.06170848639294,554.3349874103346,1.1219954469019542,173.93876298081886,229.3546710735606,1.3185943555252917,3276,15978.580382585526,358,6952.702772140503
565,S1,intensity_enhanced,2024-10-27 18:00:00,495.3442528342881,556.1314738547544,1.1227171218251741,174.19744337496098,229.61611312525378,1.3181371016508117,3295,15999.421005010605,358,6934.906145095825
566,S1,intensity_enhanced,2024-10-27 18:30:00,459.8168862826525,546.2544889338103,1.1879826627289691,169.8334133681163,262.0281820766411,1.5428541232265631,3137,14579.689865231514,254,3788.9509811401367
567,S1,intensity_enhanced,2024-10-27 19:00:00,460.5600546177817,548.5854791421166,1.1911269195879044,171.47124182427922,260.6423754476705,1.5200355037655282,3148,14606.058068990707,254,3795.513388633728
568,S1,intensity_enhanced,2024-10-27 19:30:00,460.41417264691256,547.0256076215504,1.1881163528844239,160.9823577506861,279.94431357822504,1.7389751118676866,3143,14493.471316695213,252,3696.325861930847
569,S1,intensity_enhanced,2024-10-27 20:00:00,491.1637905780069,546.0049236730983,1.1116554887536654,131.7021205751396,280.5658130758575,2.130305965087214,3115,14346.184655070305,264,3878.396593093872
570,S1,intensity_enhanced,2024-10-27 20:30:00,480.9975154613047,516.6335135468734,1.074087696796917,174.87089870780568,209.4403989468905,1.1976858384930378,3159,15299.10763001442,311,5307.001089096069
571,S1,intensity_enhanced,2024-10-27 21:00:00,484.4980719726943,511.1079151130768,1.054922495423018,209.61665010851362,219.35144228540426,1.0464409300112856,3398,17135.32525217533,382,6906.588613510132
572,S1,intensity_enhanced,2024-10-27 21:30:00,510.0125992001199,526.4169786447105,1.0321646552856094,183.66853040417058,269.7452769836867,1.4686526667910886,3576,18082.55342042446,389,6730.98277759552
573,S1,intensity_enhanced,2024-10-27 22:00:00,502.24527684617664,526.6064882484483,1.0485046102478963,154.09976359164548,245.42334468677817,1.5926263542956025,3459,15348.500644564629,293,4960.858509063721
574,S1,intensity_enhanced,2024-10-27 22:30:00,475.6086549330906,541.3853399188583,1.138300016838466,172.34839860362274,251.78518157695362,1.4609081582244516,3444,15631.755221009254,337,5824.6635999679565
575,S1,intensity_enhanced,2024-10-27 23:00:00,474.0511035339644,535.762582045309,1.1301789576087804,175.99506354500858,237.9416388575339,1.351979050234451,3459,15698.642407178879,336,5894.120739936829
576,S1,intensity_enhanced,2024-10-27 23:30:00,472.0696806921413,526.2176437843386,1.1147033272986422,189.70517203644812,220.36726874887412,1.1616302622815877,3456,15695.541556477547,344,6057.106322288513
577,S1,intensity_enhanced,2024-10-28 00:00:00,470.9117409774531,546.8633393799407,1.1612862704268885,170.35742159684804,233.9052777889485,1.3730266377386569,3465,15304.146153330803,318,5438.81196308136
578,S1,intensity_enhanced,2024-10-28 00:30:00,476.6937233789489,586.8830597664498,1.2311533191719926,189.6124098868262,235.35030765807684,1.2412178496046167,3500,18213.433172225952,413,7753.873561859131
579,S1,intensity_enhanced,2024-10-28 01:00:00,484.3068689813445,582.1293152617134,1.2019844287695531,187.299199839583,247.9574398700534,1.3238574435044108,3556,18505.26135647297,450,8052.716124534607
580,S1,intensity_enhanced,2024-10-28 01:30:00,549.4813088341319,579.7235503531663,1.0550377984343091,192.64144758520874,250.36739134619285,1.2996548483443555,3543,18482.2938041687,467,8182.111311912537
581,S1,intensity_enhanced,2024-10-28 02:00:00,539.6439122924808,701.6103737441026,1.3001358076357519,198.01204656608311,256.9202342653554,1.297497999343244,3517,18199.868055343628,471,8059.418507575989
582,S1,intensity_enhanced,2024-10-28 02:30:00,538.3598093078158,721.2885306384732,1.3397889630094277,198.19368493270025,257.109724319743,1.297264967887586,3525,18245.64758205414,472,8074.649596214294
583,S1,intensity_enhanced,2024-10-28 03:00:00,536.7686086695269,741.4717412963618,1.3813619673740334,198.36723874902432,257.1508256741857,1.2963371738996352,3536,18269.10145354271,474,8094.1742877960205
584,S1,intensity_enhanced,2024-10-28 03:30:00,530.1840844413146,824.9114859311729,1.555896357772467,197.41458295606338,258.83427580433516,1.3111203434345073,3539,18501.75018978119,477,8244.672795295715
585,S1,intensity_enhanced,2024-10-28 04:00:00,533.9977017288601,565.8396716985075,1.0596294138842834,191.1422310433936,258.5697956398493,1.3527612094322934,3447,18063.202755212784,458,7833.379928588867
586,S1,intensity_enhanced,2024-10-28 04:30:00,535.7705752505655,594.3920450440668,1.1094152469386445,186.32899190241554,262.6959967461814,1.4098503623298702,3462,18347.453853964806,457,7996.423418045044
587,S1,intensity_enhanced,2024-10-28 05:00:00,493.78319016384836,545.8338158755201,1.1054119029333482,179.7983231966112,264.4767678837021,1.4709634838723873,3452,18175.720390081406,443,7743.432329177856
588,S1,intensity_enhanced,2024-10-28 05:30:00,495.9855310344792,549.1017527138371,1.107092280632808,168.30060604002247,259.72522094314667,1.5432221371881547,3434,17620.756838560104,401,6980.525388717651
589,S1,intensity_enhanced,2024-10-28 06:00:00,500.3532277430673,539.0101148972445,1.077259194126807,184.0158291349923,260.4973488789065,1.415624678069443,3474,17746.821915864944,428,7219.426776885986
590,S1,intensity_enhanced,2024-10-28 06:30:00,472.708875427577,1191.5348161638397,2.5206525159614657,188.70194369844543,267.94582358234555,1.4199420436841612,3563,17599.05355012417,392,7364.580435752869
591,S1,intensity_enhanced,2024-10-28 07:00:00,476.6071964363234,1204.7405683590666,2.5277431338996204,187.5181650218825,258.71757353559406,1.3796933939994642,3544,17460.980546951294,392,7332.44920539856
592,S1,intensity_enhanced,2024-10-28 07:30:00,487.8975790130327,1092.142928626084,2.2384676120659917,187.16954960120978,254.4494540614191,1.359459669607353,3444,16718.42843735218,386,6804.879461288452
593,S1,intensity_enhanced,2024-10-28 08:00:00,495.0953480167256,1100.7323690760677,2.2232735037512,188.2796600990057,256.74830662180017,1.3636539734923534,3424,16387.586724877357,387,6415.698137283325
594,S1,intensity_enhanced,2024-10-28 08:30:00,499.09848160508983,1098.868956184423,2.2017076723024327,186.1562994970419,250.32911357568113,1.3447254498076098,3429,16372.27218580246,386,6449.634135246277
595,S1,intensity_enhanced,2024-10-28 09:00:00,503.88695561021035,1093.3251547868517,2.1697826121790067,182.26641426950047,247.97302830649457,1.3604976501037567,3475,16595.943214535713,386,6450.0150356292725
596,S1,intensity_enhanced,2024-10-28 09:30:00,503.0741217484527,1093.7817308469791,2.1741959754270366,183.8258542421939,247.6477495153922,1.3471867193888323,3483,16626.486716747284,390,6491.917572975159
597,S1,intensity_enhanced,2024-10-28 10:00:00,502.1773584268209,1094.3796117621328,2.179269123543346,185.43355228742016,247.0438444316358,1.3322499697828092,3495,16674.031819820404,395,6551.970267295837
598,S1,intensity_enhanced,2024-10-28 10:30:00,501.15045090671526,1094.6326941676239,2.184239667323731,185.8996902204362,246.83805714976015,1.327802412457294,3496,16700.345545768738,396,6566.085431098938
599,S1,intensity_enhanced,2024-10-28 11:00:00,499.9351828446829,1094.0223565413687,2.188328395525728,186.3318570384825,245.75509070543612,1.3189107574593637,3498,16723.127953648567,396,6569.747344017029
600,S1,intensity_enhanced,2024-10-28 11:30:00,513.7800402353719,847.5167470925023,1.6495711797294383,182.69768852570408,237.6516257556272,1.300791639310698,3479,16383.243463158607,367,6098.512548446655
601,S1,intensity_enhanced,2024-10-28 12:00:00,513.3753831869711,848.7428830343367,1.6532597994189822,182.84315738983503,237.07169104887552,1.2965849771638978,3483,16422.54985678196,366,6092.764011383057
602,S1,intensity_enhanced,2024-10-28 12:30:00,486.0190796847668,546.2387410818706,1.1239039040116723,212.0361285239059,251.5332911829058,1.1862756263942333,3250,20051.99641227722,487,9135.28848361969
603,S1,intensity_enhanced,2024-10-28 13:00:00,482.9044014893872,554.843887066799,1.1489725199346554,207.57600989754997,249.52250408247284,1.20207775554422,3214,20207.635323762894,490,9545.364791870117
604,S1,intensity_enhanced,2024-10-28 13:30:00,491.3282123736263,586.1629951983879,1.1930171735236,205.3549994261348,249.6705897818472,1.2157999098125258,3223,19983.133551239967,487,9364.04560661316
605,S1,intensity_enhanced,2024-10-28 14:00:00,490.96228738758623,584.9434811160813,1.191422429263495,208.2773719212176,254.36055615639376,1.221258717690207,3212,19916.23312687874,508,9455.492067337036
606,S1,intensity_enhanced,2024-10-28 14:30:00,486.40950158878724,585.0246094887185,1.2027409159932483,207.4803692418834,255.04034889028986,1.2292264074051227,3229,20246.17533016205,502,9771.779195785522
607,S1,intensity_enhanced,2024-10-28 15:00:00,473.9868986320898,567.4533433542615,1.1971920426322151,213.2244314800018,250.3636302554703,1.1741789086629624,3313,20615.50503230095,520,10147.06484413147
608,S1,intensity_enhanced,2024-10-28 15:30:00,458.3628817432199,548.6861189458414,1.1970561771038442,210.6930176351116,253.47449023268,1.2030512120323713,3335,20478.080473065376,519,10169.742408752441
609,S1,intensity_enhanced,2024-10-28 16:00:00,468.66769873240054,556.9352167805431,1.1883371059854932,207.66940114556797,254.92625818536675,1.2275581129387105,3402,20126.114362955093,505,9736.905245780945
610,S1,intensity_enhanced,2024-10-28 16:30:00,475.5498431042709,556.3680198870031,1.1699468056916391,206.53495290981726,254.05179267636186,1.2300668196694602,3400,20218.817264795303,500,9662.555927276611
611,S1,intensity_enhanced,2024-10-28 17:00:00,470.17717739253663,570.5393120594933,1.2134559895559673,205.19813957975677,252.56357151766224,1.2308277844765458,3400,20597.07372057438,499,9999.574855804443
612,S1,intensity_enhanced,2024-10-28 17:30:00,470.3225333848767,570.6665767500997,1.2133515539709592,205.51442003760087,252.62050954341996,1.229210629099405,3401,20595.57607138157,501,10014.898133277893
613,S1,intensity_enhanced,2024-10-28 18:00:00,445.54018504050265,598.7083430132301,1.3437807926546559,213.33428043917263,246.52674281768626,1.1555889766528944,3412,21778.436260819435,534,11523.29019355774
614,S1,intensity_enhanced,2024-10-28 18:30:00,414.46616824729546,574.833934170847,1.3869260707133642,215.1002051144048,242.0771037537505,1.1254154947225479,3300,19761.18418633938,500,9536.42458820343
615,S1,intensity_enhanced,2024-10-28 19:00:00,412.38995119168703,575.1779920934183,1.394742986416909,214.23092595848175,241.28096293460905,1.1262657893817278,3304,19901.65941798687,499,9685.057271957397
616,S1,intensity_enhanced,2024-10-28 19:30:00,402.126815346691,556.5639955778674,1.384050937011072,204.1708082561097,249.5727927792039,1.2223725561498548,3312,20497.87398481369,493,10373.367478370667
617,S1,intensity_enhanced,2024-10-28 20:00:00,410.54840321021067,548.479045035745,1.3359668208352746,194.18785118487637,268.89033773658116,1.38469186458314,3338,20704.800219655037,497,10671.71687412262
618,S1,intensity_enhanced,2024-10-28 20:30:00,420.08989056129195,543.8601650572846,1.294628071936268,195.7101915305689,297.00405331528174,1.517570704890398,3414,21005.931408286095,547,11174.303174972534
619,S1,intensity_enhanced,2024-10-28 21:00:00,424.21134848286766,550.2600947747767,1.297136667236045,192.5990411485998,294.4836154895113,1.5289983466859574,3402,20322.731854319572,514,10337.50511932373
620,S1,intensity_enhanced,2024-10-28 21:30:00,434.730857898898,542.8644894929299,1.248736959038639,192.69928994453284,289.20144388437836,1.5007914350261566,3451,20760.646230459213,504,10371.570014953613
621,S1,intensity_enhanced,2024-10-28 22:00:00,438.13440093696556,545.5016407733232,1.2450554889247405,200.16890196157306,282.5833261666481,1.4117244157181565,3444,20628.099489450455,507,10069.723931312561
622,S1,intensity_enhanced,2024-10-28 22:30:00,438.54641470157696,534.1050560422899,1.2178985807140565,208.99159647556493,261.7921834740754,1.252644545947964,3373,20923.764137744904,505,10303.70106601715
623,S1,intensity_enhanced,2024-10-28 23:00:00,430.93399883627694,525.7729403611494,1.220077649433511,211.84727891259283,256.0205431489849,1.2085146642578146,3212,20791.783005833626,502,10442.637959480286
624,S1,intensity_enhanced,2024-10-28 23:30:00,430.719608637684,532.3540906721255,1.2359643721721847,213.08513220593557,259.48132817363637,1.2177354913850118,3159,21224.01244390011,519,11053.77984905243
625,S1,intensity_enhanced,2024-10-29 00:00:00,430.54906699879297,524.7341347087012,1.2187557120177688,211.07251790928913,264.31942152647025,1.2522682921708612,3189,21334.35137319565,520,11182.52440071106
626,S1,intensity_enhanced,2024-10-29 00:30:00,416.9710458889552,701.5774635647915,1.6825567877718517,221.8802025608242,257.2555583414404,1.1594344847910332,3230,22414.271837711334,574,12371.032536506653
627,S1,intensity_enhanced,2024-10-29 01:00:00,412.55692690495425,833.7887285663084,2.0210270975728797,225.55245020614714,249.34290628966414,1.1054763806013734,3248,21907.73639214039,568,11934.935542106628
628,S1,intensity_enhanced,2024-10-29 01:30:00,418.5335658451406,849.6878731256858,2.030154669697561,223.9346539790195,248.65097371613763,1.1103729114629695,3228,21250.154826402664,543,11123.11126422882
629,S1,intensity_enhanced,2024-10-29 02:00:00,419.5204296255701,846.3741610565147,2.017480201886515,225.3647714620298,252.43854753633659,1.1201331330476696,3203,21092.227583050728,550,11074.509895324707
630,S1,intensity_enhanced,2024-10-29 02:30:00,421.1165528728449,850.7359296785794,2.02019114156136,226.12734210273348,258.2759344476094,1.1421703012379156,3184,20997.042943000793,550,10940.105922698975
631,S1,intensity_enhanced,2024-10-29 03:00:00,426.0935617448818,851.0162205869098,1.997252005174495,208.12789737170536,249.098800502382,1.1968544517485016,3179,20086.893290042877,480,9691.588292121887
632,S1,intensity_enhanced,2024-10-29 03:30:00,418.9502708920926,860.4916634589787,2.053923158055697,232.3868311094872,246.16698448123032,1.0592983402112388,3150,21275.0375944376,545,11152.456004142761
633,S1,intensity_enhanced,2024-10-29 04:00:00,415.9739795561486,854.6328330931523,2.0545343581467717,249.60693208761862,259.55823077363806,1.0398678778781882,3138,22456.916744351387,640,12768.102835655212
634,S1,intensity_enhanced,2024-10-29 04:30:00,418.2058074282365,821.6092527058455,1.9646050774816906,258.2754101522291,264.90756413473275,1.0256786117524452,3164,22778.694370746613,666,13038.618041992188
635,S1,intensity_enhanced,2024-10-29 05:00:00,443.6279098896029,785.3028727347718,1.7701836499200267,263.7080263567395,275.8903897363625,1.046196407246027,3243,23685.181878209114,713,13909.111580848694
636,S1,intensity_enhanced,2024-10-29 05:30:00,442.75251760720937,772.9416203846072,1.7457644838743194,262.1449146407013,272.5955001949529,1.0398656810435334,3242,23789.48770749569,705,13949.862321853638
637,S1,intensity_enhanced,2024-10-29 06:00:00,444.05326616791245,738.3517473630418,1.6627549071643195,262.659291401707,273.74331107398643,1.0421992293252884,3226,23754.36935174465,706,13910.499571800232
638,S1,intensity_enhanced,2024-10-29 06:30:00,703.3237676960151,883.3699812666698,1.2559933587349938,236.66935169533014,250.8591585946229,1.0599562503452435,4031,21483.381276249886,571,9795.682747840881
639,S1,intensity_enhanced,2024-10-29 07:00:00,684.990827603974,937.3953610222994,1.3684787054758216,233.84067854151294,260.99093269221726,1.1161057790288755,3944,22166.322372555733,605,10786.969871520996
640,S1,intensity_enhanced,2024-10-29 07:30:00,691.6019639239628,959.458571022595,1.3872987947849147,235.86539898498648,257.57868709613405,1.0920579627388611,3912,21816.62503516674,599,10561.314354896545
641,S1,intensity_enhanced,2024-10-29 08:00:00,688.7122859282948,966.6451000906336,1.4035543141033413,224.70116028914595,249.62653559931235,1.1109267761594612,3962,21847.572352051735,563,10242.745364189148
642,S1,intensity_enhanced,2024-10-29 08:30:00,706.8484978176086,982.6084223153771,1.390125925639192,220.07589545271992,245.70506125471454,1.1164560332664855,3913,21451.02009320259,542,9816.782221794128
643,S1,intensity_enhanced,2024-10-29 09:00:00,718.7282213303705,947.5568232109532,1.3183798758549068,216.82501496713581,243.78399791667172,1.1243352062197296,3911,21488.078664779663,533,9833.389944076538
644,S1,intensity_enhanced,2024-10-29 09:30:00,719.7173667030296,981.0616823319109,1.363120757841482,209.4213376010866,235.70922746908542,1.1255263201406527,3841,22309.793491125107,518,10076.719592094421
645,S1,intensity_enhanced,2024-10-29 10:00:00,535.4339611738906,944.3885559142594,1.7637815760579905,209.380258315081,249.8402154796386,1.1932367334444263,3783,22642.614241480827,549,10973.1355676651
646,S1,intensity_enhanced,2024-10-29 10:30:00,532.6124512877783,951.3334639680912,1.7861645210657495,212.76635809500718,252.01854352199982,1.184484924113163,3746,22830.703313469887,565,11405.421013832092
647,S1,intensity_enhanced,2024-10-29 11:00:00,553.1337230196096,898.8965918956605,1.6250981534600653,214.9546268848447,251.8970340502328,1.1718614188527223,3683,22316.591371655464,565,11199.691610336304
648,S1,intensity_enhanced,2024-10-29 11:30:00,500.53255693408596,843.3204751379475,1.684846397012694,216.66269378235253,248.12196456846627,1.1451992968282525,3624,21505.086290597916,554,10700.375951766968
649,S1,intensity_enhanced,2024-10-29 12:00:00,589.3163977614253,820.6314881887017,1.3925142611099022,216.64145885562448,243.47432584108506,1.1238584116225951,3741,21527.48917543888,540,10080.554818153381
650,S1,intensity_enhanced,2024-10-29 12:30:00,456.6840386472681,544.6433591634706,1.1926043239363986,255.91710690925427,288.6170963523997,1.1277757076815478,3536,21833.28897714615,641,10604.8597240448
651,S1,intensity_enhanced,2024-10-29 13:00:00,456.8000270485932,545.1143258536548,1.1933325165842552,259.10399377224496,289.72385201815337,1.1181759408649734,3538,22052.386313557625,653,10850.447225570679
652,S1,intensity_enhanced,2024-10-29 13:30:00,454.17222211522983,536.4410073827243,1.181140063750135,250.0646269642331,263.32801099367435,1.0530398249062922,3475,21595.553601145744,579,10165.657242774963
653,S1,intensity_enhanced,2024-10-29 14:00:00,452.93857945060756,527.3053939282029,1.1641874149201366,245.8957498838927,260.1125998961246,1.057816574784004,3404,21217.68424808979,573,10194.587251663208
654,S1,intensity_enhanced,2024-10-29 14:30:00,448.12121457469254,516.9640440133255,1.1536254638244918,223.12369012705446,255.38740721201506,1.1446001411440774,3298,20422.72608911991,511,9542.264157295227
655,S1,intensity_enhanced,2024-10-29 15:00:00,448.4779699589762,518.7224617552627,1.1566286339610188,222.75733623596207,255.0076457687321,1.1447777661455192,3304,20460.597841858864,509,9523.457461357117
656,S1,intensity_enhanced,2024-10-29 15:30:00,443.5569431028701,518.0759999377108,1.1680033600952042,221.22033554938162,257.8875198589204,1.1657496098560645,3297,20795.04748916626,528,10013.994459152222
657,S1,intensity_enhanced,2024-10-29 16:00:00,445.7316191496669,519.2532827515787,1.1649460357830788,228.95741025698845,261.1292070899951,1.1405143288303923,3324,20869.665177226067,549,10166.364311218262
658,S1,intensity_enhanced,2024-10-29 16:30:00,446.30670583539916,519.8485803511476,1.1647787800501253,236.39052236400792,260.7900368420571,1.1032169743272375,3351,21103.565813541412,577,10566.124839782715
659,S1,intensity_enhanced,2024-10-29 17:00:00,446.09986498373587,517.7424924247467,1.1605977339706697,242.13527773015963,262.6925993486343,1.0849001509040046,3322,20965.16711783409,593,10655.483959197998
660,S1,intensity_enhanced,2024-10-29 17:30:00,450.12252162384897,519.078217591608,1.153193169981798,244.56152740058278,265.1582175339714,1.0842188481250812,3340,21240.83372569084,612,10836.617484092712
661,S1,intensity_enhanced,2024-10-29 18:00:00,450.176074945118,537.3925719192847,1.1937386321225496,242.50557739904,272.5771963048015,1.1240038238637204,3424,21426.436774492264,620,10839.002990722656
662,S1,intensity_enhanced,2024-10-29 18:30:00,474.79427980034797,523.4259697666722,1.1024268657717882,256.9154226092413,301.2576908300172,1.1725948087134404,3236,22060.359214544296,718,12403.369401931763
663,S1,intensity_enhanced,2024-10-29 19:00:00,477.89285806194727,522.5459990204212,1.0934375565677203,254.0477565282778,296.8431918376522,1.1684542933745992,3241,22038.669502019882,701,12180.04871559143
664,S1,intensity_enhanced,2024-10-29 19:30:00,478.4475618049328,522.348039264214,1.091756089828667,257.11341011790967,297.81504016921,1.1583022450390037,3232,22139.763218164444,712,12314.628808021545
665,S1,intensity_enhanced,2024-10-29 20:00:00,471.7346934362378,523.6916110903961,1.1101401240508506,253.86091103431812,302.4869295861548,1.1915459073778476,3252,22314.620262265205,718,12653.391865730286
666,S1,intensity_enhanced,2024-10-29 20:30:00,466.87512108319015,524.9570800295352,1.1244057700303,249.99654261060317,304.47564157595184,1.2179194095904142,3295,22537.359406471252,708,12884.552059173584
667,S1,intensity_enhanced,2024-10-29 21:00:00,462.51724893880794,521.7352782897883,1.1280342073443705,251.47926717299873,298.6722593585641,1.187661562386767,3306,22877.048931837082,695,13157.467279434204
668,S1,intensity_enhanced,2024-10-29 21:30:00,463.4970819394214,522.3724538462824,1.1270242558173318,252.14013311409983,299.0423135817354,1.1860163230992267,3304,22776.54180753231,695,13018.34125328064
669,S1,intensity_enhanced,2024-10-29 22:00:00,471.2675852694702,533.6200776105409,1.132308043858812,247.22019362976354,279.9711350910824,1.1324768053145589,3363,21807.30327475071,635,11742.199715614319
670,S1,intensity_enhanced,2024-10-29 22:30:00,456.0804076113863,547.591813965797,1.2006475279955104,242.58850408077166,272.7070445565609,1.1241548546989677,3647,22542.4390989542,636,11706.476276397705
671,S1,intensity_enhanced,2024-10-29 23:00:00,469.81571080804184,515.0397433217482,1.0962590894117268,257.63169969880306,284.2096227286434,1.1031624720906295,3506,23012.028188347816,706,13128.748552322388
672,S1,intensity_enhanced,2024-10-29 23:30:00,469.01939384586274,518.6624824190527,1.1058444261038456,251.06134516509175,283.18956670664414,1.1279696064737665,3625,23490.530538916588,686,13095.948791503906
673,S1,intensity_enhanced,2024-10-30 00:00:00,468.53675593077264,517.4899469517902,1.1044810047480018,250.64996594737062,282.913865996089,1.128720943275499,3621,23479.40672504902,684,13086.02048778534
674,S1,intensity_enhanced,2024-10-30 00:30:00,514.7890406339053,555.6332201883992,1.0793415871950143,230.8169620542848,252.89899045244704,1.0956690019729476,4506,23231.742902994156,563,11001.015542030334
675,S1,intensity_enhanced,2024-10-30 01:00:00,515.5664549879726,544.2793914974613,1.0556920184230323,238.6243540067096,251.1215924784581,1.0523720159401502,4434,23479.817303299904,576,11353.296199798584
676,S1,intensity_enhanced,2024-10-30 01:30:00,516.0350687724576,544.5872729215388,1.0553299685949638,238.36085471962684,251.0158275424623,1.0530916573433162,4437,23467.917711257935,575,11328.418087005615
677,S1,intensity_enhanced,2024-10-30 02:00:00,516.4936429503356,545.016186590769,1.0552234166475019,238.30761632546682,251.46961272819712,1.0552311193644492,4444,23489.416856646538,576,11348.676199913025
678,S1,intensity_enhanced,2024-10-30 02:30:00,514.8520864148799,544.0465184705142,1.05670450373218,238.3032624336818,248.2924190084275,1.041917833909322,4485,24037.780336141586,575,11778.479006767273
679,S1,intensity_enhanced,2024-10-30 03:00:00,514.1489291271488,537.6640266500224,1.045735965185794,241.78967788196107,249.58257217752083,1.032230053672362,4433,24093.218107700348,585,12022.128370285034
680,S1,intensity_enhanced,2024-10-30 03:30:00,514.3939603630299,538.1410031340413,1.0461650886302223,241.79181865078726,249.58409299272063,1.0322272043173903,4437,24119.05405664444,585,12024.066408157349
681,S1,intensity_enhanced,2024-10-30 04:00:00,514.4450798603277,538.2247581693117,1.0462239396194422,241.42217837124542,250.04603554289756,1.0357210643604988,4436,24123.24867606163,585,12021.494503974915
682,S1,intensity_enhanced,2024-10-30 04:30:00,515.9680138972457,545.6836046483545,1.0575919242099097,246.40771737372756,252.73634206268747,1.0256835490235894,4487,24388.04094016552,602,12099.200390815735
683,S1,intensity_enhanced,2024-10-30 05:00:00,515.855550371325,545.9542471719487,1.0583471415185064,246.43728701723785,253.0243607525492,1.0267292089400804,4489,24407.58683657646,603,12123.26104259491
684,S1,intensity_enhanced,2024-10-30 05:30:00,515.7655899235037,545.9592330862633,1.0585414067022902,246.42446578043229,253.71755801140316,1.0295956499606176,4489,24432.458889603615,605,12158.114832878113
685,S1,intensity_enhanced,2024-10-30 06:00:00,515.5604273340205,545.9371409149628,1.0589197928514806,246.18259523792804,253.58797164559581,1.0300808284213174,4487,24447.15556514263,604,12166.67633342743
686,S1,intensity_enhanced,2024-10-30 06:30:00,515.1505940085217,540.3363241762037,1.0488900342164107,258.3292120049841,261.8673996568226,1.0136964287715524,4411,24268.69498026371,644,12229.54928970337
687,S1,intensity_enhanced,2024-10-30 07:00:00,514.454000666507,543.0451729730322,1.0555757604557112,260.1914633612247,266.10382949861554,1.0227231364973017,4415,24685.94996535778,658,12492.942548751831
688,S1,intensity_enhanced,2024-10-30 07:30:00,514.5869735449911,543.1535520988599,1.055513606100583,259.9693878421929,266.333906638826,1.0244818009130194,4416,24708.935206770897,660,12534.281281471252
689,S1,intensity_enhanced,2024-10-30 08:00:00,515.7649597240145,546.9061007040006,1.0603785511071722,256.91459226141774,272.4319155688356,1.0603987619808979,4475,25192.008672952652,670,12895.505666732788
690,S1,intensity_enhanced,2024-10-30 08:30:00,513.7497032516413,542.4033919451493,1.055773635511906,263.57547545605985,279.5049941149449,1.0604362702232497,4399,25386.0738196373,701,13174.856217384338
691,S1,intensity_enhanced,2024-10-30 09:00:00,511.090435461579,550.9268945703401,1.0779440512769187,269.0730903232168,292.6885231947951,1.0877658663049872,4412,25226.01210474968,719,13043.652048110962
692,S1,intensity_enhanced,2024-10-30 09:30:00,501.57057794852807,548.7237139622338,1.0940109689180044,265.9158022900825,287.1979786397003,1.0800335149935931,4180,24392.392197728157,679,12363.41173362732
693,S1,intensity_enhanced,2024-10-30 10:00:00,510.04311421744643,557.3579453011865,1.0927663363445923,261.0733371433976,283.17290938417307,1.0846489054860315,4261,23820.589903116226,651,11632.739325523376
694,S1,intensity_enhanced,2024-10-30 10:30:00,515.6090118303417,567.3130818866942,1.1002776694550178,260.17841520954784,280.3292338580877,1.077450001501121,4321,23449.33837580681,648,11225.152480125427
695,S1,intensity_enhanced,2024-10-30 11:00:00,506.24685354589167,568.3798792110114,1.1227326653586522,258.432432434192,275.80955150992844,1.0672404733107959,4204,23022.372801423073,629,10924.03994846344
696,S1,intensity_enhanced,2024-10-30 11:30:00,505.6815883868122,535.2024449683955,1.0583783496562678,274.6055174195374,296.49563243732064,1.0797147676546455,3836,24563.26912367344,735,13413.980595588684
697,S1,intensity_enhanced,2024-10-30 12:00:00,512.756474672094,775.8790863924721,1.513153172543833,269.4481464752204,286.2898705946031,1.0625045090853145,3723,23692.85284638405,710,12609.418384552002
698,S1,intensity_enhanced,2024-10-30 12:30:00,504.5327987916512,555.1291858614678,1.100283642988113,268.8971040813515,280.91722537234625,1.044701564682367,4010,24117.077734947205,688,12320.901258468628
699,S1,intensity_enhanced,2024-10-30 13:00:00,500.85469008862697,548.2284732672622,1.0945858831236086,260.40044767770036,273.77285407431003,1.0513532388898184,4028,24487.5137424469,651,12698.773267745972
700,S1,intensity_enhanced,2024-10-30 13:30:00,496.2575700239975,537.64383484688,1.083396742584461,261.6832945161539,273.71368533294833,1.0459730944577001,3982,24965.416521668434,660,13237.332580566406
701,S1,intensity_enhanced,2024-10-30 14:00:00,498.9302652461587,537.128224829531,1.0765597163453802,261.65769042613294,274.50733840023474,1.0491086195600592,3986,24839.44261944294,651,13053.043355941772
702,S1,intensity_enhanced,2024-10-30 14:30:00,495.93218218855634,531.3759780751295,1.071469037823192,262.1623570858737,273.122172919412,1.0418054519930458,3904,24943.511949539185,656,13404.189927101135
703,S1,intensity_enhanced,2024-10-30 15:00:00,488.31901034268543,537.3274946034921,1.1003616144831494,266.86305225440657,275.75254160664826,1.0333110532804897,3910,24706.28603029251,663,13197.369675636292
704,S1,intensity_enhanced,2024-10-30 15:30:00,486.16975323983115,534.3528188254883,1.0991074933489062,276.2338238436168,287.73060992149846,1.0416197622648458,3467,23323.40748310089,713,12966.239395141602
705,S1,intensity_enhanced,2024-10-30 16:00:00,475.2790439776189,518.2881271879716,1.0904922776531607,278.34856565501826,284.2357887588741,1.0211505422706268,3396,24281.591428518295,727,14260.055331230164
706,S1,intensity_enhanced,2024-10-30 16:30:00,475.09675113583836,517.896601994697,1.090086599743176,278.9136071686446,284.2302128069535,1.0190618367181101,3393,24290.02490580082,729,14293.26778125763
707,S1,intensity_enhanced,2024-10-30 17:00:00,465.0661962648507,505.7907119140412,1.0875671377026876,280.07785211360226,281.20436119711064,1.0040221284011077,3331,24767.731562137604,739,14928.304430961609
708,S1,intensity_enhanced,2024-10-30 17:30:00,465.3373663054446,511.52465276226803,1.0992554860219526,279.7265592376869,281.65254171356116,1.0068852327827644,3351,24624.1129925251,734,14664.124167442322
709,S1,intensity_enhanced,2024-10-30 18:00:00,465.1136325912686,511.1734802607503,1.0990292359586822,279.7550943884374,281.75096408227904,1.0071343461973543,3346,24606.03931260109,734,14660.218878746033
710,S1,intensity_enhanced,2024-10-30 18:30:00,513.050672874041,551.8872315323673,1.0756973155122633,241.29064613929586,295.67914250086824,1.2254065676883843,3739,22698.2579151392,653,11982.622860908508
711,S1,intensity_enhanced,2024-10-30 19:00:00,487.98991712955984,544.6892826995104,1.11618962519444,241.03730249561275,294.11394097676714,1.2202009312733628,3735,22996.53546023369,657,12364.955023765564
712,S1,intensity_enhanced,2024-10-30 19:30:00,456.3030764558925,542.4417547031381,1.1887751424256963,245.42282035252313,302.9545869344248,1.2344189774172685,3736,23410.14730012417,680,12785.815868377686
713,S1,intensity_enhanced,2024-10-30 20:00:00,456.11567719947504,542.4667424940951,1.1893183453478504,245.14559444576844,302.7823013723975,1.2351121465467672,3734,23397.498036384583,679,12773.812692642212
714,S1,intensity_enhanced,2024-10-30 20:30:00,456.20637407308095,538.3647102764702,1.180090285608826,254.2134457701684,316.61905418009394,1.2454850813294296,3735,24266.045628666878,724,13728.952214241028
715,S1,intensity_enhanced,2024-10-30 21:00:00,453.6438635065196,544.2336896555928,1.199693710058904,250.044563335722,321.0137322219338,1.2838260825968206,3732,24667.571370482445,731,14099.812497138977
716,S1,intensity_enhanced,2024-10-30 21:30:00,448.88069850358,584.1432353634133,1.3013329316915443,263.67499022778975,334.3882982461626,1.268183599655326,3712,24886.831862568855,790,14214.673599243164
717,S1,intensity_enhanced,2024-10-30 22:00:00,448.868035940321,584.164517177445,1.3014170544661168,263.9391842613814,334.5701196735797,1.2676030677667418,3714,24925.10979926586,791,14249.36061000824
718,S1,intensity_enhanced,2024-10-30 22:30:00,448.86182306270865,584.4357611729827,1.3020393607663359,264.0699606098123,335.02985271422546,1.268716259662952,3714,24933.66551220417,793,14269.924661636353
719,S1,intensity_enhanced,2024-10-30 23:00:00,448.97276296543606,584.6526296099394,1.302200663016494,263.50905439961883,335.25581060938407,1.2722743488766726,3712,24920.919464468956,792,14246.030670166016
720,S1,intensity_enhanced,2024-10-30 23:30:00,446.76186381793707,548.9301496294353,1.2286862288074172,247.6121181423559,332.25345199238404,1.3418303372428857,3500,24451.75979578495,742,14111.797760009766
721,S1,intensity_enhanced,2024-10-31 00:00:00,446.8900032310905,548.0136997147431,1.2262831921781867,247.60726387231796,332.2250448425853,1.341741916803783,3503,24466.285589814186,742,14112.5759267807
722,S1,intensity_enhanced,2024-10-31 00:30:00,455.94410840380425,527.8895531899326,1.157794438967526,255.63800236035607,328.1162881723995,1.283519215229488,3626,24210.283840417862,731,13810.587639808655
723,S1,intensity_enhanced,2024-10-31 01:00:00,472.2164084490397,523.9827572957292,1.1096242060217925,257.61346075480856,327.44056424223163,1.2710537845453729,3656,24464.023549199104,727,14027.277383804321
724,S1,intensity_enhanced,2024-10-31 01:30:00,478.0198890388829,521.3925629999519,1.0907340362934979,260.4832078024732,323.40865791414535,1.241572002443197,3637,24624.100664258003,720,14214.155046463013
725,S1,intensity_enhanced,2024-10-31 02:00:00,452.6782956946381,528.0038473124666,1.1663997420115753,262.45975336383555,316.32362848026463,1.2052271802669834,3547,23389.27488553524,700,12947.471040725708
726,S1,intensity_enhanced,2024-10-31 02:30:00,452.8013875536036,536.3996328725736,1.1846245343253774,258.0401456078515,309.7411686522509,1.2003603854842384,3559,22846.034348487854,684,12237.830955505371
727,S1,intensity_enhanced,2024-10-31 03:00:00,452.7716715565559,532.5746551967258,1.1762543653975057,250.44352401582069,311.35656399250877,1.2432206630858578,3599,23312.99165070057,675,12623.976008415222
728,S1,intensity_enhanced,2024-10-31 03:30:00,514.4711317291734,718.305468960275,1.3962017004647058,222.3330152955595,239.9130262901746,1.0790706273256085,3583,20030.369101166725,429,8340.383668899536
729,S1,intensity_enhanced,2024-10-31 04:00:00,516.2484769544395,727.2386145095952,1.4086988087594392,223.79121844455557,229.00048694238617,1.0232773588438198,3533,19501.785484313965,396,7673.286431312561
730,S1,intensity_enhanced,2024-10-31 04:30:00,519.6786989344176,718.9082982948221,1.3833707245821623,212.68770376306034,231.29644585388286,1.087493267178022,3541,18696.045115590096,378,7172.725860595703
731,S1,intensity_enhanced,2024-10-31 05:00:00,514.6031186193958,692.320486364451,1.3453484079572686,201.16596062634991,233.63534009513114,1.161405932532937,3517,17830.831360936165,362,6486.895728111267
732,S1,intensity_enhanced,2024-10-31 05:30:00,519.2237602533603,715.5772844000219,1.3781674475968657,187.31386057517128,223.86497048229023,1.1951329698447455,3547,17989.615955233574,351,6417.719917297363
733,S1,intensity_enhanced,2024-10-31 06:00:00,401.47602363086145,578.3332723657494,1.4405175859206438,207.97025391855226,224.9113549208859,1.081459250460728,3475,20641.862651228905,460,9452.11730670929
734,S1,intensity_enhanced,2024-10-31 06:30:00,411.56161971459017,613.8416358770336,1.4914938771567647,203.35530875024332,222.4444779421237,1.0938710147730848,3841,19482.049839615822,418,8188.200395584106
735,S1,intensity_enhanced,2024-10-31 07:00:00,413.5473289195237,624.0054025102147,1.5089092804457325,205.11206296748307,217.4425159225339,1.0601156888417846,3833,19358.23456978798,421,7880.807943344116
736,S1,intensity_enhanced,2024-10-31 07:30:00,410.5413000524007,619.8307415077884,1.509789006437776,200.92290355931902,212.10536488454036,1.0556554834074396,3740,18761.46184206009,407,7442.569101333618
737,S1,intensity_enhanced,2024-10-31 08:00:00,408.7824301725698,612.1609660726091,1.4975226939528208,197.4220794570623,216.21708342918552,1.0952021375917576,3664,18454.935652017593,404,7357.215421676636
738,S1,intensity_enhanced,2024-10-31 08:30:00,408.25946638081166,611.0754038426587,1.4967819589335993,197.34781440858336,218.78813209905923,1.1086422859798453,3655,18399.144087195396,404,7346.052272796631
739,S1,intensity_enhanced,2024-10-31 09:00:00,409.718071621963,613.6973079860127,1.4978526711222415,197.30788718118555,222.41182862508407,1.1272323260997912,3670,18044.930141091347,398,7113.843216896057
740,S1,intensity_enhanced,2024-10-31 09:30:00,447.24940934832506,601.0769914015291,1.3439413867026468,186.1971262229615,190.07004935192822,1.020800123006883,3696,18236.004254698753,356,7179.179869651794
741,S1,intensity_enhanced,2024-10-31 10:00:00,451.278437933237,617.7095558257533,1.3687991800688184,178.55466487413491,185.6231471691648,1.0395872171696634,3638,17275.870123386383,328,6609.437538146973
742,S1,intensity_enhanced,2024-10-31 10:30:00,569.8140027298534,738.1026136143854,1.2953395495342286,217.0891907838445,313.2124381536959,1.4427822823549048,3309,18390.701055288315,448,7254.902321815491
743,S1,intensity_enhanced,2024-10-31 11:00:00,546.9614793397157,739.5062705099331,1.352026236660493,207.58664792365784,302.0319534977029,1.454968113405718,3338,17985.35098004341,401,6768.940525054932
744,S1,intensity_enhanced,2024-10-31 11:30:00,541.7212509142375,732.4980256897907,1.3521677882371916,217.3701550001131,285.94571307005145,1.315478259054935,3336,18255.5283588171,400,7168.798710823059
745,S1,intensity_enhanced,2024-10-31 12:00:00,535.9814086798234,726.4641208423983,1.3553905211595898,215.38736857443973,275.74969305510217,1.280250067031203,3330,18571.62976026535,395,7522.26566028595
746,S1,intensity_enhanced,2024-10-31 12:30:00,483.05211911902376,641.7054657756219,1.3284393968624837,196.58078237660655,274.66840972471783,1.397229202183715,3791,20476.834832429886,438,7856.2630252838135
747,S1,intensity_enhanced,2024-10-31 13:00:00,443.3678917950903,604.225883257104,1.3628092932276554,192.2433500396335,292.0831394328544,1.5193406657376503,3435,19129.574003458023,408,7454.946444511414
748,S1,intensity_enhanced,2024-10-31 13:30:00,450.22610758345155,613.6991885685901,1.3630910740884492,186.0550214708891,273.1948943196294,1.4683553937960931,3372,17146.66845846176,354,5748.70378780365
749,S1,intensity_enhanced,2024-10-31 14:00:00,447.0681488673633,611.6164552716328,1.368060902618868,169.8971679407678,252.91172341932278,1.4886164759820797,3324,16968.558954954147,329,5716.611642837524
750,S1,intensity_enhanced,2024-10-31 14:30:00,448.6007291939009,609.2046559174997,1.358010846331413,170.93567740173685,266.928321253268,1.561571728679704,3289,16630.091034173965,327,5712.263385772705
751,S1,intensity_enhanced,2024-10-31 15:00:00,469.8129296294867,609.679277191784,1.2977064672796472,177.64092303636318,286.09073906116714,1.6105001830158394,3374,16611.59623849392,322,5178.651895523071
752,S1,intensity_enhanced,2024-10-31 15:30:00,473.2073428978185,613.0565644541421,1.2955347664301153,174.88194932601357,288.2019303183949,1.6479798597231408,3412,16737.452036380768,319,5103.770359992981
753,S1,intensity_enhanced,2024-10-31 16:00:00,474.85169652100086,611.3556661165862,1.2874665302781476,181.78515604398925,356.0598526935981,1.9586849687959949,3358,15675.729838728905,321,4536.952865600586
754,S1,intensity_enhanced,2024-10-31 16:30:00,463.60602322981566,610.6432889646551,1.3171599555814004,189.5799432651352,344.6493466999823,1.8179631281879565,3287,15077.076109528542,302,4225.147439956665
755,S1,intensity_enhanced,2024-10-31 17:00:00,469.85419253087275,600.7004232502729,1.2784826288653397,187.71169333160626,346.09871934015086,1.8437781536003761,3174,14247.333662748337,287,3905.3702878952026
756,S1,intensity_enhanced,2024-10-31 17:30:00,474.86462134897,582.071251001216,1.2257625117400783,176.92415119918732,331.24114260906737,1.8722211770632873,3043,14139.552916884422,297,4142.002420425415
757,S1,intensity_enhanced,2024-10-31 18:00:00,473.4967953325593,588.4343054020646,1.2427418964657997,146.01267906749223,361.60906020334664,2.4765593132922086,3013,13598.867785692215,251,3310.8058366775513
758,S1,intensity_enhanced,2024-10-31 18:30:00,677.8182881375188,1142.2716660736126,1.6852181271359583,174.73115179859005,266.3167706585884,1.5241516347672577,3629,18162.608573555946,417,7093.833240509033
759,S1,intensity_enhanced,2024-10-31 19:00:00,694.3929873580782,1156.5150672892353,1.6655051078343515,180.48589035527556,266.68178450214833,1.4775769118416953,3628,18056.88604736328,423,7008.740796089172
760,S1,intensity_enhanced,2024-10-31 19:30:00,695.2737003126956,1160.9860841384832,1.6698259744562958,180.8744761334811,266.50775052507146,1.4734403450511921,3633,18042.365341305733,423,6989.080034255981
761,S1,intensity_enhanced,2024-10-31 20:00:00,696.1270331568251,1163.0681725263844,1.670770013415589,180.34336302167281,265.3761774385901,1.4715050944608201,3627,18011.712836503983,419,6926.3381605148315
762,S1,intensity_enhanced,2024-10-31 20:30:00,697.9342976432331,1168.0748006746328,1.6736171364825552,184.683972656536,258.29913258769477,1.3986006954055636,3679,18016.09499013424,414,6701.742861747742
763,S1,intensity_enhanced,2024-10-31 21:00:00,685.07500648302,1117.8646955131694,1.6317405903507802,230.7813005882325,313.2942925343659,1.3575375983054816,3643,17838.89624452591,404,6654.062891960144
764,S1,intensity_enhanced,2024-10-31 21:30:00,689.7514822986483,1134.2898365270428,1.6444906109472002,232.24065469155775,320.2070605375775,1.37877263979835,3652,18206.71620452404,437,7094.927597999573
765,S1,intensity_enhanced,2024-10-31 22:00:00,694.5156109484703,1035.7987554033923,1.4913973697277223,197.58873473480466,268.82455026032966,1.3605256930317073,3699,18730.553545594215,448,7180.495050430298
766,S1,intensity_enhanced,2024-10-31 22:30:00,696.2042009607663,1039.8580952213651,1.4936107736585797,226.20818263251334,312.5039277320226,1.3814881676482043,3717,18745.479441523552,432,6996.090884208679
767,S1,intensity_enhanced,2024-10-31 23:00:00,700.9742522328789,922.276855765498,1.3157071787268673,245.482119450396,457.5299795747786,1.8638016512124371,3658,18916.000950694084,466,7495.420578956604
768,S1,intensity_enhanced,2024-10-31 23:30:00,702.8512962646057,843.8324688543775,1.200584637659535,240.20594573896383,531.7279529032725,2.213633602063742,3649,18313.48503804207,412,6562.356755256653
769,S1,intensity_enhanced,2024-11-01 00:00:00,569.1231351891071,905.9313723170102,1.591802048279038,220.94706172463881,317.19801802224083,1.4356290395821416,3586,14356.663624286652,303,3981.901204109192
770,S1,intensity_enhanced,2024-11-01 00:30:00,641.8435362028831,1137.9860930518173,1.7729961102110476,244.8106826327992,1265.5550625084404,5.169525483521032,3710,15768.064032196999,300,4163.962174415588
771,S1,intensity_enhanced,2024-11-01 01:00:00,627.4533007318499,1026.8164150371672,1.6364826096850646,231.03512620242708,674.9272735222448,2.9213188687632194,3738,16099.61665546894,308,4233.959840774536
772,S1,intensity_enhanced,2024-11-01 01:30:00,617.8775757865053,1031.4471063834544,1.6693389545178245,230.87835199135927,875.0546784567264,3.7901114197552483,3720,16398.647313594818,319,4509.411876678467
773,S1,intensity_enhanced,2024-11-01 02:00:00,621.130698302465,932.3994875346671,1.5011325153995616,225.82037783870484,290.9052635002701,1.2882152898887262,3687,16217.416451215744,313,4444.942886352539
774,S1,intensity_enhanced,2024-11-01 02:30:00,613.7302862862917,950.7421839498967,1.5491205260585668,232.43659981913666,488.90344233253103,2.103384074250587,3695,15762.230682015419,302,3892.866039276123
775,S1,intensity_enhanced,2024-11-01 03:00:00,614.3707743825496,951.2531197654239,1.5483371921808027,233.3957412404714,488.9187833867105,2.09480593256827,3694,15776.256112933159,302,3889.7389278411865
776,S1,intensity_enhanced,2024-11-01 03:30:00,651.2694535864172,888.4341760653791,1.364157602007801,365.4051680337383,527.9180115749667,1.4447469761189091,3550,13753.441499233246,254,2765.8724422454834
777,S1,intensity_enhanced,2024-11-01 04:00:00,695.7539597765184,994.1875943872316,1.4289355891076365,528.5839068291854,677.2316774956151,1.2812188731929457,3558,13466.219163179398,236,2567.3581409454346
778,S1,intensity_enhanced,2024-11-01 04:30:00,764.1040066434546,945.9976550312381,1.2380482850584729,427.63650869240485,689.0809371324777,1.6113706924591087,3558,13417.649358510971,243,2560.3149967193604
779,S1,intensity_enhanced,2024-11-01 05:00:00,764.1121131565072,945.6126149516467,1.237531245310808,425.7729867045798,691.4532758611692,1.6239951745480945,3554,13396.499212622643,242,2547.7791357040405
780,S1,intensity_enhanced,2024-11-01 05:30:00,1195.0427043423479,1273.2325346413725,1.0654284821913982,1343.5972327945105,1899.5245635605902,1.4137604017014984,3615,13600.270109295845,241,2842.734763145447
781,S1,intensity_enhanced,2024-11-01 06:00:00,1193.070908105927,1406.7264554863095,1.17908034294422,1303.5579957912157,2062.690669908462,1.5823543536752862,3572,13472.417849421501,228,2882.9562978744507
782,S1,intensity_enhanced,2024-11-01 06:30:00,1437.784721324709,1694.2419507371421,1.178369700003589,1808.9200905878295,2239.7871876144545,1.2381902325417862,3743,14714.96088540554,242,3317.56697845459
783,S1,intensity_enhanced,2024-11-01 07:00:00,1438.580361993091,1694.9296038998432,1.178195983122966,1810.8806519614277,2240.4011507556975,1.2371887392628775,3750,14719.307247161865,242,3315.568160057068
784,S1,intensity_enhanced,2024-11-01 07:30:00,1414.2638622212194,1676.3678077358384,1.1853288855892576,1794.1478343472272,2144.9983601892714,1.1955527404851198,3764,15093.95367026329,272,3686.270881652832
785,S1,intensity_enhanced,2024-11-01 08:00:00,1397.3976446984234,1832.554789504675,1.311405380177353,1701.7515476369172,2547.1403126029563,1.4967756698326262,3782,14945.582648992538,230,3178.3147230148315
786,S1,intensity_enhanced,2024-11-01 08:30:00,1397.5960990225399,1833.7338660807975,1.3120628108244474,1703.1175499178378,2547.4176964406643,1.495738034384976,3779,14937.648871660233,230,3176.7604780197144
787,S1,intensity_enhanced,2024-11-01 09:00:00,1417.9844948637294,1743.7688487099724,1.2297517039335117,1868.88567327885,2266.470796573154,1.2127391359348179,3823,15152.69850230217,238,3311.6666469573975
788,S1,intensity_enhanced,2024-11-01 09:30:00,1418.2907320175618,1745.3332730961718,1.230589211150933,1868.9162387779577,2266.3775675848015,1.2126694180081252,3821,15134.838554024696,238,3310.40704536438
789,S1,intensity_enhanced,2024-11-01 10:00:00,1401.9680910132329,1732.19111601078,1.2355424685585294,1859.232020488526,2188.8369159670606,1.1772801306379865,3830,15355.93128824234,260,3576.1414642333984
790,S1,intensity_enhanced,2024-11-01 10:30:00,1138.963107128772,2021.202452947903,1.7745987032391057,895.2767186969543,2716.115536425296,3.0338279547562785,3906,16111.374244093895,251,3480.3537197113037
791,S1,intensity_enhanced,2024-11-01 11:00:00,1186.6701263856266,2222.759731517513,1.8731066722709353,1172.1423613141294,2720.821738619772,2.3212382970011958,3961,16308.368353009224,251,3549.7360582351685
792,S1,intensity_enhanced,2024-11-01 11:30:00,485.92775873924535,927.4399433316408,1.908596343081759,203.46818216159917,320.9185029137517,1.5772417068083362,3794,16255.611722707748,317,4344.027862548828
793,S1,intensity_enhanced,2024-11-01 12:00:00,478.78838228795945,902.6754037179321,1.88533272132537,203.85811022107058,299.1056871508398,1.4672248596167112,3801,16791.76963365078,334,4813.279595375061
794,S1,intensity_enhanced,2024-11-01 12:30:00,479.56354626693474,771.1895921094504,1.6081072010427353,173.42340035758292,256.2008440932128,1.4773141546351245,3589,17516.745841741562,373,5442.990592002869
795,S1,intensity_enhanced,2024-11-01 13:00:00,479.72381277051045,770.0136681528528,1.6051187113390368,173.63185106900704,255.38360858350882,1.4708338764528257,3583,17450.30864560604,372,5421.185078620911
796,S1,intensity_enhanced,2024-11-01 13:30:00,548.5990051472927,705.8427971264292,1.28662792040047,207.69009306307407,215.79498828476167,1.0390239856998147,3612,18564.234902858734,418,7083.578681945801
797,S1,intensity_enhanced,2024-11-01 14:00:00,546.2432224849812,705.8566306416863,1.292202084321682,207.52201263700476,215.689151013261,1.0393555279870048,3601,18468.46273601055,417,7046.4056606292725
798,S1,intensity_enhanced,2024-11-01 14:30:00,544.3096126116683,705.5816046596042,1.2962872385702149,207.25335562187885,215.48867314562253,1.0397355087401696,3589,18386.231283187866,416,7013.334423065186
799,S1,intensity_enhanced,2024-11-01 15:00:00,544.25495107273,715.8944081861634,1.3153659085234404,203.2498086509426,218.1935368091207,1.0735239469958917,3575,18176.182505488396,407,6806.330930709839
800,S1,intensity_enhanced,2024-11-01 15:30:00,533.5426456097223,782.8234326293161,1.4672181109997666,196.57604560890272,221.40304155322775,1.126297158269825,3494,17139.491378188133,390,6228.941474914551
801,S1,intensity_enhanced,2024-11-01 16:00:00,527.9161576020143,789.4467316722379,1.4954017229898555,176.1860732135315,244.07091617065154,1.3853019805648574,3510,17048.872535586357,386,6081.246788978577
802,S1,intensity_enhanced,2024-11-01 16:30:00,521.6567689939545,789.3434757184729,1.513147193011156,177.17509064671358,244.4410005094014,1.3796578267134312,3496,17022.812408447266,384,6071.832955360413
803,S1,intensity_enhanced,2024-11-01 17:00:00,433.4020299413425,847.1381425879222,1.9546243073724725,166.26744497032718,233.7679139635171,1.4059752587479464,3253,15116.141308307648,343,5209.304232597351
804,S1,intensity_enhanced,2024-11-01 17:30:00,432.3262951361072,848.1270316450841,1.9617752637000032,165.79706574142682,233.99861734995412,1.4113556009181214,3260,15093.49290895462,342,5182.1016092300415
805,S1,intensity_enhanced,2024-11-01 18:00:00,427.9976473795115,853.8458156803595,1.9949778250141652,167.25252174428823,231.7590945306515,1.3856837081654636,3259,15002.303087949753,339,5081.17170715332
806,S1,intensity_enhanced,2024-11-01 18:30:00,541.4651624883518,697.2775545484535,1.2877606960788586,218.37601609578138,249.6499559589841,1.1432114223087786,3605,19311.114681482315,493,8245.520009994507
807,S1,intensity_enhanced,2024-11-01 19:00:00,542.375391969657,695.5458566216982,1.2824067369572125,218.39673681289906,249.58138907581403,1.1427890027937084,3600,19286.067729711533,493,8247.67436504364
808,S1,intensity_enhanced,2024-11-01 19:30:00,543.6624115078455,695.8334085776518,1.2798997941530652,218.36906819169386,249.71936212977084,1.1435656349943994,3593,19212.014168024063,493,8206.843253135681
809,S1,intensity_enhanced,2024-11-01 20:00:00,545.2613791308771,682.970166408647,1.252555549592143,224.7470295564979,248.96678257746348,1.1077645078057685,3580,19305.02417552471,509,8449.553911209106
810,S1,intensity_enhanced,2024-11-01 20:30:00,543.025890890321,679.9525213021531,1.2521548837889331,225.72689239031146,247.31884916250698,1.0956552254077865,3573,19283.10426223278,508,8422.94472694397
811,S1,intensity_enhanced,2024-11-01 21:00:00,540.7891854690141,677.2525396811427,1.2523411301092786,223.12573600534932,242.5214890128917,1.0869274578306658,3542,18925.907786011696,485,7947.419034004211
812,S1,intensity_enhanced,2024-11-01 21:30:00,696.4059732582507,1060.3995849382984,1.5226744537773589,491.69013376145426,898.3215930972391,1.8270075631272724,4059,15070.898443102837,254,2816.2428760528564
813,S1,intensity_enhanced,2024-11-01 22:00:00,696.210276106622,1061.499379904699,1.5246821489634732,484.75354119977976,896.676667942703,1.849757849573206,4040,15033.930768013,253,2805.5753135681152
814,S1,intensity_enhanced,2024-11-01 22:30:00,608.7447120009548,1008.6025975696903,1.6568564419301381,175.41687831724417,1016.5464658916794,5.79503224343802,3772,15187.733661293983,212,2301.7617292404175
815,S1,intensity_enhanced,2024-11-01 23:00:00,610.2597053518019,1010.2152944868202,1.6553858719943677,174.3501062138658,1034.0538151402288,5.930904417527599,3774,15179.021957159042,212,2300.683671951294
816,S1,intensity_enhanced,2024-11-01 23:30:00,611.2256557334372,1011.0876816452867,1.6541970582567176,173.26835873567612,1053.5583554166901,6.080500577857412,3771,15168.712836146355,211,2290.1540956497192
817,S1,intensity_enhanced,2024-11-02 00:00:00,613.5060055046735,1012.1437193183217,1.649769864087516,173.0657907112288,1053.727868191552,6.0885970812669585,3769,15158.544895887375,211,2289.191997528076
818,S1,intensity_enhanced,2024-11-02 00:30:00,532.3465468114529,895.2003832195571,1.6816120787886288,133.13243962196591,574.501868675425,4.315265838339163,3972,17402.488009810448,250,3136.103883743286
819,S1,intensity_enhanced,2024-11-02 01:00:00,532.5524206673464,895.6231236880808,1.6817558026790405,134.76377243483125,577.1067918038791,4.282358540259406,3973,17403.98161959648,250,3131.4483213424683
820,S1,intensity_enhanced,2024-11-02 01:30:00,532.6352374256544,895.632500447743,1.6815119194451613,135.2541271274933,579.717317847116,4.286134036417671,3971,17393.088899374008,250,3127.359330177307
821,S1,intensity_enhanced,2024-11-02 02:00:00,532.6161356813991,896.0723147076649,1.6823979873634107,135.27835460041229,580.1682016108457,4.288699425156028,3971,17382.640936374664,250,3122.6605520248413
822,S1,intensity_enhanced,2024-11-02 02:30:00,532.3834919485502,896.3342844940007,1.6836252401692073,135.30455710957042,580.6158894428879,4.291177635448727,3969,17364.79666721821,250,3117.7042140960693
823,S1,intensity_enhanced,2024-11-02 03:00:00,532.3246392424358,896.4195785311057,1.683971607639317,135.1518909455584,599.1075851989997,4.432846488550624,3968,17350.16071009636,250,3112.821934700012
824,S1,intensity_enhanced,2024-11-02 03:30:00,532.5488747547475,896.6709904098752,1.683734644679915,135.17521712688932,599.5983662423037,4.435712248048063,3971,17355.57908785343,250,3109.7381410598755
825,S1,intensity_enhanced,2024-11-02 04:00:00,532.8801837913296,896.9402775831754,1.683193154606789,137.14012279092034,601.4328361526848,4.385535202339046,3972,17347.636706113815,250,3104.917939186096
826,S1,intensity_enhanced,2024-11-02 04:30:00,533.5489502593421,897.5211709446548,1.6821721240542131,137.1708227683865,601.946111201058,4.388295550413385,3974,17345.833481311798,250,3100.0150604248047
827,S1,intensity_enhanced,2024-11-02 05:00:00,534.0099277381465,897.9193403591108,1.6814656314768117,137.20247093193615,602.4726724447598,4.391121153668085,3975,17343.45390832424,250,3094.9581232070923
828,S1,intensity_enhanced,2024-11-02 05:30:00,596.9602351891918,890.2637397571942,1.4913283788074185,377.92653027117774,594.4335109878107,1.5728811379324936,4032,15815.574583530426,281,2985.218807220459
829,S1,intensity_enhanced,2024-11-02 06:00:00,597.4530136040308,891.1410241358702,1.491566707079133,372.9965062090268,600.2080086403988,1.609151824880744,4028,15811.147567510605,281,2987.576063156128
830,S1,intensity_enhanced,2024-11-02 06:30:00,746.5148618120654,855.7585963503095,1.1463383250978665,225.06605057010165,762.1835643717745,3.38648837726138,3548,11872.926825284958,166,1718.4677295684814
831,S1,intensity_enhanced,2024-11-02 07:00:00,747.077561269573,858.0089718226096,1.148487140163225,225.07179645207856,762.2523967954248,3.386707747532985,3548,11866.518526434898,166,1718.1746244430542
832,S1,intensity_enhanced,2024-11-02 07:30:00,747.6147722927241,859.2864369728758,1.1493705967549102,222.22914266433543,763.7582740431268,3.4368052042424386,3549,11851.664254665375,165,1707.8222007751465
833,S1,intensity_enhanced,2024-11-02 08:00:00,748.0065940231428,861.1962544738163,1.1513217414861054,222.2359449312415,763.8364469864391,3.4370517659632522,3548,11833.140262842178,165,1707.4813299179077
834,S1,intensity_enhanced,2024-11-02 08:30:00,746.5983288846298,977.071199547757,1.3086972763620266,248.27546192631718,782.5128200861301,3.1517928272684474,3625,11424.460297226906,157,1597.2973184585571
835,S1,intensity_enhanced,2024-11-02 09:00:00,747.4508485101305,979.6422210970259,1.3106443360787048,253.0252301257322,786.3874076005523,3.1079406872183495,3629,11421.192288160324,157,1597.117600440979
836,S1,intensity_enhanced,2024-11-02 09:30:00,747.896314303909,981.5176073689374,1.3123712319433822,252.37854716171307,787.3575602231734,3.1197483664040044,3624,11400.728749275208,156,1586.8986949920654
837,S1,intensity_enhanced,2024-11-02 10:00:00,748.2512469651236,983.4967742656296,1.3143937658034661,252.72676072734885,788.9440832775341,3.121727517129354,3622,11389.03134381771,156,1586.7007188796997
838,S1,intensity_enhanced,2024-11-02 10:30:00,777.8726164026364,1014.5668824580677,1.3042840962188005,654.9407013875427,904.9130741459292,1.3816717639151135,3654,11281.892649292946,147,1483.5378408432007
839,S1,intensity_enhanced,2024-11-02 11:00:00,816.3905996365327,1037.164992107819,1.2704274064027397,782.8013607270249,983.603071278456,1.256516813364933,3703,11336.806280255318,137,1380.3806257247925
840,S1,intensity_enhanced,2024-11-02 11:30:00,804.5842118663293,1080.8850384005518,1.3434082131605694,748.4772864582199,972.3327588592947,1.299081183158347,3620,10862.161531448364,134,1350.399052619934
841,S1,intensity_enhanced,2024-11-02 12:00:00,792.1592144785457,1112.4587474269526,1.404337318930575,715.3279239405318,962.2211037600819,1.3451468502158932,3603,10571.784747600555,134,1349.2284698486328
842,S2,near_coast_westward_path_shift,2024-10-24 18:00:00,471.56378639788176,762.9200419356615,1.6178512089814003,153.0058025092187,329.21482488322675,2.1516492805126735,3408,13779.847734808922,254,3905.1050481796265
843,S2,near_coast_westward_path_shift,2024-10-24 18:30:00,470.81194083114775,777.3360452972255,1.6510542275647337,156.99842750633152,308.06121722140665,1.962193011194211,3480,14603.267241239548,266,4304.757989883423
844,S2,near_coast_westward_path_shift,2024-10-24 19:00:00,503.9712798545462,794.2455033205393,1.575973741102408,145.48803794632406,325.2864306656916,2.235829386782298,3481,14300.441170096397,253,3985.030993461609
845,S2,near_coast_westward_path_shift,2024-10-24 19:30:00,504.444674277505,770.4609694013947,1.527344838172575,143.66707212145366,238.9440458664018,1.6631789201105247,3449,14512.127470850945,242,4072.877300262451
846,S2,near_coast_westward_path_shift,2024-10-24 20:00:00,500.2959423242379,760.0535863531491,1.519207976826969,147.3191153182238,201.85776225442174,1.3702075376870662,3429,15010.581795930862,254,4411.090977668762
847,S2,near_coast_westward_path_shift,2024-10-24 20:30:00,486.38429475000413,780.6061989638911,1.6049165390200602,156.9983187495568,252.36271254613519,1.6074230256484576,3444,14741.202181816101,274,4209.587246894836
848,S2,near_coast_westward_path_shift,2024-10-24 21:00:00,465.2511429853051,801.1094273867764,1.7218859952635894,154.3092763939813,317.7575419623554,2.05922514438508,3389,14456.224446892738,274,4115.196210861206
849,S2,near_coast_westward_path_shift,2024-10-24 21:30:00,500.27731740710294,688.9880758247706,1.3772123017604294,170.67672647928748,210.4516003805499,1.2330421652778072,3438,15314.985797047615,301,4722.326017379761
850,S2,near_coast_westward_path_shift,2024-10-24 22:00:00,501.07721405619634,686.692929925161,1.3704333596940337,169.7322398077732,211.61138680973903,1.2467365483976054,3441,15353.428864002228,301,4737.964068412781
851,S2,near_coast_westward_path_shift,2024-10-24 22:30:00,504.18401894897414,685.1717050546642,1.3589714852187837,168.59213692175828,208.9792608265027,1.2395552048995404,3446,15307.471527218819,293,4685.894626617432
852,S2,near_coast_westward_path_shift,2024-10-24 23:00:00,507.0929817343969,676.6822493491304,1.3344342629919475,168.04109112987797,202.46333031664588,1.2048441780240642,3453,15382.332132339478,294,4734.916907310486
853,S2,near_coast_westward_path_shift,2024-10-24 23:30:00,524.1782266761168,703.6329720850719,1.342354444111309,165.2256598026656,193.93015749661618,1.1737290547257135,3494,15683.584711790085,289,4806.812761306763
854,S2,near_coast_westward_path_shift,2024-10-25 00:00:00,537.3148098965319,707.1705514238716,1.3161195976713294,161.3534836140494,190.2664253744206,1.1791900683689518,3505,15493.942764997482,277,4568.534729957581
855,S2,near_coast_westward_path_shift,2024-10-25 00:30:00,467.0485357973442,680.8853332530251,1.4578470567103219,134.9483787299238,245.3851054339376,1.8183627528051471,3581,14213.163236021996,222,3883.834981918335
856,S2,near_coast_westward_path_shift,2024-10-25 01:00:00,479.97869477864975,707.575962715095,1.4741820218528743,144.36305757364286,276.802892898219,1.9174080789817969,3724,14559.05981206894,253,4271.863025665283
857,S2,near_coast_westward_path_shift,2024-10-25 01:30:00,485.6216073519256,697.1831080733148,1.4356509214551298,144.41493106441192,303.81944211943687,2.103795223112528,3728,14912.11617064476,269,4453.343370437622
858,S2,near_coast_westward_path_shift,2024-10-25 02:00:00,562.767166755202,704.5228140930811,1.2518904010609064,129.5792719797181,382.7026415878279,2.9534248475151643,3769,14344.991296887398,228,3409.03901386261
859,S2,near_coast_westward_path_shift,2024-10-25 02:30:00,598.0605125312102,731.7021651625796,1.2234584123699255,135.87848405462702,361.84115175311683,2.6629760721178175,3771,14299.600467085838,220,3579.420401573181
860,S2,near_coast_westward_path_shift,2024-10-25 03:00:00,581.9058028488503,796.0196556870089,1.3679527713762518,138.5727725354528,466.3098495851597,3.365089988842177,3672,13982.68399322033,230,3390.047103881836
861,S2,near_coast_westward_path_shift,2024-10-25 03:30:00,544.3111558497762,788.119774495721,1.4479214067646846,190.40666176292726,546.4913466481544,2.870127240235851,3692,14725.045771241188,295,4207.427577018738
862,S2,near_coast_westward_path_shift,2024-10-25 04:00:00,557.1125321374715,795.7231283439589,1.4282987411735464,198.00507425444565,548.640176907238,2.7708389745719715,3675,14612.614566922188,293,4119.215948104858
863,S2,near_coast_westward_path_shift,2024-10-25 04:30:00,533.05011818675,787.548453770779,1.4774379123106507,168.19237401387656,536.9158890582902,3.192272492770625,3575,13863.835162639618,264,3602.1396102905273
864,S2,near_coast_westward_path_shift,2024-10-25 05:00:00,494.10772013828597,765.3514141349639,1.5489565998296146,120.19613318631008,471.02628417917583,3.9188139559286603,3393,13246.095650672913,224,2978.571189880371
865,S2,near_coast_westward_path_shift,2024-10-25 05:30:00,539.6753755784677,859.0763328170223,1.5918390419355215,131.9857970496707,415.21697879368367,3.145921667900527,3379,12433.323560357094,172,2164.0055351257324
866,S2,near_coast_westward_path_shift,2024-10-25 06:00:00,648.2433213998378,912.876839030732,1.4082317686812946,303.73383899993905,1496.8307991359416,4.928100221115754,3343,11996.335608243942,187,2002.0240087509155
867,S2,near_coast_westward_path_shift,2024-10-25 06:30:00,715.5416098448037,829.5849704612574,1.1593804735425348,313.7715937262219,1188.84835405317,3.788897331128334,2954,10914.189056158066,185,1944.9576749801636
868,S2,near_coast_westward_path_shift,2024-10-25 07:00:00,566.0876487387333,819.0146380802931,1.4467982827484227,333.052228874526,440.67008760629795,1.3231260727347196,2911,11829.417549729347,212,2618.8171977996826
869,S2,near_coast_westward_path_shift,2024-10-25 07:30:00,451.3077847036687,735.0691715484445,1.6287535833911961,163.04847090275462,325.3009412229468,1.9951180125875625,2958,11933.742256045341,200,2356.551531791687
870,S2,near_coast_westward_path_shift,2024-10-25 08:00:00,434.70133148142656,695.8172525982474,1.6006789080377497,162.99137456336635,277.76744693486535,1.704184946467064,2896,12298.14710342884,220,2746.839761734009
871,S2,near_coast_westward_path_shift,2024-10-25 08:30:00,457.76937492618634,669.6615232789167,1.4628796943589677,177.10968696355445,290.79995718933264,1.641920112755728,2844,11635.311451554298,231,2684.6024770736694
872,S2,near_coast_westward_path_shift,2024-10-25 09:00:00,457.2551241135901,662.4384074299784,1.4487282317812051,180.12699075301435,295.8806110155424,1.6426222954073824,2862,11731.502883911133,232,2689.886160850525
873,S2,near_coast_westward_path_shift,2024-10-25 09:30:00,520.4176314775507,683.2744373641123,1.3129348354785428,189.6099666080949,421.8303507336133,2.2247266759214868,3195,12387.260011553764,309,3313.3378200531006
874,S2,near_coast_westward_path_shift,2024-10-25 10:00:00,512.7132472804567,657.6852322652537,1.2827545138608352,178.25852183681104,389.4969299588368,2.1850115548215103,3142,12469.24631011486,320,3517.369927406311
875,S2,near_coast_westward_path_shift,2024-10-25 10:30:00,559.4072289831311,646.0486536340153,1.15488077408005,170.8650962251986,351.5832033933285,2.057665439932466,3131,12575.032662272453,321,3615.0675048828125
876,S2,near_coast_westward_path_shift,2024-10-25 11:00:00,586.3941850079027,639.7449443458917,1.090981051146114,167.48069818522467,315.97353219385485,1.886626552299198,3106,12959.907679915428,320,3882.135274887085
877,S2,near_coast_westward_path_shift,2024-10-25 11:30:00,559.3226483940955,693.1266591866843,1.2392250898059647,183.80756584239654,266.09772529329007,1.447697346264031,3289,14362.05361521244,360,4552.443657875061
878,S2,near_coast_westward_path_shift,2024-10-25 12:00:00,563.4306230522886,694.6635730473098,1.232917673668655,174.43461992427467,303.63473177318406,1.740679298094586,3483,14463.589464306831,323,3996.103226661682
879,S2,near_coast_westward_path_shift,2024-10-25 12:30:00,537.3308665116793,659.3755222109619,1.2271312952698736,134.6230143176971,332.0058703232318,2.4661895442314794,3120,12395.948457121849,260,3133.950390815735
880,S2,near_coast_westward_path_shift,2024-10-25 13:00:00,514.0644332560047,651.9100970119521,1.2681486110269349,144.0553276732563,308.3541549641388,2.1405258656142174,3157,12694.08098268509,271,3360.6526498794556
881,S2,near_coast_westward_path_shift,2024-10-25 13:30:00,480.72146640175526,604.3332809726697,1.2571381209500776,132.2722319448645,257.3726073539148,1.9457795757252694,3025,12584.728539466858,227,3266.8917694091797
882,S2,near_coast_westward_path_shift,2024-10-25 14:00:00,511.5647914889835,609.6022767904316,1.191642362673347,181.47485742779074,215.96972035803608,1.1900806724367852,3112,13296.590943217278,272,3843.4019479751587
883,S2,near_coast_westward_path_shift,2024-10-25 14:30:00,593.4151364450232,788.419673381446,1.3286140257638803,208.57829001452987,233.84613231940054,1.1211432038449896,3717,15838.385434865952,360,5115.206690788269
884,S2,near_coast_westward_path_shift,2024-10-25 15:00:00,566.3181226294221,760.7370869934833,1.343303448354028,152.77382455101323,231.235968540775,1.513583686343865,3703,15492.956493735313,296,4849.207288742065
885,S2,near_coast_westward_path_shift,2024-10-25 15:30:00,513.7992395239373,719.623417775729,1.4005926097564827,133.70502450116877,259.68643725007894,1.9422339453504007,3642,16654.819628953934,323,6192.4250202178955
886,S2,near_coast_westward_path_shift,2024-10-25 16:00:00,503.709418023275,760.9926186315596,1.510777030173366,146.30886189632952,261.12872474500546,1.7847772264815538,3685,17004.995997786522,346,6460.68915271759
887,S2,near_coast_westward_path_shift,2024-10-25 16:30:00,502.29161224447864,780.9514950364382,1.5547770976042634,148.14721516769882,266.14916711941135,1.796518191841376,3744,17273.42217361927,359,6567.664915084839
888,S2,near_coast_westward_path_shift,2024-10-25 17:00:00,505.01335193872296,786.9002818974297,1.5581771825963695,154.06883156951073,278.71581126994863,1.8090343675008629,3734,17143.128881692886,376,6366.542804718018
889,S2,near_coast_westward_path_shift,2024-10-25 17:30:00,515.1129215170059,755.6931675059255,1.4670437023408578,155.71141794833608,288.193681100264,1.8508191942345724,3775,17516.07760989666,388,6180.5456256866455
890,S2,near_coast_westward_path_shift,2024-10-25 18:00:00,505.23239075053795,905.3962127822572,1.7920391276522512,185.49676171825922,238.24652053928722,1.2843702409271458,3811,16205.822255849838,347,5153.97617149353
891,S2,near_coast_westward_path_shift,2024-10-25 18:30:00,570.450170066347,646.2843379790056,1.1329374095967706,206.03669667031733,298.3209024009943,1.4479017923605182,3741,16921.3845975399,365,4679.09757900238
892,S2,near_coast_westward_path_shift,2024-10-25 19:00:00,571.4112619632429,646.8515637506423,1.1320245273574099,206.19721563513303,297.5259241076417,1.4429192130029234,3742,16913.934836506844,364,4669.303782463074
893,S2,near_coast_westward_path_shift,2024-10-25 19:30:00,571.4948972325096,647.6841158033363,1.133315658529543,206.50580254352144,296.9872385549277,1.438154448431713,3738,16927.18797338009,364,4670.501937866211
894,S2,near_coast_westward_path_shift,2024-10-25 20:00:00,580.046614088687,650.0384053336466,1.120665804342161,212.02294807976227,287.9268484669121,1.357998514191934,3723,16486.08502793312,356,4432.800897598267
895,S2,near_coast_westward_path_shift,2024-10-25 20:30:00,581.3808256720629,647.0116487824716,1.1128878356704315,223.9679647657875,286.21794044635095,1.2779414267824396,3696,16375.936116456985,357,4406.927293777466
896,S2,near_coast_westward_path_shift,2024-10-25 21:00:00,578.518422892496,644.7269369549442,1.1144449535961456,230.35870833162946,286.5088168640437,1.2437507526373957,3680,16367.334581494331,350,4317.163385391235
897,S2,near_coast_westward_path_shift,2024-10-25 21:30:00,569.3891429995253,645.8407965476113,1.1342696018848193,230.51208592812736,283.32287856732313,1.2291020552200491,3587,16269.619222521782,348,4325.774960517883
898,S2,near_coast_westward_path_shift,2024-10-25 22:00:00,564.8720942375795,639.045640358217,1.1313103388843275,236.75722392640697,277.71476818634886,1.1729938524396277,3539,16160.099640250206,349,4335.83020401001
899,S2,near_coast_westward_path_shift,2024-10-25 22:30:00,564.7141896633419,633.9637571837296,1.1226276385257294,234.6731875714147,285.65780678261524,1.2172579651677673,3532,16169.804240822792,350,4352.325963020325
900,S2,near_coast_westward_path_shift,2024-10-25 23:00:00,558.010419515211,642.9143518100169,1.1521547435773112,223.06467657376146,273.8234411038761,1.2275517814373846,3524,16249.213099598885,348,4384.439126968384
901,S2,near_coast_westward_path_shift,2024-10-25 23:30:00,549.9328973093197,633.4238820434803,1.1518203132466875,210.44340936936442,239.80445840498146,1.139519926633018,3530,16400.579135537148,341,4493.052109718323
902,S2,near_coast_westward_path_shift,2024-10-26 00:00:00,534.7166220671132,634.5943043221223,1.1867861931594714,193.851906458626,243.60542893165626,1.2566573802752254,3462,16526.643681287766,327,4577.828026771545
903,S2,near_coast_westward_path_shift,2024-10-26 00:30:00,454.6747446863631,606.2248142975751,1.3333153454910953,200.2385579698926,226.4140157008352,1.1307213655367871,3257,16831.20663368702,411,6798.756833076477
904,S2,near_coast_westward_path_shift,2024-10-26 01:00:00,466.1364237870449,577.5557198573676,1.239027225474282,207.4805660382317,239.39016573780026,1.1537956075061389,3324,17443.683070540428,433,7084.593871116638
905,S2,near_coast_westward_path_shift,2024-10-26 01:30:00,457.76014131012056,581.1738424418534,1.2696034232655524,198.8267720275076,244.37931753126827,1.229106699461264,3344,17480.06921875477,428,7242.86820602417
906,S2,near_coast_westward_path_shift,2024-10-26 02:00:00,457.5727287642248,579.4341915564513,1.2663215159726384,199.52104371514383,243.4079799875877,1.2199614409350226,3340,17466.837408661842,428,7252.211894035339
907,S2,near_coast_westward_path_shift,2024-10-26 02:30:00,460.91342067790566,572.65871813689,1.2424431410450785,195.16621041154767,259.12626782058516,1.32772095781418,3377,17635.12954902649,451,7659.074438095093
908,S2,near_coast_westward_path_shift,2024-10-26 03:00:00,492.94890623646205,590.3281067579028,1.1975442064876554,182.0735753640045,297.84816588106486,1.6358670679454734,3611,19320.362932682037,504,9298.875872612
909,S2,near_coast_westward_path_shift,2024-10-26 03:30:00,493.1035127583946,591.3127700862406,1.199165600704135,181.68267799043568,298.1994080496468,1.6413199725366405,3608,19463.963955521584,499,9109.894757270813
910,S2,near_coast_westward_path_shift,2024-10-26 04:00:00,491.98100418613365,588.3388161872999,1.1958567732926322,183.14095022915384,296.8309632053859,1.620778765393412,3558,19208.54478931427,498,8955.977746963501
911,S2,near_coast_westward_path_shift,2024-10-26 04:30:00,492.3281372930353,584.1777735519132,1.1865618259478181,184.01366329600506,290.9263818073285,1.581004239556612,3540,19215.206784963608,496,8994.4361743927
912,S2,near_coast_westward_path_shift,2024-10-26 05:00:00,495.9382909952221,584.0557127842139,1.177678197850304,184.2354774663168,290.69358562952084,1.5778371767873312,3547,18975.29226386547,493,8815.151017189026
913,S2,near_coast_westward_path_shift,2024-10-26 05:30:00,496.4814438389926,581.9024861902459,1.1720528398619343,182.76842374216585,286.6722622493661,1.568499943150888,3523,18918.56671988964,482,8714.577385902405
914,S2,near_coast_westward_path_shift,2024-10-26 06:00:00,485.00331674390253,569.3322801393001,1.1738729622748638,176.8412174899778,287.4731184313422,1.6256001994989244,3379,17952.861984729767,465,8103.1807861328125
915,S2,near_coast_westward_path_shift,2024-10-26 06:30:00,510.705731016199,592.3609949450046,1.159887111049894,164.17733979389607,259.5418631114734,1.5808628854462734,3405,15381.237988710403,339,5097.103500366211
916,S2,near_coast_westward_path_shift,2024-10-26 07:00:00,513.9392765306815,595.7338491047472,1.1591522117675346,161.51583149252738,257.4844616680515,1.5941747585280057,3348,14711.456000089645,310,4512.390773773193
917,S2,near_coast_westward_path_shift,2024-10-26 07:30:00,518.7266993034901,591.6940977214649,1.1406663634548773,147.78552120445963,244.49842413704926,1.654413924614352,3349,13922.581776380539,254,3753.5437240600586
918,S2,near_coast_westward_path_shift,2024-10-26 08:00:00,523.1937581672918,588.324059496593,1.1244860060208794,148.7643572525066,244.57734351078804,1.6440587518934437,3311,14166.05949151516,283,4258.828533172607
919,S2,near_coast_westward_path_shift,2024-10-26 08:30:00,521.6067374717264,586.074287043336,1.1235941657580732,177.15995226229037,225.42152905187913,1.272418095474167,3333,14811.552276492119,314,4849.945067405701
920,S2,near_coast_westward_path_shift,2024-10-26 09:00:00,518.8317328741575,607.9815002416427,1.1718279004902485,175.4015736071653,202.10437183638686,1.1522380767747546,3342,15483.790091753006,307,5343.0434675216675
921,S2,near_coast_westward_path_shift,2024-10-26 09:30:00,513.8514481763793,581.4281066823739,1.1315101061713808,179.9493185659714,203.8966427564878,1.1330781599027613,3310,15468.990625619888,316,5482.474675178528
922,S2,near_coast_westward_path_shift,2024-10-26 10:00:00,513.9786781021388,585.2394055315558,1.1386452988527567,179.6776906795247,203.16935454429617,1.1307433537014362,3301,15505.427545428276,316,5560.208659172058
923,S2,near_coast_westward_path_shift,2024-10-26 10:30:00,511.61466258075137,588.5408262267097,1.150359575814181,178.87635743402387,201.9806563822477,1.129163514282453,3268,15453.853976488113,314,5594.784720420837
924,S2,near_coast_westward_path_shift,2024-10-26 11:00:00,508.90236277509075,590.0197018798218,1.1593966643471445,178.42036160847115,200.56317928842435,1.1241047685383727,3248,15430.505111336708,312,5629.033894538879
925,S2,near_coast_westward_path_shift,2024-10-26 11:30:00,505.7381324518882,580.9502975761615,1.1487176075880083,180.65152953756052,199.22881269227494,1.1028349065311998,3209,15211.726422905922,317,5727.479073524475
926,S2,near_coast_westward_path_shift,2024-10-26 12:00:00,504.2675515383523,570.8448098100487,1.1320276469675477,182.6081535461636,195.61896667275667,1.0712499024491962,3173,15124.561553478241,318,5829.706993103027
927,S2,near_coast_westward_path_shift,2024-10-26 12:30:00,504.43839661503205,533.249075204431,1.057114364772246,202.18399874503012,213.83714598736742,1.057636347656927,3245,17294.814569354057,387,7515.585957527161
928,S2,near_coast_westward_path_shift,2024-10-26 13:00:00,499.72252510639925,520.1029918947264,1.0407835664081517,196.81600315964096,220.41914749359663,1.1199249245743987,3240,17179.09189605713,384,7240.500155448914
929,S2,near_coast_westward_path_shift,2024-10-26 13:30:00,500.24324547070137,512.0544340481359,1.0236108906704373,191.1433771622788,221.12039044218193,1.1568299866045153,3250,16860.42806303501,372,6671.5955419540405
930,S2,near_coast_westward_path_shift,2024-10-26 14:00:00,499.14261657960674,511.2593536795265,1.024275100336952,183.1449994428664,236.8390609926329,1.2931778738873814,3371,17292.236242890358,376,6849.21427154541
931,S2,near_coast_westward_path_shift,2024-10-26 14:30:00,499.31922247147537,512.9519400220969,1.0273026091067408,178.56156781248737,232.14559187647146,1.3000871056433203,3441,17224.20726799965,363,6698.819652557373
932,S2,near_coast_westward_path_shift,2024-10-26 15:00:00,496.9254692427121,507.51853407825575,1.0213172105098294,186.82092920594857,218.69857537204592,1.1706320929972185,3446,17431.194129109383,382,7226.722685813904
933,S2,near_coast_westward_path_shift,2024-10-26 15:30:00,499.93401849403244,518.7580541172968,1.0376530400551007,180.84690224638442,233.06015414562984,1.288715212982245,3397,17196.67988741398,369,6811.125957489014
934,S2,near_coast_westward_path_shift,2024-10-26 16:00:00,498.2921472948732,530.8040574266873,1.0652466837141898,187.7735647389231,218.5703751100463,1.1640103622357139,3295,16708.61275935173,364,6760.791944503784
935,S2,near_coast_westward_path_shift,2024-10-26 16:30:00,501.1360781795153,554.7850914696634,1.1070547813780212,196.3981331691465,215.0014760661811,1.0947226055403059,3261,17145.260242700577,383,7387.981514930725
936,S2,near_coast_westward_path_shift,2024-10-26 17:00:00,499.8165846378916,578.1723507637457,1.1567690399521664,197.25731188544432,217.70617313227365,1.1036659227045724,3294,17719.76912510395,391,7819.544020652771
937,S2,near_coast_westward_path_shift,2024-10-26 17:30:00,500.4254250136132,590.0200929995391,1.1790370023335393,193.88407533392203,218.25674065729604,1.1257074119233177,3312,17637.03389620781,387,7722.499949455261
938,S2,near_coast_westward_path_shift,2024-10-26 18:00:00,502.68004338898555,584.4794407658371,1.162726566237586,188.96733978135984,218.56838892357203,1.1566463769689526,3318,17712.329022049904,377,7710.833810806274
939,S2,near_coast_westward_path_shift,2024-10-26 18:30:00,493.03396242602537,535.2915282766506,1.0857092392635415,163.68275314360056,273.9859138137959,1.6738838304694421,3505,17737.471703648567,383,7739.306684494019
940,S2,near_coast_westward_path_shift,2024-10-26 19:00:00,492.94456920808597,536.7625762007332,1.0888903331728343,164.3867676488385,274.6708294181803,1.6708816247602603,3511,17788.085191249847,385,7791.43226146698
941,S2,near_coast_westward_path_shift,2024-10-26 19:30:00,492.8897549594639,538.4537809077348,1.0924426314197118,164.23816510649834,274.2145429244182,1.6696152367910666,3513,17800.14876627922,384,7793.327102661133
942,S2,near_coast_westward_path_shift,2024-10-26 20:00:00,492.66265805894926,540.1040138320515,1.0962958222975863,163.5507443382041,275.1317103796266,1.6822406494872577,3515,17823.646749973297,385,7823.85751247406
943,S2,near_coast_westward_path_shift,2024-10-26 20:30:00,510.0427475031719,535.4574569550338,1.0498285870670139,169.3029864273507,275.39017669360084,1.626611452667856,3611,18764.75149011612,405,8393.450551986694
944,S2,near_coast_westward_path_shift,2024-10-26 21:00:00,509.6216394098869,537.3476259971219,1.054405041786175,169.1069359165994,275.4720748695601,1.6289815280280195,3614,18775.862066030502,405,8407.937515258789
945,S2,near_coast_westward_path_shift,2024-10-26 21:30:00,507.7269151754861,540.3938056095159,1.0643394893153104,165.6435919405507,276.3136142711524,1.6681213624630853,3595,18633.886745929718,402,8305.5290184021
946,S2,near_coast_westward_path_shift,2024-10-26 22:00:00,512.4779971526807,553.3546389284817,1.0797627254299889,160.80551518933572,275.72181612331826,1.7146291021093152,3557,18118.001338362694,384,7602.600372314453
947,S2,near_coast_westward_path_shift,2024-10-26 22:30:00,512.9113374336952,560.3510787977092,1.0924911147438723,161.22133895793078,275.58787733365244,1.7093759369258361,3537,18185.436480164528,390,7670.214868545532
948,S2,near_coast_westward_path_shift,2024-10-26 23:00:00,524.9241328082267,571.135337837266,1.0880340646215265,158.39660141229047,272.72859907503107,1.7218084014640198,3519,17722.61633682251,378,7145.93567276001
949,S2,near_coast_westward_path_shift,2024-10-26 23:30:00,527.0458139453197,570.1886539627498,1.0818578553816292,158.3773142462853,273.01259886978363,1.7238112678513575,3525,17686.99961769581,378,7098.620891571045
950,S2,near_coast_westward_path_shift,2024-10-27 00:00:00,509.85161382651023,580.7600889726492,1.1390766905962295,149.4359058250373,279.10933680691875,1.86775283534403,3510,17748.364500522614,371,7256.696269035339
951,S2,near_coast_westward_path_shift,2024-10-27 00:30:00,542.5706186288909,557.3614689015974,1.027260691539256,155.82067676432553,304.8364406297682,1.9563285628057114,3405,14430.865603208542,310,4326.32781124115
952,S2,near_coast_westward_path_shift,2024-10-27 01:00:00,525.6732114437056,547.6501627409017,1.0418072498631568,123.35740114096633,314.98818575238624,2.5534599694787006,3246,13191.069956541061,244,3499.011410713196
953,S2,near_coast_westward_path_shift,2024-10-27 01:30:00,525.4097254873133,547.6015143267949,1.0422371108926427,124.48446014271367,317.26837652672225,2.5486584924977085,3243,13213.48852622509,244,3504.373083114624
954,S2,near_coast_westward_path_shift,2024-10-27 02:00:00,525.5287976122269,547.748746680222,1.0422811255424094,123.43470586523429,317.5475555396007,2.5725953921443763,3241,13253.374271988869,244,3509.048629760742
955,S2,near_coast_westward_path_shift,2024-10-27 02:30:00,514.4530209048983,544.0405565776063,1.0575126094520038,114.22853526135955,306.99654774484424,2.6875644254950912,3132,13251.000003933907,237,3533.1118154525757
956,S2,near_coast_westward_path_shift,2024-10-27 03:00:00,513.8294875852193,543.8038043336865,1.0583351432190717,113.0121547037625,307.3756434834989,2.7198458810843533,3124,13248.972999572754,237,3536.214324951172
957,S2,near_coast_westward_path_shift,2024-10-27 03:30:00,513.2213020099025,543.8368705266776,1.059653736890647,112.90374679551815,307.80061484691726,2.7262214371359823,3119,13226.660451769829,237,3535.6466217041016
958,S2,near_coast_westward_path_shift,2024-10-27 04:00:00,513.0685677577541,544.842188484812,1.0619286051100656,111.37525345496674,306.6479005206652,2.7532857704755025,3118,13228.295364022255,237,3537.492443084717
959,S2,near_coast_westward_path_shift,2024-10-27 04:30:00,512.7574762583608,544.8553982210216,1.0625986425334666,111.13762581818311,308.1349684103687,2.772553094794943,3115,13211.489208340645,237,3536.7150564193726
960,S2,near_coast_westward_path_shift,2024-10-27 05:00:00,512.5703515726035,545.3742859121976,1.0639988915452252,110.27708435081638,310.2836829991284,2.813673256104985,3110,13213.715247273445,236,3529.2594356536865
961,S2,near_coast_westward_path_shift,2024-10-27 05:30:00,512.4052745553274,545.6195781682186,1.0648203780527317,110.43990929248517,311.0481728348418,2.816447195832713,3108,13187.370932459831,236,3526.2822265625
962,S2,near_coast_westward_path_shift,2024-10-27 06:00:00,509.87571062606594,551.6917186314375,1.0820121593045204,107.6804059253064,316.56127429796095,2.939822445668936,3048,13014.00169146061,230,3459.9344911575317
963,S2,near_coast_westward_path_shift,2024-10-27 06:30:00,559.0580424453091,611.2597731622895,1.0933744383474926,157.930252934425,253.72190207050508,1.6065440113988332,3244,15678.315602064133,348,6108.66655921936
964,S2,near_coast_westward_path_shift,2024-10-27 07:00:00,556.4623969163689,611.2766952472705,1.0985049459490046,150.4018492866086,240.90440348000686,1.6017383072260853,3188,15360.489259123802,326,5787.875534057617
965,S2,near_coast_westward_path_shift,2024-10-27 07:30:00,553.9376083535614,606.3888169212471,1.0946879355665748,147.27564902910154,246.22223371402254,1.671846196823533,3207,15394.60245001316,325,5683.26886177063
966,S2,near_coast_westward_path_shift,2024-10-27 08:00:00,528.4162190895198,584.5674489463416,1.1062632595827042,144.9994920136891,241.93939955917756,1.6685534286998394,3102,15210.887767791748,315,5700.504822731018
967,S2,near_coast_westward_path_shift,2024-10-27 08:30:00,532.3918520210311,586.3430274887932,1.1013373425287314,146.4323332875426,236.41829981973575,1.6145225204838478,3123,15436.766522884369,313,5916.525128364563
968,S2,near_coast_westward_path_shift,2024-10-27 09:00:00,512.4278724864663,600.9731854523297,1.1727956610482793,151.16882392023302,234.37919254494582,1.5504466229665101,3096,15522.218983769417,324,6276.723856925964
969,S2,near_coast_westward_path_shift,2024-10-27 09:30:00,487.65670295435524,611.9000583135982,1.2547762690567812,151.50735079487703,234.96085185126952,1.5508214658797452,3036,15528.604923129082,327,6432.927065849304
970,S2,near_coast_westward_path_shift,2024-10-27 10:00:00,489.73080204401447,611.6287413093346,1.248908050619947,149.58276130248404,233.4646546083678,1.5607724618497814,3032,15412.338537335396,321,6272.755823135376
971,S2,near_coast_westward_path_shift,2024-10-27 10:30:00,501.3023722421897,624.865952540709,1.24648512981467,154.53845046062972,232.63802808092373,1.505373111918119,3123,15670.075712800026,323,6142.218621253967
972,S2,near_coast_westward_path_shift,2024-10-27 11:00:00,511.5624595590155,623.5634316992957,1.2189389976677094,158.55879715286642,236.0375158412842,1.488643456431617,3244,16538.310685634613,334,6384.80393409729
973,S2,near_coast_westward_path_shift,2024-10-27 11:30:00,512.4231470375595,623.8475675197707,1.2174461109463557,158.88458078991718,236.45458004786224,1.48821602997782,3249,16530.818659186363,335,6359.388259887695
974,S2,near_coast_westward_path_shift,2024-10-27 12:00:00,514.1775668777691,623.4229542991366,1.2124662654668794,159.1626348319017,234.73820464834677,1.4748323618559225,3259,16514.737616539,333,6290.136254310608
975,S2,near_coast_westward_path_shift,2024-10-27 12:30:00,498.6168482611186,592.6675240056038,1.1886231403380718,159.48399981847322,220.74514528369014,1.3841209496560394,3141,15379.688692569733,304,5305.947311401367
976,S2,near_coast_westward_path_shift,2024-10-27 13:00:00,496.6636294621627,674.0941110214898,1.3572447649357076,172.0807627750558,214.3785944541772,1.2458022093638204,3177,15168.79884493351,321,5452.746435165405
977,S2,near_coast_westward_path_shift,2024-10-27 13:30:00,486.4598236384926,665.8557918801544,1.36877859079885,176.07379331695194,211.84996531870877,1.2031885116336118,3146,15317.704846739769,334,5835.784953117371
978,S2,near_coast_westward_path_shift,2024-10-27 14:00:00,479.1865605241192,645.3497087297369,1.346760869135963,180.4826529666716,209.55302883203944,1.1610701936586387,3110,15464.289674639702,342,6068.474856376648
979,S2,near_coast_westward_path_shift,2024-10-27 14:30:00,485.1653421015048,634.7467618261705,1.3083101918961257,179.16540527050716,208.7973447390095,1.165388733521197,3154,15533.795815587044,338,5984.856252670288
980,S2,near_coast_westward_path_shift,2024-10-27 15:00:00,507.80951939648435,685.2995355535246,1.3495208525590072,189.26838272342712,205.0080706921854,1.083160682953355,3473,16893.293206691742,353,6576.223450660706
981,S2,near_coast_westward_path_shift,2024-10-27 15:30:00,515.0403807532415,602.8116253140611,1.1704162388829664,190.07976115587223,199.4717650759036,1.049410857120809,3141,15156.526322722435,336,6393.368968963623
982,S2,near_coast_westward_path_shift,2024-10-27 16:00:00,509.96716704645235,611.8143726854488,1.1997132604219558,194.53681775110255,195.69254994986198,1.0059409432729445,3156,15228.698711752892,336,6436.394661903381
983,S2,near_coast_westward_path_shift,2024-10-27 16:30:00,523.7329397707766,600.1268715991218,1.1458642869814137,186.80029221959654,199.70227127676986,1.069068302323666,3187,15014.874393343925,335,6209.425214767456
984,S2,near_coast_westward_path_shift,2024-10-27 17:00:00,509.75127431536515,601.4228108132866,1.1798358162439948,198.1528791659261,202.852610002368,1.0237177014849506,3295,16393.002385139465,353,6736.243815422058
985,S2,near_coast_westward_path_shift,2024-10-27 17:30:00,513.4311169177313,605.7882363161866,1.1798822010494794,199.4150161703565,206.8564866573548,1.03731650018091,3329,16662.65759599209,356,6881.404266357422
986,S2,near_coast_westward_path_shift,2024-10-27 18:00:00,527.6202812409272,632.1176454760188,1.1980541081349634,198.53514994232577,224.88854522680958,1.1327391914839176,3609,18622.460176825523,383,7997.6260776519775
987,S2,near_coast_westward_path_shift,2024-10-27 18:30:00,550.1802837918378,593.9279420824743,1.079515132729088,166.34529028987274,360.308676222589,2.1660287201081205,3603,15067.395777463913,269,3716.137044906616
988,S2,near_coast_westward_path_shift,2024-10-27 19:00:00,547.1604236036402,605.4584436783783,1.1065464853813471,172.12036608293224,354.155784098094,2.057605338391217,3651,15109.761336445808,268,3807.356951713562
989,S2,near_coast_westward_path_shift,2024-10-27 19:30:00,547.1122334357095,606.2604255373953,1.1081097962848516,172.15677588657132,357.1383204778285,2.0744947077374034,3657,15207.608206629753,270,3834.770740509033
990,S2,near_coast_westward_path_shift,2024-10-27 20:00:00,549.972734959597,606.2434183430848,1.1023154054857294,162.50992810289233,245.38435962378477,1.5099653448152375,3657,14703.085196375847,251,3544.802725791931
991,S2,near_coast_westward_path_shift,2024-10-27 20:30:00,541.7039649775827,616.1604685328392,1.1374486959096497,171.62152241273273,214.90939511340562,1.2522286953996866,3673,14777.823522210121,253,3584.860505104065
992,S2,near_coast_westward_path_shift,2024-10-27 21:00:00,543.2052648094806,614.7335169345554,1.1316781275125543,174.5791887620986,216.64509510061745,1.2409560190810682,3684,15026.794199824333,259,3726.0898456573486
993,S2,near_coast_westward_path_shift,2024-10-27 21:30:00,531.8734411041962,616.8364227023952,1.1597428542809176,180.23167455268813,192.3390838369908,1.0671769227820285,3696,15467.231763124466,271,4175.178304672241
994,S2,near_coast_westward_path_shift,2024-10-27 22:00:00,523.7030683237077,613.6922468739483,1.1718324447444632,172.70479174359642,197.8647486313594,1.1456818692391302,3708,15855.313299655914,286,4591.206203460693
995,S2,near_coast_westward_path_shift,2024-10-27 22:30:00,545.8245018924727,575.2948311900792,1.0539923165695686,193.55217342677403,204.33866049928926,1.0557290929961838,3775,16381.189418792725,304,4899.3042068481445
996,S2,near_coast_westward_path_shift,2024-10-27 23:00:00,546.7376445233875,575.9973600265448,1.0535169213172857,198.80569124857303,199.70202697993878,1.0045086019707758,3786,16370.254382610321,307,4868.606048583984
997,S2,near_coast_westward_path_shift,2024-10-27 23:30:00,536.9328102153916,565.3283914205649,1.0528847942702204,192.73140066461335,215.8891658434184,1.1201556419916365,3776,16706.34907412529,332,5158.666520118713
998,S2,near_coast_westward_path_shift,2024-10-28 00:00:00,528.2827373513721,593.3935849915232,1.1232500004951766,195.44221473340244,247.65481019593798,1.267151063211989,3897,17298.134937882423,353,5454.746195793152
999,S2,near_coast_westward_path_shift,2024-10-28 00:30:00,455.75758544235987,569.9227976951165,1.2504954736890364,192.12112991767614,263.4431530460231,1.3712346640835762,3619,19659.557101011276,485,9061.825488090515
1000,S2,near_coast_westward_path_shift,2024-10-28 01:00:00,454.6282741979387,559.5071666501881,1.2306915306516668,194.11975557949938,267.2659250244724,1.3768095072374822,3635,20302.44707596302,504,9686.942967414856
1001,S2,near_coast_westward_path_shift,2024-10-28 01:30:00,459.5984096369421,553.9429876026755,1.2052761192978438,197.33060940760524,264.9611378138066,1.3427270032217997,3597,20491.69727241993,514,9937.55645275116
1002,S2,near_coast_westward_path_shift,2024-10-28 02:00:00,459.732943455541,552.3168367379433,1.2013862495615446,197.47351409902353,264.6575956897491,1.340218190258338,3591,20487.09312927723,514,9946.643118858337
1003,S2,near_coast_westward_path_shift,2024-10-28 02:30:00,458.4597439691997,546.2821547565835,1.1915596994995545,198.6492574061008,258.2556663600477,1.300058554118285,3639,20800.786028146744,508,10107.728239059448
1004,S2,near_coast_westward_path_shift,2024-10-28 03:00:00,448.4638348016359,552.4655601996881,1.2319066050087468,195.4346964547977,267.85371029314695,1.3705535155836455,3627,20739.97055208683,515,10161.073722839355
1005,S2,near_coast_westward_path_shift,2024-10-28 03:30:00,452.67389456309957,550.2725416634896,1.2156047615570733,197.22207337069793,266.27757223675457,1.35014082189603,3716,21130.863238334656,517,10313.11984539032
1006,S2,near_coast_westward_path_shift,2024-10-28 04:00:00,461.5247167397072,551.3192342540284,1.1945605820391256,201.61625198531235,264.3526735227521,1.3111674823813746,3863,21799.367517352104,523,10585.971432685852
1007,S2,near_coast_westward_path_shift,2024-10-28 04:30:00,471.36772632581983,541.6134310532999,1.1490252743331084,207.94575724294089,266.24962917325456,1.2803801948322349,3843,22201.95549738407,546,10949.323366165161
1008,S2,near_coast_westward_path_shift,2024-10-28 05:00:00,477.23290742726783,531.7291076660545,1.1141920420630065,209.16690320395796,271.96608242154804,1.3002347802431895,3784,22212.272749900818,566,11188.285893440247
1009,S2,near_coast_westward_path_shift,2024-10-28 05:30:00,476.2331385587686,531.125317234078,1.1152632486715,211.56592607978453,272.0352362346331,1.2858178123259953,3794,22430.959147930145,574,11411.314376831055
1010,S2,near_coast_westward_path_shift,2024-10-28 06:00:00,480.9024155404611,551.6829407042065,1.1471827191472883,213.65026718544075,263.11628713816367,1.2315280041741627,3755,22242.22156870365,566,11344.894632339478
1011,S2,near_coast_westward_path_shift,2024-10-28 06:30:00,449.70390886396154,659.1294300216395,1.465696466118619,194.987483490599,308.13217170559227,1.5802664160258613,3943,22170.949895620346,594,10528.673829078674
1012,S2,near_coast_westward_path_shift,2024-10-28 07:00:00,454.22314071054956,718.357782383337,1.5815085538345652,198.70608989699053,304.1520013252865,1.5306627063265033,3953,22446.48282802105,605,10918.170948028564
1013,S2,near_coast_westward_path_shift,2024-10-28 07:30:00,462.8122173428722,845.5433473956273,1.8269685105767393,207.81907623804582,307.29484461226974,1.4786652417811643,3968,22996.63827610016,636,11377.45867061615
1014,S2,near_coast_westward_path_shift,2024-10-28 08:00:00,463.37395303182035,865.7789328884422,1.86842382318582,208.3031917143375,306.5364335090849,1.471587789828304,3976,23020.842088222504,636,11359.389929771423
1015,S2,near_coast_westward_path_shift,2024-10-28 08:30:00,457.1253032073855,940.3812543313561,2.057162987332443,210.0124721489324,306.90776379216385,1.4613787488512384,3988,23248.79235601425,643,11593.36689567566
1016,S2,near_coast_westward_path_shift,2024-10-28 09:00:00,457.15781539033674,960.1029829175021,2.1001565555599915,210.4296128426328,306.7298700504796,1.4576364319971558,4011,23287.819818019867,644,11609.010814666748
1017,S2,near_coast_westward_path_shift,2024-10-28 09:30:00,452.35800965108365,1028.0396983024857,2.27262406405811,208.9956877908353,307.4916373016069,1.4712822094652294,4036,23099.54834342003,639,11422.904044151306
1018,S2,near_coast_westward_path_shift,2024-10-28 10:00:00,452.3406202159705,1046.0073325975777,2.3124329008926017,210.7747112214829,307.47729120354427,1.4587959315500827,4044,23186.726241469383,644,11497.332118034363
1019,S2,near_coast_westward_path_shift,2024-10-28 10:30:00,449.8332934089716,1054.481048428861,2.344159633978368,215.7149980816475,306.69391826637985,1.4217551908481378,4087,23798.257650732994,657,11848.821852684021
1020,S2,near_coast_westward_path_shift,2024-10-28 11:00:00,448.9658139754065,1098.071639792424,2.445780069688272,214.55785189629233,304.7844858881545,1.4205235706567023,4123,23592.32614016533,647,11612.694567680359
1021,S2,near_coast_westward_path_shift,2024-10-28 11:30:00,440.30027676858214,1119.3700412823455,2.542287843872226,221.44516509964447,305.829499300751,1.381061985088428,3972,22791.971600055695,655,11288.954607963562
1022,S2,near_coast_westward_path_shift,2024-10-28 12:00:00,441.91479997000687,1109.2183865123186,2.5100276944506037,227.18250363534298,299.5763926006473,1.3186596142170546,3892,22027.039589047432,646,10840.014597892761
1023,S2,near_coast_westward_path_shift,2024-10-28 12:30:00,485.6799812577954,539.0383885241804,1.1098633036679797,190.5302109939517,303.20261043538596,1.5913623821316685,3739,21466.550053834915,542,9792.053321838379
1024,S2,near_coast_westward_path_shift,2024-10-28 13:00:00,493.2792980003003,549.0415380802506,1.1130439495555624,196.47780039024943,311.2242400964932,1.5840173265291537,3820,21514.337156653404,550,9771.467571258545
1025,S2,near_coast_westward_path_shift,2024-10-28 13:30:00,500.9197170559263,550.5685716449826,1.0991153929433208,207.85777033835137,316.06288729027705,1.520572874306251,3820,21675.046984791756,551,9824.203430175781
1026,S2,near_coast_westward_path_shift,2024-10-28 14:00:00,498.3778945239972,549.1056867455823,1.1017857990471953,209.40155308236473,316.13302110301646,1.50969759512084,3855,21786.364936709404,555,9954.103833198547
1027,S2,near_coast_westward_path_shift,2024-10-28 14:30:00,495.2595421539311,547.8511212179666,1.1061899359582423,217.13191679560717,315.5968973474311,1.453479995041496,3867,21987.615128040314,571,10249.588567733765
1028,S2,near_coast_westward_path_shift,2024-10-28 15:00:00,511.9166200786885,558.0273333373923,1.0900746556179692,224.68771883513057,320.6520618102232,1.4271009713953573,3969,22249.405895352364,575,10311.30555820465
1029,S2,near_coast_westward_path_shift,2024-10-28 15:30:00,509.86169108364,555.8617311271968,1.0902206242359354,243.42703557591383,327.26339106328203,1.3444003468596737,3989,24368.765991806984,675,12717.297178268433
1030,S2,near_coast_westward_path_shift,2024-10-28 16:00:00,509.1772288000542,557.8175758937211,1.0955273416454492,238.5220980390844,320.8847840313013,1.3453042157071735,3952,23751.041279554367,660,12157.18651008606
1031,S2,near_coast_westward_path_shift,2024-10-28 16:30:00,507.8967132617414,558.0570389551839,1.0987608787056504,240.46427317038126,321.2616592953787,1.3360057818973674,3937,23683.484028458595,663,12149.259481430054
1032,S2,near_coast_westward_path_shift,2024-10-28 17:00:00,505.95172052573747,556.6245614173497,1.100153510376359,241.18233240274034,319.19025709316014,1.323439631391226,3937,23825.012276172638,663,12264.519724845886
1033,S2,near_coast_westward_path_shift,2024-10-28 17:30:00,509.1907523674088,557.2553401103155,1.0943940704332045,237.37049065781653,318.8940670781643,1.3434444449873404,3923,23644.072718024254,648,11979.231873512268
1034,S2,near_coast_westward_path_shift,2024-10-28 18:00:00,551.0962246631984,908.464520891531,1.6484680537355088,317.589302626268,929.0819023712485,2.9254193849991488,3902,23104.982177257538,647,11473.383273124695
1035,S2,near_coast_westward_path_shift,2024-10-28 18:30:00,429.1771857159322,559.3227406353226,1.3032443458108955,212.87942109790765,268.18054216532636,1.2597767354975253,3255,19327.440103769302,518,9155.890581130981
1036,S2,near_coast_westward_path_shift,2024-10-28 19:00:00,414.5213545008002,551.4453973773338,1.3303184296534667,212.52665600984065,268.5391593220125,1.2635551905055007,3147,19341.196668982506,518,9435.572417259216
1037,S2,near_coast_westward_path_shift,2024-10-28 19:30:00,422.6268395429576,554.7407556842292,1.3126018127105759,209.1683897893705,267.2607328787953,1.277730029608784,3242,20822.536879181862,535,10725.057159423828
1038,S2,near_coast_westward_path_shift,2024-10-28 20:00:00,428.91981701366353,576.1802380207673,1.343328555048813,220.29430502264515,274.1603657006273,1.2445186255379765,3321,20864.330151200294,582,10662.97632598877
1039,S2,near_coast_westward_path_shift,2024-10-28 20:30:00,424.0207914268847,569.8404487440218,1.3438974226391913,205.58350171856088,283.50960363801636,1.3790484220184807,3366,21432.66790509224,573,11054.707936286926
1040,S2,near_coast_westward_path_shift,2024-10-28 21:00:00,430.78341111121125,560.2136524285085,1.3004531696878228,193.45748123652353,291.44503868249086,1.5065069431259936,3351,20763.285280108452,542,10433.025195121765
1041,S2,near_coast_westward_path_shift,2024-10-28 21:30:00,457.30957495793757,585.1012062818432,1.2794422822562996,184.3971785322949,294.94426518121054,1.5995053044130667,3354,19064.72248697281,462,8580.340450286865
1042,S2,near_coast_westward_path_shift,2024-10-28 22:00:00,428.736247567801,559.9886045038082,1.306137765772299,191.65575284884792,279.0272023838199,1.4558769994442966,3333,20697.067516565323,519,10568.701858520508
1043,S2,near_coast_westward_path_shift,2024-10-28 22:30:00,421.2971799036701,547.4311545368025,1.2993943008637554,204.3365536051709,272.791684797627,1.3350116755161052,3204,19937.817823648453,553,10505.933267593384
1044,S2,near_coast_westward_path_shift,2024-10-28 23:00:00,428.9915076051806,543.4968132824118,1.2669174182874832,204.8712240930405,254.90708613098005,1.244230795512868,3254,19708.367390990257,517,10158.902319908142
1045,S2,near_coast_westward_path_shift,2024-10-28 23:30:00,430.0671759895627,556.860886529614,1.294823036071758,196.62392521664484,254.28326686195857,1.2932468242701494,3336,19863.91316115856,495,10209.643720626831
1046,S2,near_coast_westward_path_shift,2024-10-29 00:00:00,431.8350940665695,554.3144541889656,1.2836253046713102,199.00761184844833,252.577075432745,1.2691829879607346,3343,19560.074148654938,496,10142.36911392212
1047,S2,near_coast_westward_path_shift,2024-10-29 00:30:00,419.76062950621974,588.0382317305705,1.4008894364921756,186.6128667001469,265.9722537585134,1.4252621400746244,3611,20314.60142993927,505,10255.216753959656
1048,S2,near_coast_westward_path_shift,2024-10-29 01:00:00,418.7338718404637,583.2677653579519,1.3929318944137716,193.1377534879849,266.1447646216174,1.378004868624367,3575,20576.70338988304,520,10689.697217941284
1049,S2,near_coast_westward_path_shift,2024-10-29 01:30:00,416.8824893262654,583.2514275908075,1.3990787392711403,199.35970123732878,272.04438420193827,1.3645906495319247,3547,20716.000304818153,546,11051.30951499939
1050,S2,near_coast_westward_path_shift,2024-10-29 02:00:00,416.10361150764174,589.9009130019,1.4176779453188308,200.36259371158644,270.09256707650235,1.3480189194660155,3504,20494.49500131607,543,10784.931716918945
1051,S2,near_coast_westward_path_shift,2024-10-29 02:30:00,415.61928020874774,586.9347189096061,1.412193194249344,195.50241285629937,262.9528243155099,1.345010634261519,3464,19724.045607686043,513,10106.859827041626
1052,S2,near_coast_westward_path_shift,2024-10-29 03:00:00,412.6900266401217,589.6558634870989,1.4288105488948377,194.11100198635478,262.5854354539443,1.3527591572187219,3519,19714.795858860016,511,10092.774889945984
1053,S2,near_coast_westward_path_shift,2024-10-29 03:30:00,411.15295662084134,622.0578033667995,1.5129595770861735,205.06587134913406,249.4287235860761,1.2163346438150648,3427,19760.813787698746,521,10181.792851448059
1054,S2,near_coast_westward_path_shift,2024-10-29 04:00:00,414.22171725166794,634.1860639562406,1.5310304543277429,209.42088112387026,245.74276891619604,1.1734396665576083,3395,19315.947528481483,514,9664.779717445374
1055,S2,near_coast_westward_path_shift,2024-10-29 04:30:00,415.27302903971866,640.2042594842408,1.5416466149141774,209.38198333215365,245.04418838398666,1.1703212687371436,3419,19424.186987280846,512,9742.68211555481
1056,S2,near_coast_westward_path_shift,2024-10-29 05:00:00,422.8244326522525,647.285734795579,1.530861711882035,212.11091251563653,243.5131209723875,1.1480461711484782,3461,19483.034792780876,512,9670.541772842407
1057,S2,near_coast_westward_path_shift,2024-10-29 05:30:00,428.37524083314776,654.1172349561892,1.5269725525779545,217.52372085988833,245.17026412930525,1.12709668242216,3475,19651.34768331051,524,9810.968572616577
1058,S2,near_coast_westward_path_shift,2024-10-29 06:00:00,430.5399597241383,662.3527819275648,1.5384234772353194,221.53823153422437,244.38499235825367,1.103127846899413,3474,19739.145362138748,528,9841.049112319946
1059,S2,near_coast_westward_path_shift,2024-10-29 06:30:00,471.1876704432645,690.5564625455806,1.4655656458411697,228.84736169214818,258.56397005859964,1.129853401615466,4210,23526.68202960491,560,10759.43611240387
1060,S2,near_coast_westward_path_shift,2024-10-29 07:00:00,475.80922026954744,653.4809327321791,1.3734095618449316,232.35483246594146,260.89495089530203,1.1228298896410638,4161,22804.410620093346,566,10051.52348613739
1061,S2,near_coast_westward_path_shift,2024-10-29 07:30:00,473.6308293066893,678.6250983814018,1.4328144546139152,244.74779456183387,261.7684511211493,1.0695436565211387,4159,22986.056604266167,601,10389.186199188232
1062,S2,near_coast_westward_path_shift,2024-10-29 08:00:00,478.2413297402273,727.6785793764719,1.521571922217039,245.1731448125493,256.03271773397427,1.0442934846299206,4059,22152.30803310871,585,9705.867990493774
1063,S2,near_coast_westward_path_shift,2024-10-29 08:30:00,481.86585374056676,722.3720450210466,1.4991144099825864,231.88119991917324,258.9303234959901,1.116650783186581,4102,22482.27300298214,572,9996.355920791626
1064,S2,near_coast_westward_path_shift,2024-10-29 09:00:00,486.3685388127511,694.2976474729569,1.4275134842557236,233.98083824988322,260.7351031026907,1.1143438285498992,4232,23310.99775135517,587,10843.00176525116
1065,S2,near_coast_westward_path_shift,2024-10-29 09:30:00,509.59994808326735,775.5055793970706,1.5217928932566402,241.063228341829,267.87005981729317,1.1112024909807101,3992,22880.971381783485,616,10461.590689659119
1066,S2,near_coast_westward_path_shift,2024-10-29 10:00:00,502.65442493705217,774.8147586736042,1.5414462108249287,247.21701724617134,268.8866248109646,1.0876541906628305,3910,22994.465267062187,630,10735.184825897217
1067,S2,near_coast_westward_path_shift,2024-10-29 10:30:00,500.0674512920788,759.4692155718732,1.5187335500631929,247.82108970964657,268.6295730060467,1.0839657485195422,3846,23139.53760588169,636,11170.238037109375
1068,S2,near_coast_westward_path_shift,2024-10-29 11:00:00,564.9925962549993,822.5594360978276,1.4558764867895344,246.8845233866086,264.5285918388365,1.0714668874751503,3797,22472.193369984627,612,10417.49806690216
1069,S2,near_coast_westward_path_shift,2024-10-29 11:30:00,566.5822049276694,885.5929241122262,1.5630440144608504,253.83469634909983,403.849489460356,1.5909940416693023,3737,22791.874747276306,623,11133.432528495789
1070,S2,near_coast_westward_path_shift,2024-10-29 12:00:00,564.5880328263627,900.5059223311182,1.5949787632286998,252.455363573125,402.101064254547,1.592761027388807,3746,22947.183349370956,623,11327.099252700806
1071,S2,near_coast_westward_path_shift,2024-10-29 12:30:00,446.93831220187445,489.52207029310375,1.095278826917827,216.8527985858127,232.28459715286036,1.0711625520522852,3191,18132.076493024826,404,8284.10353755951
1072,S2,near_coast_westward_path_shift,2024-10-29 13:00:00,448.18479170625756,505.6941405718719,1.1283161542511801,219.3239583250966,234.09227475956095,1.0673356278413173,3201,17903.49655663967,401,8096.755014419556
1073,S2,near_coast_westward_path_shift,2024-10-29 13:30:00,446.64787095246675,541.7586773969516,1.2129436019512685,228.18013383456656,236.61369467611016,1.0369601012139689,3199,17722.348425626755,414,8176.127015113831
1074,S2,near_coast_westward_path_shift,2024-10-29 14:00:00,444.9182677679487,540.4409651100036,1.2146971798242154,235.10858898783698,238.81831621169076,1.0157787822206898,3204,18154.898263931274,433,8547.62370967865
1075,S2,near_coast_westward_path_shift,2024-10-29 14:30:00,442.24368840786394,535.8897919843715,1.2117522669767087,234.5703718086747,249.75268389004196,1.06472391190883,3227,18612.53002202511,459,8973.367692947388
1076,S2,near_coast_westward_path_shift,2024-10-29 15:00:00,441.14565611546374,539.0858865059676,1.2220133623278115,237.84318937832793,251.39445577178506,1.0569756335208766,3247,18967.103558421135,473,9207.543966293335
1077,S2,near_coast_westward_path_shift,2024-10-29 15:30:00,444.11150046670997,547.6474517243353,1.2331305339961243,238.0189885096589,242.88841056123866,1.0204581242953277,3287,18968.87732410431,456,8829.596329689026
1078,S2,near_coast_westward_path_shift,2024-10-29 16:00:00,447.4440016447059,556.7735757451991,1.2443424734684572,239.94805434275645,242.86086586530922,1.0121393421194027,3334,19084.312955737114,463,8736.3564453125
1079,S2,near_coast_westward_path_shift,2024-10-29 16:30:00,442.76705431682507,553.6141167572949,1.2503507461988155,225.41340708822972,240.60193346017033,1.0673807586165207,3290,18669.087111592293,442,8519.200840950012
1080,S2,near_coast_westward_path_shift,2024-10-29 17:00:00,438.0779668637509,550.7885204217979,1.2572842326788385,217.7165496588452,234.25245386050634,1.0759515260900987,3217,18362.298158288002,418,8340.82396697998
1081,S2,near_coast_westward_path_shift,2024-10-29 17:30:00,428.9673147415231,537.2125476283354,1.2523391157483288,220.24234317916324,236.66709075901247,1.0745757938403648,3100,18467.156279325485,437,9047.670320510864
1082,S2,near_coast_westward_path_shift,2024-10-29 18:00:00,428.43546636473195,534.1275028765648,1.246693014022921,223.47268331187752,240.09076678149185,1.0743629298370267,3090,18421.47531557083,450,9168.787380218506
1083,S2,near_coast_westward_path_shift,2024-10-29 18:30:00,414.6719943951104,478.4534144827544,1.1538117378307207,240.21030575613918,262.9435433417197,1.0946388936728557,3093,20786.68688070774,592,11594.74909210205
1084,S2,near_coast_westward_path_shift,2024-10-29 19:00:00,422.53349122642544,478.8905620025019,1.1333789437909312,242.77746560096008,272.9500150404161,1.1242806838137434,3131,21292.0213752985,625,11995.160492897034
1085,S2,near_coast_westward_path_shift,2024-10-29 19:30:00,448.15668192695324,510.33621366592047,1.1387450734230065,242.57192488138523,279.72684076912395,1.1531707179464643,3246,21858.65316081047,647,12278.03731250763
1086,S2,near_coast_westward_path_shift,2024-10-29 20:00:00,467.0666728013392,576.4366563646167,1.2341635358123602,242.51387377217256,284.905671069327,1.1748015345999456,3248,21679.88463127613,652,12095.349333763123
1087,S2,near_coast_westward_path_shift,2024-10-29 20:30:00,480.4376241785557,569.2105558644379,1.1847751450308734,235.24794217621576,276.63229360421036,1.1759180167322947,3242,21346.755170106888,615,11548.227314949036
1088,S2,near_coast_westward_path_shift,2024-10-29 21:00:00,479.13690926041494,551.7537319012386,1.1515575636886588,234.6637967680207,274.886895576832,1.1714073468630233,3208,21329.639115571976,607,11556.814332962036
1089,S2,near_coast_westward_path_shift,2024-10-29 21:30:00,467.27996949465756,518.0437057753794,1.1086366623752768,239.0260859177248,274.56431510779515,1.1486792918589723,3209,21839.65099275112,623,12021.937908172607
1090,S2,near_coast_westward_path_shift,2024-10-29 22:00:00,468.3132092721266,523.4274985407015,1.117686813391907,237.1579317141695,272.7752821965832,1.1501840997894168,3261,21697.374448895454,611,11808.175566673279
1091,S2,near_coast_westward_path_shift,2024-10-29 22:30:00,457.4842422442288,514.0704667170215,1.123689996829624,244.36149636070382,281.3981524716275,1.151565024205992,3236,22249.76585328579,662,12611.59073638916
1092,S2,near_coast_westward_path_shift,2024-10-29 23:00:00,415.5791023453342,504.26923762943113,1.2134133665133064,247.95077005070527,278.56394509182286,1.1234647306594618,3207,22252.40954351425,663,12682.057067871094
1093,S2,near_coast_westward_path_shift,2024-10-29 23:30:00,422.09033352078853,514.1549248584994,1.218115848732592,249.92122102603625,283.19685907514145,1.1331445081473792,3211,21902.57544338703,671,12213.996597290039
1094,S2,near_coast_westward_path_shift,2024-10-30 00:00:00,416.63247711298857,511.2519102225983,1.2271052745702016,250.21519119771898,280.5918920878308,1.121402304730999,3225,22501.91226041317,679,12840.221284866333
1095,S2,near_coast_westward_path_shift,2024-10-30 00:30:00,543.8321945120392,575.6608251765758,1.0585265657048755,265.10615789316336,287.6703981445589,1.0851139801154213,4176,23404.726199746132,659,11525.221133232117
1096,S2,near_coast_westward_path_shift,2024-10-30 01:00:00,543.5843307599165,575.7336059585855,1.0591431234850424,265.06444360615706,287.7092928599926,1.0854314858143743,4174,23397.488778948784,659,11529.881589889526
1097,S2,near_coast_westward_path_shift,2024-10-30 01:30:00,543.5629020751453,575.8423914096168,1.0593850117644854,265.02963380596157,287.7494462346667,1.0857255549216738,4175,23393.415562033653,659,11532.278350830078
1098,S2,near_coast_westward_path_shift,2024-10-30 02:00:00,541.6853293273358,575.9738351361144,1.0632996759416706,267.6571727702375,286.7984475290061,1.0715141483437802,4150,23485.717898249626,663,11591.125632286072
1099,S2,near_coast_westward_path_shift,2024-10-30 02:30:00,541.8312972793926,576.1314099454328,1.0633040447059159,267.52035617367056,287.2348855497122,1.073693567315835,4151,23483.487578630447,664,11597.764827728271
1100,S2,near_coast_westward_path_shift,2024-10-30 03:00:00,541.9358226759679,576.4138638783099,1.0636201553019609,267.50015987409574,287.280674300929,1.0739458041301442,4152,23468.01429259777,664,11587.016416549683
1101,S2,near_coast_westward_path_shift,2024-10-30 03:30:00,538.2806344822458,575.7086076968201,1.0695324535510624,267.1612823789973,288.5072051992137,1.079899013173375,4121,23860.347472310066,672,11932.139657020569
1102,S2,near_coast_westward_path_shift,2024-10-30 04:00:00,538.2705985010371,575.763148610912,1.0696537210360035,267.12582822727296,288.50909177702965,1.0800494047754998,4120,23851.794811487198,672,11928.156306266785
1103,S2,near_coast_westward_path_shift,2024-10-30 04:30:00,535.1377129998335,569.020534662902,1.0633160789082303,264.2031648461499,291.55824282072047,1.103538040471615,4058,23734.14153754711,676,12011.315316200256
1104,S2,near_coast_westward_path_shift,2024-10-30 05:00:00,548.6205486629993,577.0894288037314,1.051891749607466,253.94082179547263,292.4295809954558,1.1515658606121288,4121,23732.798865675926,636,11522.559829711914
1105,S2,near_coast_westward_path_shift,2024-10-30 05:30:00,547.5105887214554,572.1175679129177,1.0449433850200476,247.2184349022879,276.77330443874314,1.1195496183289713,4058,23643.66757786274,603,11579.141158103943
1106,S2,near_coast_westward_path_shift,2024-10-30 06:00:00,547.563167301492,575.9303863032494,1.0518062950463891,244.35904850825818,269.7310907458957,1.1038309912914028,4066,23074.442744731903,592,11421.23182296753
1107,S2,near_coast_westward_path_shift,2024-10-30 06:30:00,525.1876586079346,590.9074259955164,1.1251357801548076,241.96063010031918,269.1076753134394,1.1121961254682784,3958,21903.750516414642,574,10717.554257392883
1108,S2,near_coast_westward_path_shift,2024-10-30 07:00:00,509.88795889296665,571.5620852643245,1.1209562322382731,240.0397811084979,274.08224292119104,1.1418200835523376,3909,22521.403730750084,593,11533.432748794556
1109,S2,near_coast_westward_path_shift,2024-10-30 07:30:00,525.7164378199053,561.7761900593777,1.0685916392285688,241.82773063263656,285.38143107773897,1.1801021757561136,3747,23010.579333424568,632,12075.256489753723
1110,S2,near_coast_westward_path_shift,2024-10-30 08:00:00,525.7185247125117,560.5343462601913,1.0662252135146228,241.44572931072216,285.09324695548145,1.1807756872294357,3742,22993.53371822834,631,12067.618642807007
1111,S2,near_coast_westward_path_shift,2024-10-30 08:30:00,525.8112060871217,560.4565130095652,1.0658892517340188,240.86473653370214,284.96198061672055,1.183078871227159,3742,22986.205535292625,631,12074.44815158844
1112,S2,near_coast_westward_path_shift,2024-10-30 09:00:00,526.2261445857782,577.337445135542,1.0971280144014797,236.937170777165,281.62452828456446,1.1886042504889447,3703,22656.73771762848,620,11831.127194404602
1113,S2,near_coast_westward_path_shift,2024-10-30 09:30:00,450.35479084056345,510.81787989580465,1.1342565690094888,265.4079745815217,283.549544060544,1.0683535206793453,3391,23327.32889711857,704,13304.46097278595
1114,S2,near_coast_westward_path_shift,2024-10-30 10:00:00,456.35498436213857,531.4601083037288,1.1645761008758693,258.4923330921588,281.37413174391577,1.0885202217722951,3531,23033.90870285034,682,12571.043504714966
1115,S2,near_coast_westward_path_shift,2024-10-30 10:30:00,457.1592478807815,537.1697644067903,1.17501672972144,260.3228855900136,281.3099515758507,1.0806193659780217,3563,23113.92628824711,686,12540.54754447937
1116,S2,near_coast_westward_path_shift,2024-10-30 11:00:00,463.63459076931343,549.1460053082717,1.1844370895559522,257.98750341931026,285.4283715324142,1.1063651058652357,3616,22872.917212963104,699,12274.895380973816
1117,S2,near_coast_westward_path_shift,2024-10-30 11:30:00,464.31607710569085,548.7794502605208,1.1819092151220139,258.86096243535246,286.63240565889043,1.10728324179229,3566,22828.937393426895,706,12429.69585609436
1118,S2,near_coast_westward_path_shift,2024-10-30 12:00:00,464.87702286010256,546.805722974739,1.1762373618953639,259.4039779227929,283.8340521385506,1.094177716206911,3533,22700.67513716221,700,12326.09944820404
1119,S2,near_coast_westward_path_shift,2024-10-30 12:30:00,465.8577258409732,560.7188307251691,1.2036267719140001,242.62200152816325,272.939969821665,1.124959682561935,3141,21815.169115781784,629,12207.216116905212
1120,S2,near_coast_westward_path_shift,2024-10-30 13:00:00,463.4382510968209,559.5407812340741,1.2073685758778128,246.11311546030436,284.7210345128896,1.1568706282896621,3150,22497.421328663826,667,12928.903136253357
1121,S2,near_coast_westward_path_shift,2024-10-30 13:30:00,461.3477413858874,557.6612300112097,1.2087654928926184,246.74784735155293,292.1418094186349,1.1839690297374954,3185,23243.68999648094,691,13682.487678527832
1122,S2,near_coast_westward_path_shift,2024-10-30 14:00:00,461.4557921161782,553.061610776867,1.198514831162038,247.93665454663972,297.25601785911647,1.1989192094354004,3215,23846.205948472023,709,14268.176329612732
1123,S2,near_coast_westward_path_shift,2024-10-30 14:30:00,468.22531363844854,555.5019170512971,1.1863987291388525,247.2285664095616,286.4044205734044,1.1584600628187218,3216,23317.520854830742,674,13497.302947044373
1124,S2,near_coast_westward_path_shift,2024-10-30 15:00:00,468.50771432154175,555.8191030877829,1.1863606213884392,247.19354776622922,286.4190299724008,1.1586832769731754,3216,23317.263496279716,674,13486.85104560852
1125,S2,near_coast_westward_path_shift,2024-10-30 15:30:00,449.097096981282,545.7124584682435,1.2151324560688201,265.73729005901544,285.82981890628247,1.0756104980328645,3524,23448.50044286251,720,13085.848222732544
1126,S2,near_coast_westward_path_shift,2024-10-30 16:00:00,448.23986839749784,570.9583621904478,1.2737786226639756,256.96680554061896,277.3831174423327,1.079451164358602,3609,22619.433628439903,683,12178.977786064148
1127,S2,near_coast_westward_path_shift,2024-10-30 16:30:00,445.13863276445227,586.6441388659148,1.3178908674420529,252.4710171141884,268.4033147626558,1.063105451986437,3608,21500.712492346764,638,11058.425954818726
1128,S2,near_coast_westward_path_shift,2024-10-30 17:00:00,437.98331155997386,574.3312266069428,1.311308471003917,249.23776877624303,267.01473320440147,1.0713253232663822,3594,22119.374777793884,631,11501.830555915833
1129,S2,near_coast_westward_path_shift,2024-10-30 17:30:00,433.3405193023048,571.0028403591995,1.3176770113224932,249.29496982647333,264.7226215690333,1.0618851305074373,3591,22592.624718904495,631,11921.008536338806
1130,S2,near_coast_westward_path_shift,2024-10-30 18:00:00,429.1669026809115,575.6371656514145,1.3412897454475963,251.59018347576645,274.3470601389049,1.0904521645031884,3607,22595.057806134224,662,12404.513710021973
1131,S2,near_coast_westward_path_shift,2024-10-30 18:30:00,477.7659212107172,514.5915879813258,1.0770788897569061,231.40399958139227,274.25130674121846,1.185162344805342,3233,22400.63457119465,611,12510.398578643799
1132,S2,near_coast_westward_path_shift,2024-10-30 19:00:00,476.2246452505865,512.3428525443721,1.075842793215331,230.73976211615545,271.72064104170795,1.1776064885813715,3230,22553.52686023712,605,12644.865586280823
1133,S2,near_coast_westward_path_shift,2024-10-30 19:30:00,474.35007863730186,509.19347527719924,1.0734550244831693,233.22521321532838,285.75429695995655,1.2252290094215874,3249,23218.002588629723,644,13503.379972457886
1134,S2,near_coast_westward_path_shift,2024-10-30 20:00:00,488.9369058671488,498.5379094179669,1.0196364877259352,230.9009112069803,295.3388540202761,1.279071842880395,3348,23366.85137426853,654,13471.02645111084
1135,S2,near_coast_westward_path_shift,2024-10-30 20:30:00,451.3728064123134,513.9717807209461,1.1386857458387722,238.89975529772371,315.67910161276296,1.3213872957691117,3455,23304.78139603138,709,13374.830025672913
1136,S2,near_coast_westward_path_shift,2024-10-30 21:00:00,451.6764912705036,515.7895041911777,1.1419445425205368,236.55076986640705,311.0629681416365,1.3149945287318623,3455,22902.740185260773,686,12860.014681816101
1137,S2,near_coast_westward_path_shift,2024-10-30 21:30:00,460.63974547184944,599.4494878778097,1.3013412189687872,223.48767912076315,312.7986809324964,1.3996238278687032,3689,22266.66814482212,639,11472.506187438965
1138,S2,near_coast_westward_path_shift,2024-10-30 22:00:00,478.9443567623259,739.3986139220036,1.5438090113856908,216.13382083792743,305.0280244360638,1.4112924263935267,3585,23161.714153409004,620,12336.969075202942
1139,S2,near_coast_westward_path_shift,2024-10-30 22:30:00,459.4127601243477,678.991621793408,1.4779555134899303,211.41348371464431,311.221014288285,1.472096333781409,3610,22817.324891209602,608,11870.764436721802
1140,S2,near_coast_westward_path_shift,2024-10-30 23:00:00,473.78626658065383,646.8098661175093,1.3651933619468892,206.82945828376592,317.57199277597726,1.535429215021553,3678,22329.822484612465,589,10998.993525505066
1141,S2,near_coast_westward_path_shift,2024-10-30 23:30:00,452.78928745801164,681.0197301444853,1.5040544222408012,208.06106190694123,318.3405183495571,1.5300340939908241,3647,21911.134596824646,581,10775.782815933228
1142,S2,near_coast_westward_path_shift,2024-10-31 00:00:00,451.95288052704853,684.589023446131,1.514735391547434,207.01781085779234,318.0511263172685,1.536346679541246,3641,21906.571873426437,579,10776.129224777222
1143,S2,near_coast_westward_path_shift,2024-10-31 00:30:00,447.1210330884409,500.61403849325535,1.1196387587390288,226.91438941753373,291.05798095980003,1.2826774965964702,3305,21111.092702627182,605,11168.765829086304
1144,S2,near_coast_westward_path_shift,2024-10-31 01:00:00,442.94319303726405,512.6072316268727,1.1572753339134094,226.54185062666636,286.88820956698953,1.2663806213880135,3442,21695.73250102997,605,11779.77665901184
1145,S2,near_coast_westward_path_shift,2024-10-31 01:30:00,431.8829097583119,501.3500980602231,1.1608472730277402,226.64997542817528,272.8294705512512,1.203748070282535,3362,22530.643406510353,579,12673.341872215271
1146,S2,near_coast_westward_path_shift,2024-10-31 02:00:00,431.9639468390577,501.4946239915739,1.1609640750375423,226.8209599621658,272.9015587235393,1.203158468110966,3355,22440.051446795464,579,12619.046877861023
1147,S2,near_coast_westward_path_shift,2024-10-31 02:30:00,433.5069970575608,511.35026115096764,1.1795663383100357,225.9750625168843,270.7170154165827,1.1979950902606973,3374,21782.096066474915,556,11753.66853427887
1148,S2,near_coast_westward_path_shift,2024-10-31 03:00:00,458.56810068361716,611.2304622103871,1.3329109924985731,192.39856435085318,206.27165452692182,1.0721059963356534,3789,19262.257717609406,383,7065.754530906677
1149,S2,near_coast_westward_path_shift,2024-10-31 03:30:00,407.72116276966386,591.7655251750043,1.4513976197730805,208.19848538000153,228.69300825496288,1.0984374254094782,3499,20397.90050816536,466,9003.714784622192
1150,S2,near_coast_westward_path_shift,2024-10-31 04:00:00,408.96190074287097,594.4666708982949,1.4535991490123084,204.99655820668315,233.53037312121063,1.1391916779683577,3492,20392.209567308426,468,8889.245791435242
1151,S2,near_coast_westward_path_shift,2024-10-31 04:30:00,405.66685758592627,590.2243437813646,1.4549483960649776,201.5173158070573,225.06841736207681,1.1168688728345677,3435,19593.256088495255,439,8374.588690757751
1152,S2,near_coast_westward_path_shift,2024-10-31 05:00:00,401.1993860663188,589.8158553201592,1.47013150020788,193.63307445368144,221.72276845254186,1.145066611569908,3406,19111.798176050186,411,8025.991072654724
1153,S2,near_coast_westward_path_shift,2024-10-31 05:30:00,401.4906404158253,588.5131871693679,1.4658204399480925,189.9387327607356,223.17500966237301,1.1749841984230975,3400,18891.60494375229,400,7835.919322967529
1154,S2,near_coast_westward_path_shift,2024-10-31 06:00:00,401.281295815886,588.7061460040302,1.4670660011876957,190.30356300462273,223.03521025011696,1.1719970279521144,3398,18828.333392977715,400,7804.408514022827
1155,S2,near_coast_westward_path_shift,2024-10-31 06:30:00,415.73086241924887,599.8501915942715,1.442881069987399,197.40521782369075,230.35434306907067,1.166911116173265,3623,18005.03856217861,410,7107.807447433472
1156,S2,near_coast_westward_path_shift,2024-10-31 07:00:00,404.3245051462024,583.1363905617186,1.4422484493015255,184.86585812945853,201.20937524702413,1.0884074392261194,3187,15112.960746645927,339,5669.0778732299805
1157,S2,near_coast_westward_path_shift,2024-10-31 07:30:00,412.8393986530703,568.4993015289486,1.377047111743048,189.41957133977678,215.69576210522527,1.138719513403996,3226,15387.055445432663,351,5516.520708084106
1158,S2,near_coast_westward_path_shift,2024-10-31 08:00:00,435.71652096196703,537.3671149860232,1.233295248478604,201.75752125927417,213.64299290569926,1.0589096831297322,3215,16506.3181040287,357,5933.102555274963
1159,S2,near_coast_westward_path_shift,2024-10-31 08:30:00,444.52937609279616,542.0736940264392,1.2194327825778588,201.0479172713248,206.67375141826884,1.0279825537279785,3276,16796.20046198368,362,6245.621335983276
1160,S2,near_coast_westward_path_shift,2024-10-31 09:00:00,453.30774975571114,544.7754484486161,1.2017783696444544,185.0053301129665,223.93454334782777,1.2104221170875964,3462,17676.981936097145,372,6823.023115158081
1161,S2,near_coast_westward_path_shift,2024-10-31 09:30:00,531.1979046378009,722.3065324546632,1.3597691672883554,209.79721632994298,263.2713772497921,1.2548849877767223,3270,17830.17820727825,391,7265.261137008667
1162,S2,near_coast_westward_path_shift,2024-10-31 10:00:00,442.79512994848665,571.6045962551732,1.2909008198027618,186.0701514436082,259.5809666605897,1.395070432558114,3325,17147.644347071648,373,6756.028504371643
1163,S2,near_coast_westward_path_shift,2024-10-31 10:30:00,459.1586514026076,558.8928572120207,1.2172107734543396,163.00681893855162,215.2307117741392,1.3203785778757697,3117,14685.221707224846,293,5268.10216999054
1164,S2,near_coast_westward_path_shift,2024-10-31 11:00:00,447.78882607687495,644.4154886350258,1.439105781805268,159.66635298227186,231.52629765735705,1.4500631681808536,3323,15025.454030394554,308,5432.006987571716
1165,S2,near_coast_westward_path_shift,2024-10-31 11:30:00,454.60550543284296,638.9983783612805,1.4056107344165802,160.12169941057496,233.89738199111767,1.4607475617116068,3338,15273.53526711464,313,5720.863480567932
1166,S2,near_coast_westward_path_shift,2024-10-31 12:00:00,456.2653659508987,638.8847845275034,1.4002482594663035,159.16843369211657,234.5464979298757,1.4735742036864126,3339,15254.381841421127,312,5699.924335479736
1167,S2,near_coast_westward_path_shift,2024-10-31 12:30:00,455.5968177793626,556.4344983497342,1.2213309589427472,182.97079596404117,293.655064933349,1.6049286083395449,3154,16632.751724362373,352,6025.451391220093
1168,S2,near_coast_westward_path_shift,2024-10-31 13:00:00,453.6634068432694,559.9887018606397,1.234370446047684,175.54662951337897,301.46640262988365,1.7173010012528107,3049,15642.565108180046,321,5099.258768081665
1169,S2,near_coast_westward_path_shift,2024-10-31 13:30:00,463.4512154425647,572.0514545447454,1.2343293867478016,167.1373036935431,308.7348097367134,1.8471927146963942,3070,15301.440999865532,293,4501.403961181641
1170,S2,near_coast_westward_path_shift,2024-10-31 14:00:00,532.6194193603174,571.7070951146691,1.0733876278887755,181.96964850265377,322.3205067149938,1.771287186446873,3112,15426.21314072609,342,5229.409607887268
1171,S2,near_coast_westward_path_shift,2024-10-31 14:30:00,533.6532394605435,715.9475104001453,1.3415968600207075,189.7663475589709,318.1092757586203,1.6763208010828394,3112,15790.148255705833,352,5604.195210456848
1172,S2,near_coast_westward_path_shift,2024-10-31 15:00:00,522.1499968881558,898.3032863651133,1.7203931661758252,182.52512457573724,308.4755397671635,1.6900442636825188,2976,15550.426112413406,335,5572.006839752197
1173,S2,near_coast_westward_path_shift,2024-10-31 15:30:00,452.0992555552089,560.7129496507991,1.2402430279656265,151.71243700826014,290.4187936013047,1.9142714949960933,2745,12278.793949007988,227,3069.985502243042
1174,S2,near_coast_westward_path_shift,2024-10-31 16:00:00,451.8749543936504,566.0672619255718,1.2527077600154877,152.51534169714256,288.5383225666989,1.8918642502185925,2736,12211.361736059189,227,3030.8662366867065
1175,S2,near_coast_westward_path_shift,2024-10-31 16:30:00,460.9983806027903,565.3298668364048,1.2263163833616768,149.25378597992943,283.1864168522266,1.8973482983561005,2784,12244.847585320473,227,3019.178026199341
1176,S2,near_coast_westward_path_shift,2024-10-31 17:00:00,461.09867713812196,570.7281920129686,1.2377571663299436,148.56734551876949,282.835143094821,1.9037503975534562,2771,12114.47811961174,220,2905.3923568725586
1177,S2,near_coast_westward_path_shift,2024-10-31 17:30:00,463.6296373320765,576.8520774603551,1.244208805933563,149.1927803029147,280.15397604148524,1.8777984797432596,2769,12009.031297326088,212,2775.9839153289795
1178,S2,near_coast_westward_path_shift,2024-10-31 18:00:00,468.1689805425138,583.9770461717958,1.247363816148354,133.47075641067636,255.10300106561064,1.9113025798751149,2825,12160.188012361526,194,2591.3369245529175
1179,S2,near_coast_westward_path_shift,2024-10-31 18:30:00,548.4039313397934,771.1718102214347,1.4062113091301163,181.06421867635441,423.0914642378509,2.33669284484147,3589,16183.632432222366,340,4093.6970596313477
1180,S2,near_coast_westward_path_shift,2024-10-31 19:00:00,536.7705266990157,760.9616098962774,1.417666529822289,172.37396137071522,423.43839454733575,2.456510201309742,3591,15988.601857066154,331,3965.9273319244385
1181,S2,near_coast_westward_path_shift,2024-10-31 19:30:00,619.4982010194291,972.1930752065489,1.569323484082332,239.9535717591964,650.4967526131367,2.7109275675460047,3545,13660.96027457714,270,3035.4826822280884
1182,S2,near_coast_westward_path_shift,2024-10-31 20:00:00,618.6717172065889,971.7638371258153,1.5707261381100424,243.8077755283141,652.9942683360331,2.6783160090814917,3539,13629.026401162148,269,3016.329442024231
1183,S2,near_coast_westward_path_shift,2024-10-31 20:30:00,627.6570727929497,977.3825168144301,1.5571919112856798,221.9700665161741,432.50835660653405,1.9484985673733486,3533,13599.480066895485,265,2906.020544052124
1184,S2,near_coast_westward_path_shift,2024-10-31 21:00:00,628.520144082726,983.148094033797,1.5642268641502652,314.19835273726073,571.4738871850736,1.8188315826816261,3523,13632.676883816719,255,2814.663332939148
1185,S2,near_coast_westward_path_shift,2024-10-31 21:30:00,631.3937043734093,973.1927202768968,1.5413405511267886,317.6284535950589,577.9692456089721,1.8196393901971295,3517,13526.38487637043,253,2780.0074424743652
1186,S2,near_coast_westward_path_shift,2024-10-31 22:00:00,631.1914750522934,976.0772130608146,1.5464043030364856,319.6399800341704,583.7414945531486,1.826246812087597,3520,13534.791000843048,252,2774.1229286193848
1187,S2,near_coast_westward_path_shift,2024-10-31 22:30:00,628.8798467042018,985.063475355475,1.5663778709366165,321.6846227857183,588.5121489497408,1.8294693226345502,3524,13586.97150194645,253,2796.5305337905884
1188,S2,near_coast_westward_path_shift,2024-10-31 23:00:00,627.0706405470332,991.2505799340985,1.5807638180434767,321.7106073584229,592.1378240466031,1.8405915456399329,3511,13586.048718214035,253,2805.714912414551
1189,S2,near_coast_westward_path_shift,2024-10-31 23:30:00,630.0306185069388,981.7727300312871,1.558293678421397,324.3352461112914,598.298216086419,1.8446907120329403,3513,13511.199734568596,251,2778.89866065979
1190,S2,near_coast_westward_path_shift,2024-11-01 00:00:00,543.1390024687529,965.5033719735293,1.7776358677704671,228.66530144920827,691.6321585035965,3.024648488949779,3393,14007.399498701096,241,2854.504367828369
1191,S2,near_coast_westward_path_shift,2024-11-01 00:30:00,789.5765837453196,989.4735044596769,1.253169768239775,695.9461410271698,774.2355940345456,1.1124935514288858,3325,12228.784537672997,214,2309.599754333496
1192,S2,near_coast_westward_path_shift,2024-11-01 01:00:00,789.1733790095399,990.4495400622588,1.2550468203898761,695.6690223512103,774.2376633974519,1.1129396861465752,3323,12240.867289304733,214,2311.2481384277344
1193,S2,near_coast_westward_path_shift,2024-11-01 01:30:00,743.2760159633743,884.9281729774959,1.190578135136679,336.7682542443358,688.133285157967,2.0433436836320764,3268,12271.237186908722,208,2291.817467689514
1194,S2,near_coast_westward_path_shift,2024-11-01 02:00:00,743.4360216114092,884.8157353002393,1.1901706529936311,336.7959668470589,687.5810195953558,2.0415357880683542,3277,12290.59153342247,207,2285.7140502929688
1195,S2,near_coast_westward_path_shift,2024-11-01 02:30:00,611.1442296332449,907.185259722019,1.4844045247165805,303.7033834121112,466.0559514221554,1.5345760925874765,3347,12343.77834391594,190,2134.079614639282
1196,S2,near_coast_westward_path_shift,2024-11-01 03:00:00,710.8404526051436,934.9316701111916,1.3152482623699588,534.5824499731204,681.755617349634,1.2753048989616331,3442,12419.4935785532,205,2221.656826019287
1197,S2,near_coast_westward_path_shift,2024-11-01 03:30:00,986.7340391082024,1166.4895722975489,1.1821722227722133,1020.335667314611,1227.4571359964834,1.2029934611881083,3339,11262.973659873009,180,1855.1395950317383
1198,S2,near_coast_westward_path_shift,2024-11-01 04:00:00,779.3693969528646,1154.6359104374264,1.4815001909899934,339.65216034989743,1129.9390852882625,3.3267537121631627,3277,10897.000584244728,169,1797.8878860473633
1199,S2,near_coast_westward_path_shift,2024-11-01 04:30:00,775.8070106639785,1151.2084830618203,1.4838851250861356,338.8382960299846,1128.0337668217458,3.3291212358178077,3281,10931.603830337524,169,1801.3526182174683
1200,S2,near_coast_westward_path_shift,2024-11-01 05:00:00,702.6379233726096,1041.9407576643032,1.4828985498862113,317.25810290916974,943.7990720272461,2.9748619920905552,3356,11347.448655128479,161,1793.284049987793
1201,S2,near_coast_westward_path_shift,2024-11-01 05:30:00,702.6392247284933,1037.101031587438,1.4760078787064335,301.9214318733705,843.9661086809103,2.7953169917227902,3345,11348.747501015663,161,1796.3800134658813
1202,S2,near_coast_westward_path_shift,2024-11-01 06:00:00,708.5243897183744,1083.0296762904647,1.5285707761181626,328.4844172279706,1057.3244719202391,3.218796437416527,3357,11371.70693397522,163,1802.6360883712769
1203,S2,near_coast_westward_path_shift,2024-11-01 06:30:00,876.9967363926681,1258.0298929101964,1.434474999399453,197.14524345711547,865.7433685709957,4.391398713909699,3360,13120.637335538864,173,2212.246470451355
1204,S2,near_coast_westward_path_shift,2024-11-01 07:00:00,872.3036292262669,1257.2529722846548,1.441302007879798,197.0913363065665,866.2100953579076,4.394967894532682,3359,13135.24453163147,173,2214.432915687561
1205,S2,near_coast_westward_path_shift,2024-11-01 07:30:00,864.7115676952817,1256.2048783773348,1.4527443893522785,196.766691565802,865.7677012651283,4.399970820140547,3366,13158.85917878151,173,2218.015121459961
1206,S2,near_coast_westward_path_shift,2024-11-01 08:00:00,854.7845359677801,1251.8796696694703,1.4645558231257667,190.804560368368,387.687863574824,2.031858477734234,3468,13860.125711798668,211,3046.2375259399414
1207,S2,near_coast_westward_path_shift,2024-11-01 08:30:00,846.9377126077875,1273.7163673071925,1.5039079596365106,192.48812179986902,394.3840651622425,2.0488748161420776,3424,13641.03665983677,216,3033.335385322571
1208,S2,near_coast_westward_path_shift,2024-11-01 09:00:00,839.8522358882313,1273.137885228457,1.5159070022382917,193.44936877540567,461.175832477491,2.383961423068342,3415,13650.802085638046,217,3048.8636207580566
1209,S2,near_coast_westward_path_shift,2024-11-01 09:30:00,397.25730491930807,704.8045129332368,1.7741763441616176,172.41053259069432,331.15711379993076,1.9207475832471428,2830,12429.809190034866,216,2840.2696170806885
1210,S2,near_coast_westward_path_shift,2024-11-01 10:00:00,685.7175041238726,1290.1366851031105,1.8814405018747338,194.8606311477138,456.8472736607798,2.3444821612758973,3349,13420.98833155632,220,3108.64408493042
1211,S2,near_coast_westward_path_shift,2024-11-01 10:30:00,691.1581595781743,1256.0669306905584,1.8173364710866697,195.0443911953432,381.8873287697724,1.9579508358550957,3363,13627.39480125904,218,3146.795804977417
1212,S2,near_coast_westward_path_shift,2024-11-01 11:00:00,397.69890134925726,706.0137252238172,1.775246858436246,172.46645502279915,331.2553080673984,1.9206941316420418,2832,12367.179733395576,216,2824.3401489257812
1213,S2,near_coast_westward_path_shift,2024-11-01 11:30:00,396.427022257289,713.463188950938,1.7997339961549956,160.72245100191373,332.9914379803542,2.0718414627486434,2795,11985.425737142563,202,2548.480703353882
1214,S2,near_coast_westward_path_shift,2024-11-01 12:00:00,396.2911416548013,711.1364741196234,1.794479864349513,161.4701674938245,333.13846085946005,2.0631579568541603,2791,11939.689952850342,201,2523.793067932129
1215,S2,near_coast_westward_path_shift,2024-11-01 12:30:00,522.1180612364811,783.09530536547,1.4998433563300615,150.9610098629029,202.99183081310235,1.3446639698386396,3058,12389.929834961891,238,3364.2147369384766
1216,S2,near_coast_westward_path_shift,2024-11-01 13:00:00,388.1223177257477,811.6325237442211,2.0911771538933484,156.73866360187225,192.34678403959828,1.2271814727741464,3015,11492.463096141815,234,2986.219305038452
1217,S2,near_coast_westward_path_shift,2024-11-01 13:30:00,374.0590296027251,808.4942289447248,2.1614081333724138,133.4291689028486,215.27457473425397,1.6133996524477823,2955,12079.327675819397,246,3594.375853538513
1218,S2,near_coast_westward_path_shift,2024-11-01 14:00:00,364.661240532743,794.1994430642945,2.177910221289287,149.80644777821573,239.87209249251015,1.6012134060319787,2913,13598.06020462513,317,5191.63028049469
1219,S2,near_coast_westward_path_shift,2024-11-01 14:30:00,355.2807604719745,789.693446801847,2.222730681370904,160.3364376461788,233.92036600420002,1.4589345343969817,2846,13493.278400182724,328,5295.752535820007
1220,S2,near_coast_westward_path_shift,2024-11-01 15:00:00,345.90776201573647,795.6882708668296,2.300290303490295,173.45808875384643,222.86911323164423,1.2848585778430632,2843,13638.493423938751,335,5555.906543731689
1221,S2,near_coast_westward_path_shift,2024-11-01 15:30:00,336.3124319662261,831.4847238304616,2.472357976686274,160.7640342770488,218.24671734899846,1.3575593467186007,2892,13362.376242876053,299,5107.6476764678955
1222,S2,near_coast_westward_path_shift,2024-11-01 16:00:00,317.80618916750586,866.7264656921103,2.727217075169303,170.953089177871,298.33726406688925,1.7451411115272537,2872,12654.101330161095,244,4065.496205329895
1223,S2,near_coast_westward_path_shift,2024-11-01 16:30:00,320.76689434061603,877.2509088050177,2.73485488771631,176.21609251267083,304.9362716570076,1.7304677870727352,2899,12589.169350385666,245,3994.56383228302
1224,S2,near_coast_westward_path_shift,2024-11-01 17:00:00,334.7076344783885,874.7189289418394,2.6133820649325994,158.80085344380214,216.6749978169753,1.364444794332625,2841,12634.396692156792,280,4505.048168182373
1225,S2,near_coast_westward_path_shift,2024-11-01 17:30:00,355.9824289481109,896.6684828534112,2.5188560163010454,134.8469115957261,226.64833826253863,1.680782567286624,2893,12244.65167748928,251,3648.1634588241577
1226,S2,near_coast_westward_path_shift,2024-11-01 18:00:00,359.1669859496444,830.4677900745513,2.3122052487056295,136.3085486820837,238.1975504521449,1.7474879804325263,2777,12142.322668910027,272,4177.2397565841675
1227,S2,near_coast_westward_path_shift,2024-11-01 18:30:00,360.2202962413178,767.685090466776,2.131154458749566,192.32059280319663,195.39313541758005,1.0159761498734905,2909,12773.712868571281,309,4865.0337171554565
1228,S2,near_coast_westward_path_shift,2024-11-01 19:00:00,361.42314920349264,794.056290940088,2.1970266505895752,183.98877873450016,200.23433184122922,1.088296434263367,2948,12572.705736517906,300,4628.041972160339
1229,S2,near_coast_westward_path_shift,2024-11-01 19:30:00,363.6608026223644,791.0557730932279,2.175257183036799,183.03699352436576,200.52612873452495,1.0955497294476155,2959,12517.064944982529,298,4597.691627502441
1230,S2,near_coast_westward_path_shift,2024-11-01 20:00:00,369.3271530251678,817.2391541941091,2.212778420162398,171.5610024980336,199.90985348550146,1.1652406466195115,2945,11825.595737934113,252,3758.8827333450317
1231,S2,near_coast_westward_path_shift,2024-11-01 20:30:00,374.59826329504443,830.7423808278801,2.217688820873046,164.28867446046348,200.5950023473885,1.2209910573942881,2906,11299.901587247849,221,3078.7426385879517
1232,S2,near_coast_westward_path_shift,2024-11-01 21:00:00,374.2953594129195,830.6852515863146,2.2193308858791045,164.40802235040704,199.74035382798945,1.2149063711883628,2903,11296.046173214912,220,3067.96639919281
1233,S2,near_coast_westward_path_shift,2024-11-01 21:30:00,655.3006442307643,973.7375002348413,1.485940093005521,387.8418886372659,729.0130188941321,1.8796655035267449,4037,16026.851916193962,265,3040.7874794006348
1234,S2,near_coast_westward_path_shift,2024-11-01 22:00:00,657.1119591880155,974.6964357220626,1.483303449425088,368.79564511908137,746.3730368895567,2.0238119586486882,4037,15981.377125144005,265,3039.9670248031616
1235,S2,near_coast_westward_path_shift,2024-11-01 22:30:00,658.0026683245219,976.0475813357148,1.4833489715490547,366.8463790890194,760.1632961489803,2.072157010344965,4035,15949.057771801949,264,3029.7291975021362
1236,S2,near_coast_westward_path_shift,2024-11-01 23:00:00,657.9877449909171,977.2056066788138,1.485142564003683,367.3847594967969,761.390753819141,2.0724614566538033,4033,15925.726517438889,263,3020.3294467926025
1237,S2,near_coast_westward_path_shift,2024-11-01 23:30:00,658.5768259663581,978.6359948848942,1.4859860783119692,361.7305113430723,758.1368440359862,2.0958609248113778,4028,15893.31629371643,262,3010.2191371917725
1238,S2,near_coast_westward_path_shift,2024-11-02 00:00:00,637.5924518428413,1044.0896847013491,1.637550259077883,162.40899039565056,1081.3927102321065,6.6584534981572085,3718,14573.07024717331,202,2160.7225971221924
1239,S2,near_coast_westward_path_shift,2024-11-02 00:30:00,555.5127989827624,885.8765374153032,1.5947004984178417,155.0357266483777,510.09680532674696,3.2901887607083458,3947,17305.367728590965,245,3117.139217376709
1240,S2,near_coast_westward_path_shift,2024-11-02 01:00:00,554.8523145562901,886.7416998623722,1.5981580622430838,155.19179323832145,510.9559564761186,3.292416086019845,3946,17302.389139652252,244,3113.339870452881
1241,S2,near_coast_westward_path_shift,2024-11-02 01:30:00,555.9843152525,886.6395170994741,1.5947203774926737,153.98295495038192,511.78850478725366,3.3236698500308974,3952,17285.79189825058,244,3098.3764305114746
1242,S2,near_coast_westward_path_shift,2024-11-02 02:00:00,589.2515280211934,894.4050567290171,1.5178663341486436,352.5196318197714,616.6919115977432,1.7493831716953294,3974,15281.893585085869,273,2895.4315996170044
1243,S2,near_coast_westward_path_shift,2024-11-02 02:30:00,590.0270890619402,880.7696944958828,1.4927614525227662,338.4934273312038,537.0364175182228,1.5865490262319042,4095,15909.690816402435,272,2919.8832082748413
1244,S2,near_coast_westward_path_shift,2024-11-02 03:00:00,556.148386834021,888.0357275274843,1.5967604124194128,154.00826536841845,513.0088150761757,3.3310472905395896,3954,17260.81745815277,244,3089.679623603821
1245,S2,near_coast_westward_path_shift,2024-11-02 03:30:00,605.8048722832485,830.6657464914769,1.371177064589688,281.53674989565224,339.1217931910286,1.204538282539378,4383,17237.56558549404,287,3341.3179092407227
1246,S2,near_coast_westward_path_shift,2024-11-02 04:00:00,556.8117334995105,888.7863907782557,1.5962062889593103,153.49415043748934,514.1882425705437,3.3498881951201396,3950,17222.399450182915,243,3072.6505002975464
1247,S2,near_coast_westward_path_shift,2024-11-02 04:30:00,608.0974684536826,834.0469019244088,1.3715677916655145,304.38453404224833,395.9296778563814,1.3007549122105702,4340,16932.90470945835,284,3229.5214557647705
1248,S2,near_coast_westward_path_shift,2024-11-02 05:00:00,608.4301080111223,834.3568835436078,1.3713274089459655,301.9257569350161,396.6777378122579,1.3138254312553863,4336,16917.951688170433,283,3215.328437805176
1249,S2,near_coast_westward_path_shift,2024-11-02 05:30:00,608.3901038288466,834.9291190825635,1.3723581528167754,299.65415812184153,396.7454086154129,1.3240110235816984,4330,16887.82719564438,283,3211.358765602112
1250,S2,near_coast_westward_path_shift,2024-11-02 06:00:00,555.7018448685152,890.584015179202,1.6026292217725526,153.03432329589305,540.0139416305369,3.528711272087715,3936,17143.000738739967,243,3064.3387603759766
1251,S2,near_coast_westward_path_shift,2024-11-02 06:30:00,873.6343802988969,1071.7144531520953,1.2267310871916786,221.98989591451075,278.2910207239299,1.253620213557376,3397,10563.93975675106,153,1607.4586362838745
1252,S2,near_coast_westward_path_shift,2024-11-02 07:00:00,864.9218172147646,1057.6574513782125,1.2228359029999927,215.87945735475006,270.3380959546619,1.2522641073273586,3380,10659.733579993248,155,1629.6953630447388
1253,S2,near_coast_westward_path_shift,2024-11-02 07:30:00,701.5289819000191,1151.2908599742125,1.641116603416808,326.33331351180084,898.8817129191377,2.7544895838120724,3447,10165.467940449715,146,1475.832709312439
1254,S2,near_coast_westward_path_shift,2024-11-02 08:00:00,729.7963574635564,1128.7918216437354,1.5467216437841729,456.9913874022369,953.0674146437357,2.0855259878341164,3511,10153.864899516106,142,1433.954828262329
1255,S2,near_coast_westward_path_shift,2024-11-02 08:30:00,692.7390948543621,1163.8479482643152,1.6800667912484353,315.50785095813734,953.3485189179975,3.0216316837215182,3477,9871.778615474701,141,1418.8369464874268
1256,S2,near_coast_westward_path_shift,2024-11-02 09:00:00,862.524713175357,1065.5153261751468,1.2353446920407476,213.59479779714763,271.0077106667269,1.2687935917058402,3393,10644.67573106289,155,1628.9659452438354
1257,S2,near_coast_westward_path_shift,2024-11-02 09:30:00,861.8511837083458,1066.621147410579,1.2375931803227955,206.95089745602345,272.4133894456946,1.3163189567881939,3390,10638.65260219574,155,1629.0002660751343
1258,S2,near_coast_westward_path_shift,2024-11-02 10:00:00,867.8432219630128,1071.6006778995186,1.2347860198477054,206.3216057057682,245.81177162909822,1.191401020694096,3388,10554.213082551956,153,1620.3765201568604
1259,S2,near_coast_westward_path_shift,2024-11-02 10:30:00,661.9992260306601,1223.51591740384,1.8482135164115308,188.0986277921729,1075.498998308879,5.717739735439084,3448,9350.870568037033,138,1385.2870826721191
1260,S2,near_coast_westward_path_shift,2024-11-02 11:00:00,866.535737511433,1073.5783211732462,1.2389313847071197,199.8714730833323,247.62715083493387,1.2389319346822927,3385,10537.659303307533,153,1620.066930770874
1261,S2,near_coast_westward_path_shift,2024-11-02 11:30:00,701.134511878726,1202.6103744853335,1.7152348859035271,162.94094715878978,1095.4787658765597,6.723164342533146,3387,9074.63944041729,135,1354.1096229553223
1262,S2,near_coast_westward_path_shift,2024-11-02 12:00:00,790.4918075766974,1163.08252067143,1.4713403852178197,292.036682878066,404.76886484686355,1.386020621991057,3302,10018.326648116112,143,1475.565094947815
1263,S3,nearshore_segment_landfall_shift,2024-10-24 18:00:00,454.1580718874215,731.1291627954148,1.6098561449253475,160.21530542230798,574.8498250458663,3.5879832050416707,3507,15422.708124876022,283,4225.753512382507
1264,S3,nearshore_segment_landfall_shift,2024-10-24 18:30:00,454.0681461380128,735.4571935402156,1.6197066449067177,164.41326736086427,553.9117500502806,3.3690209977672785,3531,15773.989413380623,294,4516.3550844192505
1265,S3,nearshore_segment_landfall_shift,2024-10-24 19:00:00,440.94470480255484,735.6121761497291,1.668263998042834,156.354313394373,541.1709793864467,3.461183562115398,3469,15603.131537079811,304,4548.416670799255
1266,S3,nearshore_segment_landfall_shift,2024-10-24 19:30:00,465.7193206716194,729.4756925180046,1.5663419148383566,151.89307595089832,406.92917601245705,2.679050203341726,3422,14993.374165415764,279,4268.912349700928
1267,S3,nearshore_segment_landfall_shift,2024-10-24 20:00:00,483.0490867612231,732.5936058910211,1.5166028173305484,155.23135554023003,289.97583336784743,1.868023585561584,3452,14494.810935139656,263,4085.0237741470337
1268,S3,nearshore_segment_landfall_shift,2024-10-24 20:30:00,476.1433168117904,735.1205507119605,1.5439060567609246,155.09219701302104,279.1789554173284,1.8000838262281347,3436,14195.508320569992,258,4122.390319824219
1269,S3,nearshore_segment_landfall_shift,2024-10-24 21:00:00,461.1833056863333,756.0982729758957,1.6394745075402677,157.6055590184862,318.933279157851,2.0236169405702245,3440,14492.927768945694,272,4349.679023742676
1270,S3,nearshore_segment_landfall_shift,2024-10-24 21:30:00,482.4103740347488,748.7532462763547,1.5521085088075224,165.62614892847597,281.689884806873,1.7007573177863136,3526,15188.318185091019,284,4515.465971946716
1271,S3,nearshore_segment_landfall_shift,2024-10-24 22:00:00,525.4290966131866,713.2516500982885,1.357465078915058,156.9804271804513,211.27734314469944,1.3458833495326885,3507,15219.263394594193,269,4494.659669876099
1272,S3,nearshore_segment_landfall_shift,2024-10-24 22:30:00,527.4801089778281,688.4976261445607,1.3052579887396274,160.50082670453278,195.93378016288713,1.2207649280435293,3462,15695.192948460579,287,5010.320344924927
1273,S3,nearshore_segment_landfall_shift,2024-10-24 23:00:00,513.8117289546359,692.4028030414262,1.3475807655269711,163.57232952807905,187.84920203385008,1.1484167436864832,3504,15532.134177565575,281,4650.329461097717
1274,S3,nearshore_segment_landfall_shift,2024-10-24 23:30:00,513.5386326857058,681.1000387597222,1.3262878299879834,167.09343560239515,192.57974085657463,1.1525272681257444,3497,15696.730779647827,297,4885.793516159058
1275,S3,nearshore_segment_landfall_shift,2024-10-25 00:00:00,512.5565207345375,675.9831808060453,1.3188461242036333,170.13197527659094,201.17747527889694,1.1824789252686498,3476,15404.922555088997,295,4727.098670959473
1276,S3,nearshore_segment_landfall_shift,2024-10-25 00:30:00,490.72398165666124,845.0012663203253,1.7219481784192383,205.12966353524416,519.447769064294,2.532289870280234,3567,14713.220245480537,242,3997.732747077942
1277,S3,nearshore_segment_landfall_shift,2024-10-25 01:00:00,490.7570390825186,844.9532940296882,1.7217344362688018,205.18140975543977,519.835437260796,2.53354062573406,3568,14685.053339362144,242,3991.343858718872
1278,S3,nearshore_segment_landfall_shift,2024-10-25 01:30:00,510.07829942501115,867.7347998575653,1.7011796048483594,221.43322761703695,577.5929313326588,2.6084293561018237,3591,14483.472422122955,237,3860.8130798339844
1279,S3,nearshore_segment_landfall_shift,2024-10-25 02:00:00,462.582677772272,701.3961920306459,1.5162612560601318,142.44658185426678,347.33613125902986,2.4383605891953066,3561,14281.797623038292,232,3826.497121810913
1280,S3,nearshore_segment_landfall_shift,2024-10-25 02:30:00,465.25949732951966,683.2563846739426,1.4685490325198571,133.84977339634077,259.2232896506082,1.9366733545601431,3579,14168.222526431084,221,3856.8254776000977
1281,S3,nearshore_segment_landfall_shift,2024-10-25 03:00:00,486.9559507182617,695.286368209179,1.4278218947394068,137.27969213069028,282.67378858762,2.0591085556814366,3652,14089.692777514458,240,3907.2186365127563
1282,S3,nearshore_segment_landfall_shift,2024-10-25 03:30:00,487.992851690038,683.1591039798188,1.3999367031993835,137.36380262716423,291.4569140586628,2.1217883349497777,3717,14589.015495419502,257,4240.182011604309
1283,S3,nearshore_segment_landfall_shift,2024-10-25 04:00:00,559.2067800484771,706.6830987248651,1.2637241248462727,127.12757163736971,395.80535710997003,3.113450150994768,3777,14320.485655069351,229,3408.2024536132812
1284,S3,nearshore_segment_landfall_shift,2024-10-25 04:30:00,590.0273474768268,714.5169708806698,1.2109895819849792,128.21403683876264,353.184825222692,2.7546502234138512,3790,14419.424675941467,221,3636.8561096191406
1285,S3,nearshore_segment_landfall_shift,2024-10-25 05:00:00,579.3763058339129,795.0416341759426,1.372237052448348,136.2547162718618,471.3153635411247,3.4590755933962,3660,13945.200973272324,228,3358.1306591033936
1286,S3,nearshore_segment_landfall_shift,2024-10-25 05:30:00,552.8885793330915,794.5911445742992,1.4371632445957812,168.98539833720037,528.9173099106655,3.1299586539142226,3642,14149.381105065346,262,3680.414668083191
1287,S3,nearshore_segment_landfall_shift,2024-10-25 06:00:00,552.2578104503986,794.6365358460627,1.4388869126142165,197.76849780413244,552.0542091420836,2.791416303767593,3671,14617.78800547123,294,4140.3930921554565
1288,S3,nearshore_segment_landfall_shift,2024-10-25 06:30:00,524.1142900735273,1113.8214545628368,2.1251499446935096,207.43534831613303,459.03103678542993,2.2128872466126697,3289,12886.837877988815,238,2955.0906505584717
1289,S3,nearshore_segment_landfall_shift,2024-10-25 07:00:00,510.4787013899256,1063.899912193748,2.0841220393661306,173.78960618193005,409.23909912794034,2.354796170603723,3363,13409.499386906624,253,3155.7275829315186
1290,S3,nearshore_segment_landfall_shift,2024-10-25 07:30:00,512.8709915722491,989.1417144868227,1.9286365006812412,123.7440348056011,381.5273972296345,3.0831982958128186,3321,13308.482834935188,243,2976.8338928222656
1291,S3,nearshore_segment_landfall_shift,2024-10-25 08:00:00,507.0949641920331,868.1722999262855,1.71205072270746,121.12817322273236,420.0377249036737,3.4677128675200803,3208,12726.548174858093,227,2758.0460176467896
1292,S3,nearshore_segment_landfall_shift,2024-10-25 08:30:00,698.4971447589526,833.8979194837464,1.1938458528295326,353.773735635044,867.0634965326367,2.4508984392982307,3009,11572.431598424911,194,2212.619207382202
1293,S3,nearshore_segment_landfall_shift,2024-10-25 09:00:00,731.9112924999736,854.0213100099916,1.1668371819936378,354.8076189375922,1153.85470723831,3.2520572999343074,2982,11402.466376900673,196,2076.9242095947266
1294,S3,nearshore_segment_landfall_shift,2024-10-25 09:30:00,676.9166661478631,736.3069919267077,1.0877365394426122,352.4008937692653,717.1742495403051,2.0351090539795096,2965,11504.127149939537,189,2120.0163612365723
1295,S3,nearshore_segment_landfall_shift,2024-10-25 10:00:00,454.71166048816417,778.0583625575907,1.7111027276544655,164.6694237794522,371.8281914127495,2.2580281322338895,3000,11858.859324932098,200,2300.009786605835
1296,S3,nearshore_segment_landfall_shift,2024-10-25 10:30:00,449.80337293768304,665.8657637799763,1.4803485341409959,172.15425486524634,297.8338247622695,1.7300404511953367,2850,11944.029666781425,215,2654.3280811309814
1297,S3,nearshore_segment_landfall_shift,2024-10-25 11:00:00,450.4077467588292,651.7015515741261,1.4469146151766306,171.46780296390344,287.73968754729805,1.6780974770398727,2839,11978.304640054703,219,2663.8522729873657
1298,S3,nearshore_segment_landfall_shift,2024-10-25 11:30:00,457.86227444864244,662.241993109067,1.4463781579439736,177.088879765388,296.8842833135529,1.6764705028733105,2841,11674.678059458733,232,2692.698197364807
1299,S3,nearshore_segment_landfall_shift,2024-10-25 12:00:00,517.1913182246824,682.7313811342282,1.3200751000186535,191.1590362110152,421.05045440532746,2.202618629759878,3177,12343.022292375565,309,3307.6070890426636
1300,S3,nearshore_segment_landfall_shift,2024-10-25 12:30:00,554.1338813252204,646.840551026144,1.1673001287689049,234.98334305006884,265.5923041095722,1.1302601310467366,3276,13354.825996398926,321,3702.0595989227295
1301,S3,nearshore_segment_landfall_shift,2024-10-25 13:00:00,577.9617274442633,672.9456671971202,1.1643429577471731,203.37566550137396,335.163389116899,1.6480014375890664,3342,13537.651877760887,321,3671.557201385498
1302,S3,nearshore_segment_landfall_shift,2024-10-25 13:30:00,553.6217910234591,737.0459731548574,1.3313167673409456,145.8057644106939,349.9170621314733,2.3998849671392466,3262,13332.005351424217,312,3807.2779083251953
1303,S3,nearshore_segment_landfall_shift,2024-10-25 14:00:00,534.5404456593797,742.6214675923045,1.3892708655118624,146.63248574121238,361.2840884612574,2.4638748135176214,3223,13120.538864135742,301,3615.5142393112183
1304,S3,nearshore_segment_landfall_shift,2024-10-25 14:30:00,536.5292352725398,656.7366883920429,1.2240464176354533,135.03680528297895,332.5892171062727,2.4629523514667473,3121,12402.353930234909,262,3144.2647409439087
1305,S3,nearshore_segment_landfall_shift,2024-10-25 15:00:00,513.2908498348322,651.497971914243,1.2692569371222613,143.547703630887,312.6551708062771,2.1780576275202863,3171,12712.064597010612,273,3371.3204345703125
1306,S3,nearshore_segment_landfall_shift,2024-10-25 15:30:00,504.7770345726108,585.3537841232354,1.159628398345909,131.7684983806191,266.66103915072705,2.0237085678889875,2995,12253.787482261658,227,3139.8370685577393
1307,S3,nearshore_segment_landfall_shift,2024-10-25 16:00:00,548.3236555600862,629.3501274117108,1.1477712497536856,196.65216100849898,210.18131218737068,1.0687973684575272,3261,13776.875519156456,289,4159.449718475342
1308,S3,nearshore_segment_landfall_shift,2024-10-25 16:30:00,596.9148878948929,791.1463740311486,1.3253922629091057,205.25782437889015,235.7312402899181,1.1484640890218891,3730,15905.39539206028,359,5139.1626234054565
1309,S3,nearshore_segment_landfall_shift,2024-10-25 17:00:00,566.6829847260932,765.5294485850416,1.350895419870529,151.80027039438215,232.3151779129617,1.5304002905225242,3708,15545.986073970795,296,4873.219062805176
1310,S3,nearshore_segment_landfall_shift,2024-10-25 17:30:00,515.8810740870277,722.888232437346,1.4012691466083815,135.05868047394557,258.68040136173414,1.9153185893270648,3646,16702.038388967514,325,6245.5505475997925
1311,S3,nearshore_segment_landfall_shift,2024-10-25 18:00:00,505.83089947947207,766.4060595522467,1.5151428280496888,146.28125449133572,260.05869498490085,1.777799184790984,3698,17063.43419468403,345,6484.786030769348
1312,S3,nearshore_segment_landfall_shift,2024-10-25 18:30:00,580.7446536486221,709.7456542037186,1.2221303282684146,224.8374479159193,267.51311300836153,1.1898067492226656,3858,17738.365418195724,377,5524.119762420654
1313,S3,nearshore_segment_landfall_shift,2024-10-25 19:00:00,593.2029229814862,683.3175578755021,1.151911987286056,172.53793581696542,286.105080574083,1.658215506168986,3813,18268.419282197952,391,6141.524076461792
1314,S3,nearshore_segment_landfall_shift,2024-10-25 19:30:00,605.2928468170755,658.5575235269941,1.087998192924316,175.49522126183666,283.8684311067907,1.61752798204836,3822,18850.215802431107,405,6647.252031326294
1315,S3,nearshore_segment_landfall_shift,2024-10-25 20:00:00,598.5097606892617,639.4150888864764,1.068345298412687,191.86476679273966,263.12618386407587,1.3714148160840516,3825,18991.299789905548,416,6784.882387161255
1316,S3,nearshore_segment_landfall_shift,2024-10-25 20:30:00,545.663778405366,617.9130151474035,1.132406143858725,197.3482356288217,272.43447450385474,1.3804758559699315,3769,19221.238320946693,457,7448.761383056641
1317,S3,nearshore_segment_landfall_shift,2024-10-25 21:00:00,580.99905127597,651.1910230661981,1.120812541149721,210.7119873484738,289.01976581216115,1.371634188681355,3722,16488.67490720749,355,4426.898853302002
1318,S3,nearshore_segment_landfall_shift,2024-10-25 21:30:00,581.0472184925306,652.6478238403087,1.1232268274746027,210.6449972800163,289.1154532586291,1.3725246599343561,3724,16494.936732053757,355,4429.390513420105
1319,S3,nearshore_segment_landfall_shift,2024-10-25 22:00:00,581.9802606992405,648.8552331257914,1.114909348207447,220.86374226675764,286.8404887531865,1.2987214914014331,3684,16371.010461568832,356,4406.09690284729
1320,S3,nearshore_segment_landfall_shift,2024-10-25 22:30:00,576.761206206147,664.681500082374,1.1524379464675736,220.92030998732145,274.6723251320012,1.243309522550296,3649,16112.516180753708,347,4248.065075874329
1321,S3,nearshore_segment_landfall_shift,2024-10-25 23:00:00,576.3742043796404,648.0862829112704,1.1244193060458239,237.9339879636753,283.1133812987384,1.1898820497303617,3607,16123.009241938591,345,4226.66637134552
1322,S3,nearshore_segment_landfall_shift,2024-10-25 23:30:00,576.4140566203641,648.790095906055,1.1255625855310425,238.29833630322202,282.6452614215672,1.1860983412906203,3606,16119.988069415092,344,4212.239772796631
1323,S3,nearshore_segment_landfall_shift,2024-10-26 00:00:00,566.0726778133019,643.8051488258254,1.1373188886501242,234.13294699202484,276.15193151833705,1.179466346219707,3552,16209.709440469742,349,4353.351411819458
1324,S3,nearshore_segment_landfall_shift,2024-10-26 00:30:00,452.4257981726338,724.3592625002299,1.601056494625074,178.43347966777793,328.99328668619927,1.8437867562676247,3374,17042.88432776928,433,6225.655752182007
1325,S3,nearshore_segment_landfall_shift,2024-10-26 01:00:00,462.3786336022358,646.2095860377857,1.39757665920543,190.91834028767605,357.8887159659716,1.874564357864742,3283,17308.357328653336,453,6743.30920791626
1326,S3,nearshore_segment_landfall_shift,2024-10-26 01:30:00,453.0242953627619,632.1490607168524,1.3953977020385935,186.7790846091373,330.72645955548256,1.77068251644757,3245,17225.99428653717,439,6772.885961532593
1327,S3,nearshore_segment_landfall_shift,2024-10-26 02:00:00,453.8635986738654,621.81426188591,1.370046559589213,186.5095052157064,308.3450009743521,1.6532401424674628,3257,17326.47835624218,437,6909.151032447815
1328,S3,nearshore_segment_landfall_shift,2024-10-26 02:30:00,457.17137718619705,627.4419981461238,1.3724437474802307,188.94831357890243,276.82250362926095,1.4650699886435445,3270,16771.207345843315,425,6631.308061599731
1329,S3,nearshore_segment_landfall_shift,2024-10-26 03:00:00,456.36098362557493,629.1549560699708,1.378634411451275,191.82824650253764,258.0641652008066,1.3452876200762822,3277,16565.734110593796,419,6461.0694036483765
1330,S3,nearshore_segment_landfall_shift,2024-10-26 03:30:00,468.6466298604713,593.1501612662189,1.2656661191457077,206.31999370993336,231.8058436693915,1.123525837225876,3297,17053.364861011505,419,6817.011419296265
1331,S3,nearshore_segment_landfall_shift,2024-10-26 04:00:00,466.0270464471317,580.9464195876453,1.2465937846668507,207.76261274109976,238.56901163170923,1.148276913175891,3319,17308.34740436077,431,6999.834879875183
1332,S3,nearshore_segment_landfall_shift,2024-10-26 04:30:00,462.1063669318796,583.1468506728639,1.2619320840451131,204.60163441135782,240.12849816908684,1.1736391982397365,3317,17278.504393219948,422,6998.987258911133
1333,S3,nearshore_segment_landfall_shift,2024-10-26 05:00:00,457.71341929149474,581.0157861378927,1.269387703417696,199.5148556350727,241.81697652023232,1.2120249178965004,3327,17372.319503188133,424,7169.484070777893
1334,S3,nearshore_segment_landfall_shift,2024-10-26 05:30:00,463.6073698280828,586.3564504905065,1.2647694766110833,189.61955670012492,280.2429950894844,1.4779224251255636,3412,18143.53188765049,483,8363.473868370056
1335,S3,nearshore_segment_landfall_shift,2024-10-26 06:00:00,480.1376449329947,621.2707516148338,1.2939430144069073,181.54019328566028,310.74662043737163,1.7117235297221398,3551,18808.40344762802,508,8957.874948501587
1336,S3,nearshore_segment_landfall_shift,2024-10-26 06:30:00,459.18866422609534,554.7756345559935,1.2081649173352238,189.69801840487543,215.7330400815847,1.1372445632043515,3209,15672.60255599022,352,5859.404458999634
1337,S3,nearshore_segment_landfall_shift,2024-10-26 07:00:00,459.29705064648715,551.2144768748276,1.2001263149827768,189.69511929563348,215.42241248448818,1.1356244340095987,3202,15667.87459743023,351,5859.777770042419
1338,S3,nearshore_segment_landfall_shift,2024-10-26 07:30:00,491.82950002120197,565.7067612158398,1.1502090891080181,170.27716367123523,248.16054817669084,1.4573918359118812,3408,16221.718838095665,369,5952.779301643372
1339,S3,nearshore_segment_landfall_shift,2024-10-26 08:00:00,501.61031871262503,600.7638883260837,1.197670514171107,157.4309216516502,276.65879289109176,1.7573345184579248,3477,16951.14066374302,383,6446.997947692871
1340,S3,nearshore_segment_landfall_shift,2024-10-26 08:30:00,511.00082093778883,603.3400915720345,1.1807027833434462,152.48202218881232,277.06932014963905,1.8170622095144666,3417,16460.545055508614,367,5992.747346878052
1341,S3,nearshore_segment_landfall_shift,2024-10-26 09:00:00,517.4212996653303,609.0470353622001,1.1770814919218293,140.6727584576193,279.2872646102602,1.985368508248877,3387,15734.766786336899,339,5408.180714607239
1342,S3,nearshore_segment_landfall_shift,2024-10-26 09:30:00,522.1322876161843,613.3887050044632,1.17477643032748,130.33998061343584,276.5561179748847,2.121805732004032,3348,15105.09694159031,308,4832.931405067444
1343,S3,nearshore_segment_landfall_shift,2024-10-26 10:00:00,534.5019520013786,600.2822965093422,1.1230684832144313,122.48181037582819,253.25871740626175,2.067725131014559,3360,14202.237071633339,251,3858.2643823623657
1344,S3,nearshore_segment_landfall_shift,2024-10-26 10:30:00,529.1416247677647,602.2804241903663,1.1382215951253132,146.64021739180444,246.41372280779862,1.680396600541106,3334,14156.666566967964,280,4193.676194190979
1345,S3,nearshore_segment_landfall_shift,2024-10-26 11:00:00,526.1833953803999,609.8430087166047,1.1589932598989037,171.81317737863696,238.4736640934612,1.3879823872177066,3361,14803.734188199043,318,4833.694484710693
1346,S3,nearshore_segment_landfall_shift,2024-10-26 11:30:00,523.5192327039877,632.6851486750647,1.2085232196861835,177.15431742033485,214.6164499674438,1.2114660996842723,3403,15541.535204291344,315,5281.171998977661
1347,S3,nearshore_segment_landfall_shift,2024-10-26 12:00:00,521.5931862342287,620.4035702381843,1.1894395605842563,175.85943520857595,201.93973297560652,1.148301953410104,3351,15499.543589949608,305,5321.386833190918
1348,S3,nearshore_segment_landfall_shift,2024-10-26 12:30:00,506.997189404988,603.2236292908681,1.1897967915735592,180.32776622414133,222.68985353467622,1.2349171633273548,3383,16618.918028116226,357,6518.045060157776
1349,S3,nearshore_segment_landfall_shift,2024-10-26 13:00:00,509.65431618043243,613.7053510956283,1.204160019079202,178.80004431777718,222.31279879201483,1.2433598640328198,3392,16202.910678625107,345,6179.82595539093
1350,S3,nearshore_segment_landfall_shift,2024-10-26 13:30:00,502.50282458704066,603.909081477649,1.2018023619547678,181.08464812553123,232.7323587762651,1.2852130823090506,3375,16385.846417069435,352,6348.213480949402
1351,S3,nearshore_segment_landfall_shift,2024-10-26 14:00:00,493.5749543362537,589.8661554142327,1.1950893177054893,184.0694350567351,252.9921440292418,1.3744386402406328,3375,16910.88095867634,372,6747.708510398865
1352,S3,nearshore_segment_landfall_shift,2024-10-26 14:30:00,497.8577846506552,575.9211102032427,1.156798443168591,198.2998481385832,216.24146899032394,1.0904772294086733,3316,17735.707823753357,387,7652.7442989349365
1353,S3,nearshore_segment_landfall_shift,2024-10-26 15:00:00,501.1947265996522,574.3173323740954,1.1458965984549383,196.1197270777264,218.0057138675696,1.111595029811398,3314,17788.499232053757,389,7786.086001396179
1354,S3,nearshore_segment_landfall_shift,2024-10-26 15:30:00,500.7671327076678,575.9224990523678,1.150080469415656,197.16011344770533,216.88502520370605,1.1000451430620193,3303,17733.40230703354,389,7779.453279495239
1355,S3,nearshore_segment_landfall_shift,2024-10-26 16:00:00,499.172955353968,565.5821916797871,1.1330385302599708,197.65975872635224,215.90404436336453,1.0923014666949447,3266,17465.86542201042,387,7642.4515924453735
1356,S3,nearshore_segment_landfall_shift,2024-10-26 16:30:00,498.93880851730415,561.8014791518794,1.1259927461272918,197.99096282512383,215.66214319670829,1.0892524594023592,3259,17449.691073656082,387,7655.413199424744
1357,S3,nearshore_segment_landfall_shift,2024-10-26 17:00:00,500.4036418324211,553.09938586075,1.1053064758588924,195.57638243239182,211.0109374681061,1.078918297003723,3232,16835.601484298706,374,7227.490672111511
1358,S3,nearshore_segment_landfall_shift,2024-10-26 17:30:00,491.8711510235134,535.9941094745893,1.089704302354918,188.14034757525934,226.2766957372435,1.202701593004806,3282,17214.026026129723,380,7254.638431549072
1359,S3,nearshore_segment_landfall_shift,2024-10-26 18:00:00,493.58626020413277,533.8306510919485,1.0815346660402798,184.25105392934907,229.68079536932748,1.2465643504942836,3350,17112.85465967655,375,7043.9421043396
1360,S3,nearshore_segment_landfall_shift,2024-10-26 18:30:00,459.68205879882396,513.8132796667575,1.1177579586407622,178.40451495644896,272.86161470607914,1.5294546484582352,3278,15656.012064099312,371,6744.957015991211
1361,S3,nearshore_segment_landfall_shift,2024-10-26 19:00:00,464.7215965599272,532.7942156300722,1.1464804295174729,184.1121088857129,273.06746784497165,1.4831586553303568,3480,16325.471759676933,368,6817.273686408997
1362,S3,nearshore_segment_landfall_shift,2024-10-26 19:30:00,464.5374088188205,532.0447141662326,1.1453215695137702,184.13507779525563,272.8589863867053,1.481841426705793,3477,16331.06899523735,368,6824.763591766357
1363,S3,nearshore_segment_landfall_shift,2024-10-26 20:00:00,464.29886317569475,531.3296458608772,1.1443699048210167,184.13719242975873,272.62765491379844,1.480568109659834,3475,16333.0917583704,368,6835.669149398804
1364,S3,nearshore_segment_landfall_shift,2024-10-26 20:30:00,460.50831894147575,529.3845001201557,1.1495655525550494,188.59990413329967,265.7625812358816,1.4091342328999439,3473,16574.385873436928,372,7090.821007728577
1365,S3,nearshore_segment_landfall_shift,2024-10-26 21:00:00,477.2302800192588,523.336527773292,1.0966121591282334,176.28200937703932,264.1428183727177,1.4984105258736673,3511,16104.457207202911,368,6741.659626960754
1366,S3,nearshore_segment_landfall_shift,2024-10-26 21:30:00,498.7734730769995,528.9772452642017,1.0605560917281145,167.4487132730719,251.76781184006745,1.503551785611444,3498,15476.185739398003,362,6441.543214797974
1367,S3,nearshore_segment_landfall_shift,2024-10-26 22:00:00,494.9189414328104,539.8258398662863,1.0907358653590171,164.22632771322904,256.8671368113913,1.564104491576585,3524,15644.243223309517,362,6459.012222290039
1368,S3,nearshore_segment_landfall_shift,2024-10-26 22:30:00,476.23341664016266,575.0620925149664,1.2075215060968232,168.55288009780136,242.71843535901988,1.4400135744828755,3457,15684.143859028816,359,6542.587957382202
1369,S3,nearshore_segment_landfall_shift,2024-10-26 23:00:00,476.7601843571288,570.2044372940397,1.1959984411511029,168.23830061414824,242.46571527396074,1.4412040206590675,3465,15679.822657465935,358,6533.396633148193
1370,S3,nearshore_segment_landfall_shift,2024-10-26 23:30:00,466.36898354673934,577.1045955007014,1.237442059529379,176.72141237010885,234.66103732830013,1.3278585440277413,3390,15847.604293465614,373,6923.717439651489
1371,S3,nearshore_segment_landfall_shift,2024-10-27 00:00:00,466.1003298279722,571.4903168421004,1.2261100889008685,176.2137439675392,235.26327262529244,1.3351017198104003,3386,15866.369381785393,373,6946.162977218628
1372,S3,nearshore_segment_landfall_shift,2024-10-27 00:30:00,451.97972539952076,541.2291575981486,1.1974633532947434,209.85842093432777,226.9103368852207,1.0812543803340062,3268,17605.683463335037,421,7284.931276321411
1373,S3,nearshore_segment_landfall_shift,2024-10-27 01:00:00,452.1366978536385,545.1258295261847,1.2056659680888069,217.13384968223403,223.1884876992406,1.0278843580854218,3259,17515.045409321785,424,7219.572310447693
1374,S3,nearshore_segment_landfall_shift,2024-10-27 01:30:00,468.55208360190744,561.4073379332797,1.198174882966187,192.7169882375139,206.79317937498826,1.0730407384746232,3166,14893.80601656437,316,5140.006055831909
1375,S3,nearshore_segment_landfall_shift,2024-10-27 02:00:00,468.33065402381123,572.821288877941,1.2231129522621766,176.53680356990185,219.39718148742742,1.2427843772562317,3151,14425.403833389282,277,4486.242737770081
1376,S3,nearshore_segment_landfall_shift,2024-10-27 02:30:00,467.23394217278934,563.328726531578,1.2056673877585082,169.12837803194176,241.61570368717435,1.4285935128020983,3058,14286.59379529953,263,4277.348696708679
1377,S3,nearshore_segment_landfall_shift,2024-10-27 03:00:00,468.0093088704151,562.1249976813923,1.2010978991809653,168.42631288449127,241.75437314563618,1.4353717599424785,3061,14283.950045347214,263,4274.303756713867
1378,S3,nearshore_segment_landfall_shift,2024-10-27 03:30:00,468.9102497613279,560.7990467564518,1.1959624406629914,168.26903743213367,243.06376597131435,1.4444948974605354,3055,14273.155064940453,263,4272.546741485596
1379,S3,nearshore_segment_landfall_shift,2024-10-27 04:00:00,473.0127031092826,553.2837177857714,1.1697016045210569,148.51273467310193,264.34187601867245,1.779927334854654,3001,13803.782604694366,249,4008.652410507202
1380,S3,nearshore_segment_landfall_shift,2024-10-27 04:30:00,484.34996992364705,578.7665542044783,1.1949346343424236,151.0950890556794,252.35094340582415,1.6701465612348905,3046,13504.480235695839,244,3860.784076690674
1381,S3,nearshore_segment_landfall_shift,2024-10-27 05:00:00,485.3397357848519,579.4786103842749,1.1939649026412151,150.6512570019847,253.5319976908664,1.6829066198068607,3049,13543.915316581726,244,3857.332426071167
1382,S3,nearshore_segment_landfall_shift,2024-10-27 05:30:00,496.63187535842405,577.731152171585,1.1632985735251682,143.30937707261805,270.6674574936995,1.8886932803883754,3085,13213.872292160988,241,3578.2957668304443
1383,S3,nearshore_segment_landfall_shift,2024-10-27 06:00:00,494.1501630168191,576.8959757324545,1.1674507445479034,140.99275035662282,266.95025558745937,1.8933615729336546,3083,13393.732579112053,246,3751.4582328796387
1384,S3,nearshore_segment_landfall_shift,2024-10-27 06:30:00,527.1626820324543,572.7126345625933,1.0864058744722254,160.7588795286503,221.27638564154233,1.376448917100752,3287,15657.753452062607,328,6212.629035949707
1385,S3,nearshore_segment_landfall_shift,2024-10-27 07:00:00,552.2539451969459,573.0653580035605,1.0376844982052447,163.6525884135792,229.9317910422132,1.4049994153537815,3262,15136.682980060577,335,6104.614835739136
1386,S3,nearshore_segment_landfall_shift,2024-10-27 07:30:00,554.6830234787543,571.1887984836718,1.0297571303001103,169.34011087848862,232.49321179711907,1.37293645664343,3207,14779.522096633911,336,5988.341927528381
1387,S3,nearshore_segment_landfall_shift,2024-10-27 08:00:00,548.7278848188791,579.4631270914622,1.0560118104490477,168.57442926337364,231.75581070068546,1.374798133461858,3195,14871.116683483124,339,6053.932374000549
1388,S3,nearshore_segment_landfall_shift,2024-10-27 08:30:00,544.6204004528273,589.0619446781981,1.0816009539642997,172.12628051628187,232.94624555855867,1.3533450258719926,3194,15157.020071864128,346,6408.476736068726
1389,S3,nearshore_segment_landfall_shift,2024-10-27 09:00:00,535.0371961306055,586.3989516224816,1.0959966070832527,166.89029969628913,239.81607610609805,1.4369683351430222,3147,15489.309668302536,356,6570.891019821167
1390,S3,nearshore_segment_landfall_shift,2024-10-27 09:30:00,527.785728122037,588.9356772438306,1.115861316181049,160.75818801920607,246.97708629502915,1.536326636535122,3175,16035.05461204052,365,6927.342120170593
1391,S3,nearshore_segment_landfall_shift,2024-10-27 10:00:00,522.5722011670136,614.9480739632726,1.1767715017943223,156.48702470233758,245.7520302279448,1.5704307158718203,3286,16935.68908059597,360,7422.541790962219
1392,S3,nearshore_segment_landfall_shift,2024-10-27 10:30:00,489.5535711953088,669.3799684981913,1.367327311827818,154.03782386905826,235.711087941553,1.5302156445803894,3177,16300.681671380997,346,6853.3908014297485
1393,S3,nearshore_segment_landfall_shift,2024-10-27 11:00:00,475.51483080472474,657.305592800144,1.3823030328786363,154.72293842434792,231.91417090963884,1.4988997318134067,3063,15971.194145083427,337,6655.565915107727
1394,S3,nearshore_segment_landfall_shift,2024-10-27 11:30:00,466.4557389594465,641.864650159136,1.376046206636849,157.2915158546799,227.25412682754313,1.444795833981914,3009,15927.883477330208,336,6679.839619636536
1395,S3,nearshore_segment_landfall_shift,2024-10-27 12:00:00,469.0274867179875,642.5371961905793,1.3699350558039187,157.3769162758227,227.06893499461808,1.4428350762487299,3020,15954.363694548607,336,6677.529069900513
1396,S3,nearshore_segment_landfall_shift,2024-10-27 12:30:00,486.32354553036856,601.5754517652716,1.2369860708866396,148.44122688536737,234.96828484461335,1.5829044920658348,3056,15621.750084280968,324,6533.724491119385
1397,S3,nearshore_segment_landfall_shift,2024-10-27 13:00:00,473.18515368379514,623.5495882080933,1.3177708204783987,149.75732928242059,229.9247089402123,1.53531523326385,3029,15638.090756773949,323,6519.349905967712
1398,S3,nearshore_segment_landfall_shift,2024-10-27 13:30:00,451.46591089893224,635.7366301250916,1.4081608705721522,154.7602256421874,231.04733585114732,1.4929374449565462,2984,15609.195967197418,331,6523.686593055725
1399,S3,nearshore_segment_landfall_shift,2024-10-27 14:00:00,452.2219203457627,632.4203958213827,1.3984735532895913,155.0243309014262,230.1627170125701,1.484687698209902,2985,15599.39754652977,330,6500.9114809036255
1400,S3,nearshore_segment_landfall_shift,2024-10-27 14:30:00,453.0060422597709,631.6054574903121,1.394253936083537,155.2964999541696,229.1416075375615,1.4755104436042232,2984,15586.580569505692,329,6469.585094451904
1401,S3,nearshore_segment_landfall_shift,2024-10-27 15:00:00,454.243686976668,631.0312780807293,1.3891910799701228,155.80543905017225,228.88851329621914,1.4690662578378366,2990,15585.060739636421,330,6459.447293281555
1402,S3,nearshore_segment_landfall_shift,2024-10-27 15:30:00,476.1521157346037,539.3693081181395,1.1327667992948087,164.98797761611664,195.74295493749477,1.1864073841364104,2866,13887.233015179634,308,6002.382839202881
1403,S3,nearshore_segment_landfall_shift,2024-10-27 16:00:00,473.7852370708112,543.9898034960212,1.1481780370769892,164.83753209418668,195.80383259530626,1.187859525119707,2855,13800.126790165901,306,5914.387568473816
1404,S3,nearshore_segment_landfall_shift,2024-10-27 16:30:00,472.3514230271571,546.1650681921171,1.1562684932584928,166.58264152656068,195.95322116201103,1.176312365840148,2856,13867.089631557465,309,5979.879837036133
1405,S3,nearshore_segment_landfall_shift,2024-10-27 17:00:00,471.4718445847497,546.675459019691,1.159508176996605,167.33017988684585,196.07572419727683,1.1717893587986847,2854,13890.867651343346,310,6007.579304695129
1406,S3,nearshore_segment_landfall_shift,2024-10-27 17:30:00,478.91117760315876,553.1179293794034,1.1549488824788583,170.49079770955544,197.29024464515032,1.15718999087123,2884,14222.649895191193,315,6203.623248100281
1407,S3,nearshore_segment_landfall_shift,2024-10-27 18:00:00,478.3167297073069,572.1564581784866,1.196187426955777,173.3319897177629,198.4980051345218,1.1451896759376945,2889,14206.712220072746,318,6134.889362335205
1408,S3,nearshore_segment_landfall_shift,2024-10-27 18:30:00,533.1740865141361,630.1034174818511,1.181796777861866,114.5053465720202,185.64462636001343,1.6212747432125127,3364,13340.409357905388,185,2915.777318954468
1409,S3,nearshore_segment_landfall_shift,2024-10-27 19:00:00,537.009346550927,619.5331510463423,1.1536729388891334,113.76563097808646,191.81761155538396,1.6860769804224107,3352,13425.04303920269,187,3002.68199634552
1410,S3,nearshore_segment_landfall_shift,2024-10-27 19:30:00,543.0774167163577,600.9113892524597,1.106493053763469,114.12622714322691,191.19896290172235,1.675328867761207,3366,13507.498710870743,183,3006.3645458221436
1411,S3,nearshore_segment_landfall_shift,2024-10-27 20:00:00,542.4691755933994,578.0463211343616,1.065583718193838,120.53675684426858,182.51455568934517,1.5141817356605118,3380,13592.621675729752,188,3051.3711071014404
1412,S3,nearshore_segment_landfall_shift,2024-10-27 20:30:00,546.6225761195378,578.2305837056399,1.0578241897919505,119.36234230018528,197.50162019727568,1.6546392806248365,3304,13069.526889801025,183,2716.9666481018066
1413,S3,nearshore_segment_landfall_shift,2024-10-27 21:00:00,546.0782367280163,574.1837434124753,1.051467912094172,119.7965896767216,198.36876365624698,1.6558798893320381,3332,13268.804878592491,185,2791.5773906707764
1414,S3,nearshore_segment_landfall_shift,2024-10-27 21:30:00,562.683778886436,583.3411005919223,1.0367121329610152,123.14433950598084,203.65476676438513,1.6537891029452672,3367,13518.162083029747,189,2957.036286354065
1415,S3,nearshore_segment_landfall_shift,2024-10-27 22:00:00,563.065696489142,568.4968383636393,1.0096456628566803,132.73793692229614,253.56952352870186,1.910301827857531,3384,13743.508154630661,211,3142.948980331421
1416,S3,nearshore_segment_landfall_shift,2024-10-27 22:30:00,548.9295852026902,582.183374114068,1.0605793344133527,139.51318493991084,262.6331131951573,1.8824967210681418,3426,13694.730574727058,212,3047.492212295532
1417,S3,nearshore_segment_landfall_shift,2024-10-27 23:00:00,535.8343933646877,577.8203034853918,1.0783561313730892,139.60927064188488,220.4533801476307,1.5790740767718745,3414,13533.687637805939,197,2937.1064500808716
1418,S3,nearshore_segment_landfall_shift,2024-10-27 23:30:00,552.8262124926918,600.1029465265846,1.085518256850957,162.774871994832,349.5581496798688,2.147494545048482,3616,15078.55872809887,265,3682.971435546875
1419,S3,nearshore_segment_landfall_shift,2024-10-28 00:00:00,547.418662399167,606.6221810888587,1.108150347725121,172.96636230387995,354.2918498925673,2.048328040050466,3641,15084.032178640366,266,3784.0990648269653
1420,S3,nearshore_segment_landfall_shift,2024-10-28 00:30:00,510.0638904910029,578.9716784267431,1.1350963854143965,190.16781767597953,211.95191838589975,1.1145519834856406,3513,18178.526083946228,378,7549.526557922363
1421,S3,nearshore_segment_landfall_shift,2024-10-28 01:00:00,494.88877772922353,618.1711978088165,1.2491113672960374,180.9540943637849,202.53257715770158,1.1192483810315716,3598,17260.071979403496,345,6094.0509424209595
1422,S3,nearshore_segment_landfall_shift,2024-10-28 01:30:00,489.8282121151545,624.9065269741485,1.2757667106917006,192.49994509483827,205.17731697047748,1.0658564960597388,3619,17593.256961464882,351,6223.918012619019
1423,S3,nearshore_segment_landfall_shift,2024-10-28 02:00:00,483.8116794936312,647.1898792058557,1.3376896561968465,187.87105123561082,253.04203688773066,1.3468921114961292,3691,17341.056983828545,349,5712.45098400116
1424,S3,nearshore_segment_landfall_shift,2024-10-28 02:30:00,471.582933741731,648.2063714858491,1.3745331416951723,193.29724369517717,267.22713942326664,1.3824674077850427,3730,17184.927229762077,348,5612.133439064026
1425,S3,nearshore_segment_landfall_shift,2024-10-28 03:00:00,461.27579779932853,663.433814352926,1.4382584508401672,175.50625107130094,257.65313613848474,1.4680567476414812,3786,17374.767008662224,356,5729.556484222412
1426,S3,nearshore_segment_landfall_shift,2024-10-28 03:30:00,445.50328702084374,639.7761197918086,1.4360749705576783,168.20706210644386,272.4911508729077,1.6199744972685497,3739,18199.501358628273,408,7044.195686340332
1427,S3,nearshore_segment_landfall_shift,2024-10-28 04:00:00,445.97060688262036,639.6320544608437,1.4342471108845827,168.32209086978324,271.47728926584045,1.612844088752784,3744,18204.0596460104,407,7030.082563400269
1428,S3,nearshore_segment_landfall_shift,2024-10-28 04:30:00,442.07367329224786,635.8688991655073,1.4383776677539064,172.56238083821898,286.5834135946299,1.6607525475862928,3730,18636.15364420414,454,7858.827993392944
1429,S3,nearshore_segment_landfall_shift,2024-10-28 05:00:00,441.87861141302653,634.9259038458845,1.4368785622267062,173.25614442618604,286.57138671132293,1.6540330368104896,3728,18642.998450398445,456,7888.307559013367
1430,S3,nearshore_segment_landfall_shift,2024-10-28 05:30:00,447.4865110555226,636.6637167305739,1.4227551021120666,172.90790659764218,277.66823755564803,1.605873571772413,3738,18268.636149525642,435,7418.525596618652
1431,S3,nearshore_segment_landfall_shift,2024-10-28 06:00:00,441.8956455452092,600.46999292734,1.3588502149336206,184.9718531084865,277.8880666609322,1.5023262295909887,3701,19373.093334317207,479,8670.228775978088
1432,S3,nearshore_segment_landfall_shift,2024-10-28 06:30:00,443.0070507611612,558.4126631953823,1.2605051369632454,199.7247586576859,265.4110501595946,1.3288840699739637,3655,20974.6374270916,517,9934.181042671204
1433,S3,nearshore_segment_landfall_shift,2024-10-28 07:00:00,440.1413216293453,548.1777177318031,1.2454584261766652,199.2879417625946,262.18833464626454,1.3156256837586282,3589,20648.467245936394,510,9840.992785453796
1434,S3,nearshore_segment_landfall_shift,2024-10-28 07:30:00,439.68893490203504,548.2975859278047,1.2470124726926934,199.25820215188446,263.21306956270024,1.3209647920142575,3588,20666.733507514,512,9871.618934631348
1435,S3,nearshore_segment_landfall_shift,2024-10-28 08:00:00,431.17931562571647,539.620204327016,1.2514983552583723,196.5022729691942,251.6090368306698,1.280438302462351,3509,20215.73390686512,477,9439.193199157715
1436,S3,nearshore_segment_landfall_shift,2024-10-28 08:30:00,440.60965461218484,549.5656926144698,1.2472847266548992,192.6157122521708,259.97492107810604,1.3497077576815115,3530,19923.037635207176,478,9202.579394340515
1437,S3,nearshore_segment_landfall_shift,2024-10-28 09:00:00,442.4353034094432,560.5914676691918,1.2670586260843701,192.1235155570289,260.55999929815476,1.3562108654045018,3503,18975.046414256096,470,8418.984634399414
1438,S3,nearshore_segment_landfall_shift,2024-10-28 09:30:00,441.50602937189603,556.7228966033714,1.2609632928351764,193.25642053937054,257.93753959777973,1.3346906606149778,3477,18899.31221485138,470,8420.867721557617
1439,S3,nearshore_segment_landfall_shift,2024-10-28 10:00:00,440.9611606873883,556.6893791093646,1.2624453778232376,192.96198756075592,258.51039218546686,1.339695944539704,3476,18900.353580594063,470,8420.037741661072
1440,S3,nearshore_segment_landfall_shift,2024-10-28 10:30:00,439.34337865313165,555.8451731638057,1.2651725283030901,194.45131572370778,258.076384341022,1.3272030758985276,3447,18647.6561563015,470,8297.369976997375
1441,S3,nearshore_segment_landfall_shift,2024-10-28 11:00:00,439.7559016120493,557.6963701659784,1.2681953058994404,194.78258252441708,254.71684397879974,1.3076982586308417,3437,18342.19015455246,465,8051.383420944214
1442,S3,nearshore_segment_landfall_shift,2024-10-28 11:30:00,446.2377171780035,560.4352542735404,1.255911888886753,184.9355081216745,257.2916290424473,1.3912505589416944,3438,18053.453691005707,449,7717.52121257782
1443,S3,nearshore_segment_landfall_shift,2024-10-28 12:00:00,448.4526932597024,561.5757767657548,1.2522519882393495,183.314576345433,258.57509439886576,1.4105539207728492,3447,18094.44487452507,445,7618.596129417419
1444,S3,nearshore_segment_landfall_shift,2024-10-28 12:30:00,455.88886881685283,536.0121672898734,1.1757518201331822,175.5341291438921,293.51479764531643,1.6721238147637338,3478,19670.690094709396,448,8816.01117515564
1445,S3,nearshore_segment_landfall_shift,2024-10-28 13:00:00,447.9670789261612,536.071673388055,1.1966764938912284,172.17806237670217,294.4683185835444,1.7102545731946155,3439,19597.468967556953,442,8907.57043838501
1446,S3,nearshore_segment_landfall_shift,2024-10-28 13:30:00,433.45077958287965,547.106484876112,1.2622113297445323,168.84595281074715,290.79243470863224,1.7222351490685028,3357,19063.1147326231,424,8533.165260314941
1447,S3,nearshore_segment_landfall_shift,2024-10-28 14:00:00,432.57861465670953,550.7093139619982,1.2730849267688251,171.3152014960962,291.6414943790147,1.7023678683041956,3366,19194.12764418125,426,8628.914441108704
1448,S3,nearshore_segment_landfall_shift,2024-10-28 14:30:00,428.35149713635843,548.2794947898722,1.27997567057723,170.20731926950336,292.98124804262886,1.7213199132683927,3329,19250.925157546997,426,8747.933866500854
1449,S3,nearshore_segment_landfall_shift,2024-10-28 15:00:00,429.12516706168105,548.1062179956483,1.2772642111593142,171.82848547603086,298.1518174802413,1.73517107279532,3336,19270.87851202488,436,8868.32532787323
1450,S3,nearshore_segment_landfall_shift,2024-10-28 15:30:00,417.32697029973383,543.7743335711692,1.302993509335418,198.01617784689486,313.5813625280075,1.5836148638848362,3342,21163.529035806656,553,10748.995600700378
1451,S3,nearshore_segment_landfall_shift,2024-10-28 16:00:00,420.74352461937815,546.2643950795124,1.2983310808495134,206.26742366610196,311.7260496211076,1.5112713587081819,3255,20693.89501130581,576,10433.3261013031
1452,S3,nearshore_segment_landfall_shift,2024-10-28 16:30:00,423.68218460832037,544.8694718103,1.2860334741570778,210.9885479017751,311.0135697161042,1.4740779668330335,3272,21129.165230035782,590,10874.413918495178
1453,S3,nearshore_segment_landfall_shift,2024-10-28 17:00:00,424.45722323492345,541.1490981665124,1.274920224097594,214.01382741487137,316.9712346505716,1.4810782951706813,3258,21343.87403357029,605,11132.136051177979
1454,S3,nearshore_segment_landfall_shift,2024-10-28 17:30:00,428.73899273464156,539.5974365799469,1.2585686063640062,234.71182644433293,312.4892083720243,1.3313739367374258,3327,22188.556708812714,647,11981.475589752197
1455,S3,nearshore_segment_landfall_shift,2024-10-28 18:00:00,434.9224771889827,532.2552854711123,1.2237934652428535,254.41747319815073,312.90717771467433,1.2298965703152323,3412,23632.419038653374,709,13480.408482551575
1456,S3,nearshore_segment_landfall_shift,2024-10-28 18:30:00,407.812631884162,547.2518857387222,1.3419198988769092,211.48911332796965,273.7267611407889,1.2942829861710283,2949,19352.795499801636,524,9857.804605484009
1457,S3,nearshore_segment_landfall_shift,2024-10-28 19:00:00,407.1604380609431,547.9270045636846,1.3457275151120416,211.50312664274668,273.35476368777364,1.292438405175448,2947,19315.953181147575,523,9822.924514770508
1458,S3,nearshore_segment_landfall_shift,2024-10-28 19:30:00,410.77054036677794,558.9874084842221,1.3608264311873475,213.931194566776,274.73907250462065,1.2842403514876972,2981,19390.689007401466,536,9772.62356376648
1459,S3,nearshore_segment_landfall_shift,2024-10-28 20:00:00,410.4944751930371,559.136701813137,1.3621053037320388,213.71956518472265,273.37593700790256,1.2791338816903182,2981,19370.67218053341,533,9733.303233146667
1460,S3,nearshore_segment_landfall_shift,2024-10-28 20:30:00,430.8128288115243,568.8390333921467,1.3203855487808742,215.57317510130463,266.66605234481995,1.2370094387648367,3049,19758.94545328617,542,9997.067783355713
1461,S3,nearshore_segment_landfall_shift,2024-10-28 21:00:00,432.86769526347035,575.1319901322944,1.3286553753618222,225.20108572248438,266.62497399424797,1.1839417786946602,3125,19864.066991209984,570,9930.336141586304
1462,S3,nearshore_segment_landfall_shift,2024-10-28 21:30:00,429.2126944092515,568.1267855215526,1.3236486080717969,221.53806148610704,260.05374185355055,1.1738558156060137,3133,19660.49026811123,547,9702.870629310608
1463,S3,nearshore_segment_landfall_shift,2024-10-28 22:00:00,419.2969535037626,558.5054013513324,1.3320044342900745,209.7378541235628,257.92462093861604,1.2297475914226896,3155,20161.23656618595,528,10045.615332603455
1464,S3,nearshore_segment_landfall_shift,2024-10-28 22:30:00,429.018895437057,562.6074706701985,1.3113815653668324,195.00542904268093,266.7131271083298,1.3677215471265305,3218,19454.62788629532,477,9001.25687789917
1465,S3,nearshore_segment_landfall_shift,2024-10-28 23:00:00,422.133157835533,568.0523285325505,1.345670952372492,190.61631491975385,268.7290795715796,1.4097905506394268,3274,19423.066112995148,455,8991.911107063293
1466,S3,nearshore_segment_landfall_shift,2024-10-28 23:30:00,403.3203206540479,550.3811872026695,1.36462548256963,206.20953560760154,260.7759897680508,1.264616541614657,3252,20291.09771978855,522,10492.432215690613
1467,S3,nearshore_segment_landfall_shift,2024-10-29 00:00:00,400.79871498224793,537.504970564204,1.3410845655730448,213.8357699236603,256.8329743247577,1.2010758275682607,3189,20152.926773428917,548,10695.028635978699
1468,S3,nearshore_segment_landfall_shift,2024-10-29 00:30:00,418.10570792465495,538.3211955109738,1.2875241483380586,210.77501282546086,246.42440421049523,1.1691348082827724,3212,19841.570796132088,513,10009.296788215637
1469,S3,nearshore_segment_landfall_shift,2024-10-29 01:00:00,420.7876854019491,563.0584789101578,1.3381058867545184,204.02698813130337,242.3252404996483,1.1877116979431004,3256,19397.194162011147,479,9329.49367904663
1470,S3,nearshore_segment_landfall_shift,2024-10-29 01:30:00,416.62504294910235,568.3659566063438,1.3642145766925915,206.77836490258065,238.757226549362,1.1546528412769217,3250,19039.01300251484,471,9080.758688926697
1471,S3,nearshore_segment_landfall_shift,2024-10-29 02:00:00,414.51637116318756,570.9516286868966,1.3773922296114136,207.85344477192584,236.34352585214768,1.137068120816965,3328,19245.517406344414,473,9338.743957519531
1472,S3,nearshore_segment_landfall_shift,2024-10-29 02:30:00,403.6406899518101,562.8411365877363,1.3944112935069342,197.76015072736416,244.95718282738332,1.2386579496750316,3354,19908.99250483513,473,9964.364855766296
1473,S3,nearshore_segment_landfall_shift,2024-10-29 03:00:00,404.0595938436596,555.4673834145135,1.3747164821173279,201.48648100938226,268.50583001796764,1.332624544698179,3396,21499.100620508194,552,11817.859275817871
1474,S3,nearshore_segment_landfall_shift,2024-10-29 03:30:00,405.57679193394694,549.7956071249548,1.355589417489387,222.6643022915741,276.9127516411304,1.2436333475606605,3234,21128.00297474861,618,11587.79866695404
1475,S3,nearshore_segment_landfall_shift,2024-10-29 04:00:00,410.69397587129896,554.3406085055369,1.3497656188637444,212.44212098234317,256.5153372419043,1.2074598768632283,3235,19646.918388843536,537,9864.217515945435
1476,S3,nearshore_segment_landfall_shift,2024-10-29 04:30:00,411.3734088078463,554.6015244700365,1.348170573487629,212.3311026119044,255.55087624232712,1.203548953020877,3238,19599.068997740746,534,9792.13676071167
1477,S3,nearshore_segment_landfall_shift,2024-10-29 05:00:00,411.33268982886693,556.3584839928978,1.3525754158376444,214.5792320469766,259.4808841693855,1.2092544170937176,3230,19594.619430422783,547,9839.870929718018
1478,S3,nearshore_segment_landfall_shift,2024-10-29 05:30:00,407.67728203732787,554.5823452703015,1.3603464546732367,214.2502067193418,258.29646050374305,1.2055832498780208,3207,19601.0239675045,542,9834.989273071289
1479,S3,nearshore_segment_landfall_shift,2024-10-29 06:00:00,409.88026149503696,552.8284624110378,1.3487560010686934,216.3225345608689,237.6172650294683,1.0984397234057297,3202,19159.046409368515,500,9424.70563697815
1480,S3,nearshore_segment_landfall_shift,2024-10-29 06:30:00,459.299720693637,584.1735411489572,1.2718787206461473,238.52139265326366,258.76992729497084,1.084891901797426,3621,20648.104709148407,545,9453.309079170227
1481,S3,nearshore_segment_landfall_shift,2024-10-29 07:00:00,481.03777712332436,649.3086932487865,1.3498081109798596,234.40597778420275,256.64085619006863,1.0948562771992723,3770,20778.91314649582,548,9476.65022945404
1482,S3,nearshore_segment_landfall_shift,2024-10-29 07:30:00,484.0296162628248,656.5212961279351,1.3563659620601545,237.08198734607626,254.16698046161272,1.0720636489797764,3868,20561.717203855515,544,9187.691239356995
1483,S3,nearshore_segment_landfall_shift,2024-10-29 08:00:00,480.0084382714188,633.0596013860213,1.3188509845071912,240.8517461895402,255.826963980716,1.0621760814612897,3713,19584.17992758751,533,8558.867273330688
1484,S3,nearshore_segment_landfall_shift,2024-10-29 08:30:00,480.1918902439407,634.529078926181,1.3214073203190388,241.09512814184373,256.10648391626614,1.0622632066027884,3725,19612.055878400803,535,8574.477153778076
1485,S3,nearshore_segment_landfall_shift,2024-10-29 09:00:00,548.2223210926327,693.2552744535848,1.2645513467454104,239.96552145018637,254.35885845724425,1.0599808544163905,3772,19939.53374648094,554,9087.38705253601
1486,S3,nearshore_segment_landfall_shift,2024-10-29 09:30:00,658.0655620119949,782.8010891543667,1.189548784107467,237.8330830923812,254.1508335441515,1.0686100951120874,3934,20970.576951265335,567,9601.709440231323
1487,S3,nearshore_segment_landfall_shift,2024-10-29 10:00:00,687.2505641232144,859.2169672356871,1.2502237351116094,226.6025231444917,250.62258903167438,1.1060008756913327,4171,22187.174381136894,556,10184.550850868225
1488,S3,nearshore_segment_landfall_shift,2024-10-29 10:30:00,692.7130348673863,869.942905469304,1.2558489037756384,226.53352932909402,247.19505681848062,1.091207370275725,4034,21723.27823293209,544,9931.83065032959
1489,S3,nearshore_segment_landfall_shift,2024-10-29 11:00:00,700.685259188714,878.6928438043683,1.2540478514158533,226.05446211591638,245.46713576438003,1.085876091393003,3994,21408.029783010483,538,9821.176212310791
1490,S3,nearshore_segment_landfall_shift,2024-10-29 11:30:00,711.8652080200383,912.5379710580143,1.2818971355491866,228.01956870721182,244.867543094512,1.0738882828470426,3981,21464.71313548088,541,9684.671566963196
1491,S3,nearshore_segment_landfall_shift,2024-10-29 12:00:00,717.1515415750187,908.6867699239568,1.2670777614565039,235.6155199596022,248.7443365548915,1.0557213573941957,3825,21122.285601377487,563,9713.202198028564
1492,S3,nearshore_segment_landfall_shift,2024-10-29 12:30:00,449.7663423109508,522.0231695214602,1.1606541450817427,240.26971505356036,269.89879900883705,1.1233159324664397,3319,19441.757759809494,535,9547.395722389221
1493,S3,nearshore_segment_landfall_shift,2024-10-29 13:00:00,458.97400208693756,514.9201160732513,1.1218938626848747,204.13341820873669,256.2853037155509,1.2554794112813272,3302,17383.703422665596,391,7356.66906452179
1494,S3,nearshore_segment_landfall_shift,2024-10-29 13:30:00,460.6317035639925,509.5642445030252,1.1062292077606284,205.99873593472765,245.35632124350963,1.1910574117369903,3332,17486.81289446354,390,7248.908094406128
1495,S3,nearshore_segment_landfall_shift,2024-10-29 14:00:00,456.77275252349654,502.0722158725011,1.099172866811212,203.53283952312364,243.0713026236802,1.194260853399352,3292,17662.056550979614,392,7483.088817596436
1496,S3,nearshore_segment_landfall_shift,2024-10-29 14:30:00,456.9445227379386,502.042720831291,1.098695127853005,209.99047199163763,235.40769987441993,1.1210399102478963,3299,17988.538450598717,399,7721.317688941956
1497,S3,nearshore_segment_landfall_shift,2024-10-29 15:00:00,456.44639598629306,504.8940577511278,1.1061409668054174,211.0403054027256,231.61925546692635,1.097511942208997,3308,18008.3991894722,395,7731.595157623291
1498,S3,nearshore_segment_landfall_shift,2024-10-29 15:30:00,454.6877926350441,508.59960117941046,1.1185688496977917,211.96031096320633,228.6019990468728,1.078513227349219,3295,18357.895089626312,398,7943.258496284485
1499,S3,nearshore_segment_landfall_shift,2024-10-29 16:00:00,454.2815573978089,509.86403050065894,1.1223524754586856,212.59844585468883,227.9215616329704,1.0720753894351318,3302,18412.01626944542,400,8018.308275222778
1500,S3,nearshore_segment_landfall_shift,2024-10-29 16:30:00,454.68760427682645,510.44785499193176,1.122634200252259,212.34736307611865,228.11571757974124,1.0742573596167952,3310,18425.21213412285,398,7995.044261932373
1501,S3,nearshore_segment_landfall_shift,2024-10-29 17:00:00,455.5539959719918,511.49650084579025,1.1228010408611073,212.47782250992375,230.64676582307348,1.085509833913608,3327,18486.18966257572,404,8091.291481971741
1502,S3,nearshore_segment_landfall_shift,2024-10-29 17:30:00,457.16591157034435,516.9195728395022,1.1307045423922915,220.64696281696047,232.07415320995463,1.051789475128523,3334,18583.04140007496,419,8151.9087924957275
1503,S3,nearshore_segment_landfall_shift,2024-10-29 18:00:00,443.28100530243046,507.5909542351195,1.1450771591009457,223.86870779321356,233.78809541265124,1.0443089510687626,3291,19106.637081980705,434,8749.24025630951
1504,S3,nearshore_segment_landfall_shift,2024-10-29 18:30:00,473.0625415235226,675.0577194026404,1.426994657468715,241.4787342381932,272.70386285428685,1.1293079852956833,3290,20696.981872320175,587,10451.984471321106
1505,S3,nearshore_segment_landfall_shift,2024-10-29 19:00:00,486.81414046224216,671.4601876675534,1.3792947489774718,242.74007242683086,284.5155126206386,1.1720994798104418,3357,20731.403455853462,609,10231.425898551941
1506,S3,nearshore_segment_landfall_shift,2024-10-29 19:30:00,493.4753165401408,724.4290101576535,1.4680146825514517,248.67373021985372,285.75552843789995,1.149118277130684,3392,20971.676792383194,622,10525.326232910156
1507,S3,nearshore_segment_landfall_shift,2024-10-29 20:00:00,484.9842898483074,707.9445875950506,1.4597268456190176,244.51367896225662,275.57499895280677,1.1270330564832884,3297,20754.16388273239,607,10616.251094818115
1508,S3,nearshore_segment_landfall_shift,2024-10-29 20:30:00,476.23218017742624,660.7711289731182,1.387497856039334,245.1619694782953,272.1338087878862,1.1100164082014266,3221,20859.083560943604,613,10979.39446258545
1509,S3,nearshore_segment_landfall_shift,2024-10-29 21:00:00,469.6262127203317,545.8688288853945,1.1623474459047392,245.95424899686674,273.4100432511256,1.11162968058587,3133,21107.573629021645,631,11514.022952079773
1510,S3,nearshore_segment_landfall_shift,2024-10-29 21:30:00,424.0393386370207,500.86912546244884,1.1811855170616459,249.10037930540182,283.0137670883809,1.1361434610318257,3170,21825.043838500977,666,12232.739575386047
1511,S3,nearshore_segment_landfall_shift,2024-10-29 22:00:00,420.2192772891341,488.12546034272316,1.161597020231094,249.61987826943798,283.6544896478774,1.1363457574548674,3094,21876.899902939796,675,12586.864731788635
1512,S3,nearshore_segment_landfall_shift,2024-10-29 22:30:00,421.36412819047115,490.86105733153096,1.1649331884028904,250.50458286038347,277.3714943207029,1.1072511774177496,3122,21927.16343188286,668,12522.66213607788
1513,S3,nearshore_segment_landfall_shift,2024-10-29 23:00:00,423.07192119653666,491.5746280176723,1.161917403138914,251.25707074861612,279.83180052505054,1.1137270672275825,3143,22028.309460759163,676,12613.974974632263
1514,S3,nearshore_segment_landfall_shift,2024-10-29 23:30:00,423.01133802210694,491.30994385554453,1.1614580974419817,245.4683044977241,274.26036345543827,1.1172944059585501,3171,21629.773434877396,645,12250.378142356873
1515,S3,nearshore_segment_landfall_shift,2024-10-30 00:00:00,423.110834626222,494.46686372125083,1.1686461873708902,242.92908644365073,274.7302368587713,1.1309071337675984,3183,21615.725657463074,636,12129.311291694641
1516,S3,nearshore_segment_landfall_shift,2024-10-30 00:30:00,515.1934752962495,561.9137283690267,1.0906848694966695,252.5443782896936,269.3523714597921,1.0665546122385547,3965,22649.585884213448,618,11303.716983795166
1517,S3,nearshore_segment_landfall_shift,2024-10-30 01:00:00,515.23179527846,561.85976575539,1.0904990159850838,252.48529858559698,269.05885502531953,1.065641669168721,3967,22676.847942352295,617,11310.824934959412
1518,S3,nearshore_segment_landfall_shift,2024-10-30 01:30:00,511.2615476394291,530.2114770794145,1.037065039464593,258.41017212218065,266.29257523938804,1.030503455233486,3892,22748.715057373047,636,11625.504515647888
1519,S3,nearshore_segment_landfall_shift,2024-10-30 02:00:00,510.8546684024304,529.9016901207816,1.0372846190833784,258.3945040587028,266.5278270207306,1.031476377532314,3892,22783.6893222332,637,11671.485215187073
1520,S3,nearshore_segment_landfall_shift,2024-10-30 02:30:00,510.46335815673336,529.6998615731516,1.0376843961648483,257.2471966884366,267.4430682381467,1.0396345292814122,3893,22785.292897701263,635,11668.289409637451
1521,S3,nearshore_segment_landfall_shift,2024-10-30 03:00:00,509.83295837234255,528.4834805892973,1.0365816330833064,257.1521894375034,267.41802629651613,1.039921250063891,3889,22790.97170817852,635,11684.606934547424
1522,S3,nearshore_segment_landfall_shift,2024-10-30 03:30:00,510.3667031175315,529.0840368633656,1.0366742846496446,256.8925220731946,266.57686175077055,1.0376980209443996,3898,22853.373538017273,632,11713.59520149231
1523,S3,nearshore_segment_landfall_shift,2024-10-30 04:00:00,517.2688071107062,529.4095435979085,1.02347084595148,257.20576871230435,270.1731648091972,1.050416427912223,3964,23205.559019088745,645,11808.055096626282
1524,S3,nearshore_segment_landfall_shift,2024-10-30 04:30:00,520.9046586095029,530.8915191470311,1.019172146711427,265.0884642603772,278.4557428459001,1.050425727210793,3989,23936.64341044426,684,12393.164796829224
1525,S3,nearshore_segment_landfall_shift,2024-10-30 05:00:00,520.4839012067627,530.2740224653273,1.0188096523943677,265.04446747962817,279.0665457387324,1.0529046253726495,3993,23998.143961310387,687,12488.206158638
1526,S3,nearshore_segment_landfall_shift,2024-10-30 05:30:00,496.84555836906975,532.9700696700952,1.0727077271649677,272.9509982178149,288.48265131931106,1.056902715882727,3933,24533.802800655365,735,13161.613897323608
1527,S3,nearshore_segment_landfall_shift,2024-10-30 06:00:00,496.4101630947095,533.6007858599683,1.0749191405216296,271.79842464655593,288.31432563633985,1.0607652564994074,3938,24548.88732981682,731,13128.661302566528
1528,S3,nearshore_segment_landfall_shift,2024-10-30 06:30:00,552.2576790275375,556.5921552169103,1.0078486481111577,277.85515247368676,294.90867322108096,1.0613755785903884,4343,25162.37700033188,738,13003.767335891724
1529,S3,nearshore_segment_landfall_shift,2024-10-30 07:00:00,554.6643362997287,560.4643149014479,1.0104567361233479,276.47413352740205,299.1775991222173,1.0821178650789187,4377,25172.71399140358,740,13015.29886341095
1530,S3,nearshore_segment_landfall_shift,2024-10-30 07:30:00,554.5230820581311,560.5095443649326,1.0107956954372062,276.0179286786057,299.68773490668946,1.0857545969618652,4383,25202.646604418755,740,13030.968831062317
1531,S3,nearshore_segment_landfall_shift,2024-10-30 08:00:00,550.0370410117079,559.996507286428,1.0181069010487007,276.67846404792414,304.3402479656138,1.0999780883303485,4270,25033.217655658722,743,13043.249290466309
1532,S3,nearshore_segment_landfall_shift,2024-10-30 08:30:00,559.7734794534103,583.4629479533879,1.0423197406978053,265.86696483102367,297.77049195799157,1.119998086814748,4422,24210.282158374786,682,11635.46675491333
1533,S3,nearshore_segment_landfall_shift,2024-10-30 09:00:00,562.5871256908409,594.2552283071939,1.056290130310864,261.01179825396565,285.4506158063885,1.0936310837897167,4384,23402.90476691723,634,11007.213007926941
1534,S3,nearshore_segment_landfall_shift,2024-10-30 09:30:00,469.6649487855721,562.7586494058908,1.198213004528085,266.74079121528956,281.828400851115,1.0565628135355083,3783,23352.74531340599,689,12471.383284568787
1535,S3,nearshore_segment_landfall_shift,2024-10-30 10:00:00,471.154043909206,573.5882122896365,1.2174112049013188,265.5261394169166,280.5509569048066,1.0565850786701556,3845,23830.787907719612,688,12613.207419395447
1536,S3,nearshore_segment_landfall_shift,2024-10-30 10:30:00,517.0444540135308,596.9946708610618,1.1546292900483128,262.2683811115062,281.23770376913325,1.0723279053968804,3866,24329.69027709961,700,13065.177634239197
1537,S3,nearshore_segment_landfall_shift,2024-10-30 11:00:00,551.7923738015804,690.8780332582938,1.2520615834149351,261.33694604425887,283.7180315473751,1.0856407249028033,3878,24550.95557808876,713,13370.178747177124
1538,S3,nearshore_segment_landfall_shift,2024-10-30 11:30:00,500.7866774107714,585.7759010440607,1.1697114309683911,264.91554322355944,292.54766597765024,1.1043054039708466,3744,24443.378618717194,748,13738.641758918762
1539,S3,nearshore_segment_landfall_shift,2024-10-30 12:00:00,461.7378160383082,554.8651835379102,1.2016888464943802,266.1501537679897,291.2514549060021,1.0943125554603015,3617,24158.746403694153,744,13560.111186027527
1540,S3,nearshore_segment_landfall_shift,2024-10-30 12:30:00,517.1707621836399,549.9043144323119,1.0632935089185256,256.81344085649204,291.4476955469202,1.1348615344076975,3832,22851.235674619675,638,11753.435338020325
1541,S3,nearshore_segment_landfall_shift,2024-10-30 13:00:00,517.197957310472,549.1647401530681,1.0618076355305586,256.838680136593,291.424473464671,1.1346595976497127,3825,22844.714669942856,639,11771.872234344482
1542,S3,nearshore_segment_landfall_shift,2024-10-30 13:30:00,517.5484692451679,549.8857021544814,1.0624815545420807,255.4979825189918,292.38153371529677,1.144359461599906,3831,22785.26332616806,628,11650.962295532227
1543,S3,nearshore_segment_landfall_shift,2024-10-30 14:00:00,522.4943331844655,546.995868226382,1.0468933986184787,249.0075512143024,295.0292168649617,1.1848203615763069,3802,22620.67930853367,618,11600.559732437134
1544,S3,nearshore_segment_landfall_shift,2024-10-30 14:30:00,510.9918001634549,554.0035341935416,1.0841730415562971,248.52363946472906,293.2537380480071,1.1799832751508736,3663,22579.325619101524,620,11761.909071922302
1545,S3,nearshore_segment_landfall_shift,2024-10-30 15:00:00,510.97620626602003,553.5779168443042,1.083373178742699,248.44783572717301,293.23795320161804,1.1802797651400314,3655,22554.901931643486,620,11757.307222366333
1546,S3,nearshore_segment_landfall_shift,2024-10-30 15:30:00,484.29941510499543,597.2016387659793,1.2331248400052384,266.19956627593245,288.5866854835234,1.0840990070749559,3717,24271.718051075935,730,13328.870091438293
1547,S3,nearshore_segment_landfall_shift,2024-10-30 16:00:00,485.76463649449005,599.705535143856,1.234559887832957,267.2059388012773,282.4069662911132,1.0568888085273431,3707,24079.98346042633,722,13222.828114509583
1548,S3,nearshore_segment_landfall_shift,2024-10-30 16:30:00,485.2579917096162,604.1994728775094,1.245109783249212,263.7915699282025,279.33716870258684,1.0589313706219436,3713,23522.700291991234,703,12892.133807182312
1549,S3,nearshore_segment_landfall_shift,2024-10-30 17:00:00,485.5760746067117,605.0694562973179,1.246085810112015,264.0226712724394,278.7700576501323,1.0558565153008177,3711,23424.676218032837,702,12811.466110229492
1550,S3,nearshore_segment_landfall_shift,2024-10-30 17:30:00,475.0670348901222,593.929977406453,1.2502024636245728,263.9833581557951,278.7784094089985,1.0560453937572487,3668,23571.711770653725,707,13065.322584152222
1551,S3,nearshore_segment_landfall_shift,2024-10-30 18:00:00,464.9316074924624,591.2736832100866,1.2717433568326955,267.1083970885033,283.19060445263716,1.0602085428216774,3639,23988.026624917984,727,13558.878757476807
1552,S3,nearshore_segment_landfall_shift,2024-10-30 18:30:00,533.9335439494821,564.8361739510549,1.0578772964384038,226.10756546254706,290.0063846099034,1.2826036316681293,3676,22331.1708060503,618,11653.60133934021
1553,S3,nearshore_segment_landfall_shift,2024-10-30 19:00:00,534.0616098758004,565.2135103695352,1.0583301625087382,226.10783409044907,290.0294060342545,1.2827039239968743,3673,22326.68500852585,618,11645.665168762207
1554,S3,nearshore_segment_landfall_shift,2024-10-30 19:30:00,535.3534894722502,565.4078491136971,1.0561392803679552,226.10519324164096,290.0446055970424,1.282786129052186,3674,22319.338354229927,618,11638.684477806091
1555,S3,nearshore_segment_landfall_shift,2024-10-30 20:00:00,535.9191450784449,565.6097430877945,1.0554012639444008,226.10661334852117,290.060452609432,1.2828481587238272,3673,22311.800346016884,618,11637.52918434143
1556,S3,nearshore_segment_landfall_shift,2024-10-30 20:30:00,567.3110547515395,632.9350674045714,1.1156755400822775,223.95419462163915,290.96254947840094,1.299205625373386,3672,22384.998551130295,622,11722.000852584839
1557,S3,nearshore_segment_landfall_shift,2024-10-30 21:00:00,567.520381643392,631.855586085329,1.1133619276467883,224.27453845173076,290.86454703056745,1.2969129221646671,3674,22397.397243857384,623,11741.399970054626
1558,S3,nearshore_segment_landfall_shift,2024-10-30 21:30:00,540.746675134168,1194.2089811107026,2.208444426984961,231.8137314631363,313.44087909143775,1.3521238673528737,4107,23826.371812820435,643,11670.392524719238
1559,S3,nearshore_segment_landfall_shift,2024-10-30 22:00:00,494.6440177180522,1122.5767053678437,2.269463826827704,227.37280542989174,311.38433594164366,1.3694880324536203,4096,23517.166045188904,630,11400.707856178284
1560,S3,nearshore_segment_landfall_shift,2024-10-30 22:30:00,543.7031297810852,1188.8983155969943,2.186668147515881,232.2913523927011,313.3342774796222,1.3488848131974895,4078,23774.475343942642,643,11668.818921089172
1561,S3,nearshore_segment_landfall_shift,2024-10-30 23:00:00,544.5948906109354,1192.8380700915816,2.1903218165587894,231.99902172853876,313.58573167803127,1.3516683361059836,4064,23700.654131650925,642,11634.177899360657
1562,S3,nearshore_segment_landfall_shift,2024-10-30 23:30:00,545.4125307198477,1197.6671161052855,2.195892189210569,231.83909718360576,313.23762120055795,1.3510992106412794,4047,23621.44324028492,640,11588.228798866272
1563,S3,nearshore_segment_landfall_shift,2024-10-31 00:00:00,531.5942427268266,1213.792103189458,2.2833055846565933,231.23787589715934,309.13358239048495,1.336863959639413,4148,23564.266744613647,632,11409.245400428772
1564,S3,nearshore_segment_landfall_shift,2024-10-31 00:30:00,506.4405000153663,857.6358253735197,1.693458215422139,235.99438345945345,320.2716449583908,1.3571155392069567,3465,22063.56541121006,656,11763.519665718079
1565,S3,nearshore_segment_landfall_shift,2024-10-31 01:00:00,506.1455206308948,857.6497464380153,1.6944726595011246,235.59529735847292,320.3914817816439,1.3599230773021203,3454,22024.735377192497,654,11731.3501329422
1566,S3,nearshore_segment_landfall_shift,2024-10-31 01:30:00,447.73899893701,907.6380574471146,2.027158812616194,234.1634513576915,325.2701198050065,1.3890729655677372,3511,21936.03156554699,663,11632.098485946655
1567,S3,nearshore_segment_landfall_shift,2024-10-31 02:00:00,447.32182379397415,895.8895944841524,2.002785347885857,227.36544511747428,325.2409834234942,1.4304767518892263,3689,21535.197534799576,631,10615.62191104889
1568,S3,nearshore_segment_landfall_shift,2024-10-31 02:30:00,457.32568829534705,916.9222645227521,2.004965581401125,207.47772997063146,324.2073494059575,1.5626127654849875,3762,22195.974230885506,569,10878.474911689758
1569,S3,nearshore_segment_landfall_shift,2024-10-31 03:00:00,464.608602308089,862.6280007303814,1.8566767736219352,207.0628584551553,315.97277329272987,1.5259751345563515,3715,21685.757229089737,567,10667.560189247131
1570,S3,nearshore_segment_landfall_shift,2024-10-31 03:30:00,493.97911800144834,695.728632406582,1.4084170910328657,166.76064269916606,224.48416727841177,1.346145970925387,3524,17699.726419448853,326,6089.062434196472
1571,S3,nearshore_segment_landfall_shift,2024-10-31 04:00:00,490.4288876471664,689.6477719260545,1.406213600578546,164.5026190318502,224.95581376546414,1.367490773638734,3518,17646.618762016296,323,6083.5406885147095
1572,S3,nearshore_segment_landfall_shift,2024-10-31 04:30:00,487.59999473903304,687.0009911041651,1.4089438033563793,159.88454278386706,227.2898254716356,1.421587237353432,3512,17568.901901483536,321,6103.6546630859375
1573,S3,nearshore_segment_landfall_shift,2024-10-31 05:00:00,403.4146129072403,582.0118441931024,1.4427138372573693,197.15642826488036,222.94861928461316,1.1308209488613772,3413,19326.52230012417,422,8293.577644348145
1574,S3,nearshore_segment_landfall_shift,2024-10-31 05:30:00,406.8554630158001,582.5673761914413,1.4318779742397512,193.31500017632933,225.0430681956235,1.1641262601989124,3433,19000.96294105053,412,7975.669646263123
1575,S3,nearshore_segment_landfall_shift,2024-10-31 06:00:00,406.62353213885336,583.3776494756105,1.4346873787825882,192.1918105981479,223.5737497268988,1.1632844762275847,3428,18867.984067201614,405,7837.654010772705
1576,S3,nearshore_segment_landfall_shift,2024-10-31 06:30:00,414.689049651902,598.0104646549245,1.4420695823940963,196.98227747208796,231.25490683502554,1.1739883902387755,3606,17998.307876706123,411,7139.749247550964
1577,S3,nearshore_segment_landfall_shift,2024-10-31 07:00:00,414.64422433000357,597.8291232298255,1.4417881358309452,196.36742032757883,230.35904101086172,1.1731021399913342,3595,17918.41372358799,406,7048.812702178955
1578,S3,nearshore_segment_landfall_shift,2024-10-31 07:30:00,413.99987242203633,596.7473577511549,1.4414191827161293,196.09912836244914,230.8846967032043,1.1773876744442229,3580,17882.390809178352,406,7042.427258491516
1579,S3,nearshore_segment_landfall_shift,2024-10-31 08:00:00,412.9126873765643,595.538111976297,1.4422858153379585,196.08455709753727,230.66929993139718,1.176376678234051,3564,17836.467989444733,404,7019.065674781799
1580,S3,nearshore_segment_landfall_shift,2024-10-31 08:30:00,407.9100794222916,599.554174873043,1.4698194654129868,194.39015892535343,235.0372294961932,1.209100454444544,3476,17422.44036769867,398,6724.859697341919
1581,S3,nearshore_segment_landfall_shift,2024-10-31 09:00:00,446.26468966818436,549.020633857052,1.2302578415183811,186.97752842034456,216.48777336082085,1.157827762457813,3321,16664.126055836678,351,6190.33777141571
1582,S3,nearshore_segment_landfall_shift,2024-10-31 09:30:00,489.22116946969385,586.8579827517589,1.1995760187317737,187.720141262504,247.16393700351279,1.3166617888800887,3244,17050.056982040405,371,6531.528730392456
1583,S3,nearshore_segment_landfall_shift,2024-10-31 10:00:00,496.88452820792855,570.5153949944264,1.1481850663615043,163.58920502506578,242.58371016699027,1.482883360976167,3186,15643.179545044899,333,5848.83304977417
1584,S3,nearshore_segment_landfall_shift,2024-10-31 10:30:00,518.3041252914823,575.7586422209029,1.1108509736385146,137.26761065387737,230.94925333306944,1.6824744907625022,3099,13891.286697983742,286,4960.646284103394
1585,S3,nearshore_segment_landfall_shift,2024-10-31 11:00:00,474.9430636637412,602.8922313042781,1.2693989604849212,159.63051090408132,256.4873015706596,1.6067561277478837,3308,15347.189993977547,328,5622.553744316101
1586,S3,nearshore_segment_landfall_shift,2024-10-31 11:30:00,491.93033805470384,588.822190394194,1.1969625470196439,152.27928990636474,256.51713038083534,1.6845175108090136,3225,14905.908901333809,319,5610.623769760132
1587,S3,nearshore_segment_landfall_shift,2024-10-31 12:00:00,489.00009251971727,583.3588864559276,1.1929627322767928,149.2328290034905,257.41347855469934,1.7249118727667945,3158,14538.00108408928,310,5503.615075111389
1588,S3,nearshore_segment_landfall_shift,2024-10-31 12:30:00,446.2260299118465,552.0256683171084,1.237098760074937,171.94818763645495,297.5609090423779,1.7305265797363363,3054,15893.050241589546,335,5675.10875415802
1589,S3,nearshore_segment_landfall_shift,2024-10-31 13:00:00,445.8860013827228,555.2773394885143,1.2453347666591017,168.6211972709569,292.7580255198448,1.736187562761822,2951,14852.992772340775,301,4684.383727073669
1590,S3,nearshore_segment_landfall_shift,2024-10-31 13:30:00,449.97248183950677,572.2134684285564,1.2716632494709943,163.79806832371074,308.10016312540216,1.880975558982224,2943,14337.456149578094,278,4003.137565612793
1591,S3,nearshore_segment_landfall_shift,2024-10-31 14:00:00,548.58728380701,570.0073445900488,1.0390458572688557,180.15722430135682,318.2778256185302,1.7666670146190266,2993,14334.740018486977,305,4260.117754936218
1592,S3,nearshore_segment_landfall_shift,2024-10-31 14:30:00,515.2153064763494,758.1773102415514,1.4715737298778282,173.54691494886652,310.76415920459687,1.7906636905424562,2918,15138.9338606596,329,5243.594306945801
1593,S3,nearshore_segment_landfall_shift,2024-10-31 15:00:00,507.3934206341473,936.0313828157076,1.8447842339891614,180.00146738880716,316.27550042234714,1.757071789527045,2877,15110.979694843292,328,5393.513107299805
1594,S3,nearshore_segment_landfall_shift,2024-10-31 15:30:00,521.9497207900763,942.2391926577608,1.8052298049541815,295.31020701178875,761.5142918854071,2.578692756986232,2741,12890.447458267212,263,3794.3977375030518
1595,S3,nearshore_segment_landfall_shift,2024-10-31 16:00:00,518.2364690978505,954.0424817548392,1.8409404560347533,295.2869316987083,774.1291143471792,2.6216165744071867,2734,12818.706328392029,261,3741.8605527877808
1596,S3,nearshore_segment_landfall_shift,2024-10-31 16:30:00,535.0160362254452,1045.5451518627885,1.9542314268543055,262.2613123263935,1487.9029792191175,5.673360535035238,2719,11909.593126893044,200,2433.6083478927612
1597,S3,nearshore_segment_landfall_shift,2024-10-31 17:00:00,454.12255794674826,575.0899047964201,1.266375991971435,139.6331990656375,276.0035396077453,1.9766326450631708,2728,11842.16734778881,187,2441.550271987915
1598,S3,nearshore_segment_landfall_shift,2024-10-31 17:30:00,461.32778675204673,580.5423087058639,1.258416088033932,140.88488910665697,284.9749073295119,2.0227499850162745,2807,12118.942457199097,192,2456.834587097168
1599,S3,nearshore_segment_landfall_shift,2024-10-31 18:00:00,468.3916269917426,581.0363742446834,1.2404926577710267,144.00258865247187,289.99492664665684,2.0138174553688963,2819,11965.147594690323,191,2306.805938720703
1600,S3,nearshore_segment_landfall_shift,2024-10-31 18:30:00,595.1317769977168,796.732086589463,1.3387490256506978,375.1118923472509,419.8793233301649,1.119344206078837,3629,15754.693048000336,319,3818.230694770813
1601,S3,nearshore_segment_landfall_shift,2024-10-31 19:00:00,655.9042656327923,958.5132398243851,1.4613614974734845,454.5565007682276,812.1935671132525,1.7867824258163618,3681,15550.845379114151,323,3696.242428779602
1602,S3,nearshore_segment_landfall_shift,2024-10-31 19:30:00,656.59754026502,967.8187043521734,1.473990755374342,461.6035645790917,862.7080757508118,1.8689372048880537,3678,15476.511913061142,322,3652.3539533615112
1603,S3,nearshore_segment_landfall_shift,2024-10-31 20:00:00,657.2670613742399,967.7688344985908,1.4724134090564953,465.936180624934,868.291472004328,1.8635416353367011,3672,15434.158658623695,320,3611.4499349594116
1604,S3,nearshore_segment_landfall_shift,2024-10-31 20:30:00,666.9132845182081,979.2961821454708,1.4684010723417107,503.8817377072807,907.1542938011452,1.8003317562743961,3646,15080.648785710335,310,3471.3595027923584
1605,S3,nearshore_segment_landfall_shift,2024-10-31 21:00:00,661.2051410835836,1052.7966290596858,1.592239024842366,461.02490992454517,907.2279877484275,1.9678502575856678,3623,14939.686411261559,313,3453.6632537841797
1606,S3,nearshore_segment_landfall_shift,2024-10-31 21:30:00,661.7785051432572,1050.4128683608415,1.5872574587980215,464.6409218969372,911.9797729384521,1.9627624902585268,3623,14892.525829792023,311,3421.1837272644043
1607,S3,nearshore_segment_landfall_shift,2024-10-31 22:00:00,671.4971367212434,1172.650399523613,1.7463222631884583,403.72956137182547,1196.4324391218859,2.963450174558797,3636,14659.628195405006,299,3229.1190223693848
1608,S3,nearshore_segment_landfall_shift,2024-10-31 22:30:00,693.8626345295937,1317.4502414657345,1.898719106497069,352.89985791250274,1443.5933062245865,4.090659924783829,3632,14450.539062738419,287,3100.760883331299
1609,S3,nearshore_segment_landfall_shift,2024-10-31 23:00:00,677.8879077023806,1344.8903438285472,1.9839420773662846,254.68888505337068,1443.14508585422,5.666305718648852,3545,13983.447088956833,264,2906.2462549209595
1610,S3,nearshore_segment_landfall_shift,2024-10-31 23:30:00,659.9251146214109,1342.0432442379883,2.033629596000292,300.351282255269,1418.0500461376917,4.7213051180933,3569,14030.449583888054,264,3007.606304168701
1611,S3,nearshore_segment_landfall_shift,2024-11-01 00:00:00,866.5070433068972,1041.3024312696134,1.2017241398242233,354.07713723061164,1117.9944813525399,3.1574884786316577,3176,11739.618547797203,214,2347.866000175476
1612,S3,nearshore_segment_landfall_shift,2024-11-01 00:30:00,1245.5077615454732,1388.2893813952685,1.114637278271655,1356.5000464725822,2034.2622435774997,1.4996403788318007,3521,12942.487769722939,200,2618.712661743164
1613,S3,nearshore_segment_landfall_shift,2024-11-01 01:00:00,1169.9006397322596,1331.75586017884,1.1383495443541438,1208.8008039558365,1982.5302479467261,1.6400801864615209,3641,14109.315554738045,229,3004.1049194335938
1614,S3,nearshore_segment_landfall_shift,2024-11-01 01:30:00,1214.6728627496702,1292.9151768104869,1.0644143097785996,1220.480382595512,1951.6066690492942,1.5990479624907565,3646,14264.637159347534,218,2978.573585510254
1615,S3,nearshore_segment_landfall_shift,2024-11-01 02:00:00,1231.176466379212,1281.0723043619766,1.040526958844091,1130.0120758665091,1952.6213979543093,1.727965071928112,3507,14104.376448631287,207,3039.7252502441406
1616,S3,nearshore_segment_landfall_shift,2024-11-01 02:30:00,1267.5833459540665,1279.8928069194085,1.0097109677281821,1170.6959414973153,2016.7928104448745,1.7227298216011608,3496,13858.506326079369,201,2830.705991744995
1617,S3,nearshore_segment_landfall_shift,2024-11-01 03:00:00,751.1050027787742,910.2034874976754,1.211819231838827,297.87061970960326,370.6908759005784,1.2444694151506686,3373,12799.656835198402,207,2356.6761837005615
1618,S3,nearshore_segment_landfall_shift,2024-11-01 03:30:00,533.4396916542308,976.3535777993145,1.8302979569660018,329.24514356478034,542.4246140538635,1.6474794682799552,3638,13008.262191414833,196,2314.4783248901367
1619,S3,nearshore_segment_landfall_shift,2024-11-01 04:00:00,690.1096792782696,997.8079239521454,1.445868611777292,244.71096072533828,498.46578678855985,2.0369573365699463,3369,11698.694148302078,144,1772.1901302337646
1620,S3,nearshore_segment_landfall_shift,2024-11-01 04:30:00,685.8670774570237,823.80923510472,1.2011208325658969,102.5982445167093,247.536298033693,2.412675764577789,3389,12093.900588393211,146,1855.4359874725342
1621,S3,nearshore_segment_landfall_shift,2024-11-01 05:00:00,532.5424186115109,974.4052156335898,1.829723194960016,329.49606072228545,542.4093779843914,1.6461786426076805,3630,13034.600542902946,197,2327.198028564453
1622,S3,nearshore_segment_landfall_shift,2024-11-01 05:30:00,529.6936471229058,926.6928867683628,1.7494883916426107,135.07975576047718,457.6996265262779,3.38836581358546,3610,13694.279412150383,217,2595.1335096359253
1623,S3,nearshore_segment_landfall_shift,2024-11-01 06:00:00,513.2823480155247,935.8911232930693,1.82334562431662,301.10592580265546,495.24358840317154,1.6447487278206276,3587,13756.854660391808,224,2692.3550930023193
1624,S3,nearshore_segment_landfall_shift,2024-11-01 06:30:00,415.0667614088118,738.503094351362,1.7792393007928338,175.9632374613464,320.2271773988106,1.819852726164763,3114,12128.591581463814,219,2562.784998893738
1625,S3,nearshore_segment_landfall_shift,2024-11-01 07:00:00,414.9321102718225,738.4961590776679,1.7797999740099082,175.95322112434073,320.21711456706885,1.8198991329677303,3112,12127.546382546425,219,2563.4586057662964
1626,S3,nearshore_segment_landfall_shift,2024-11-01 07:30:00,670.4390827624725,753.8898931029297,1.1244718759482308,231.66218944169302,1092.197499963398,4.714612697892542,3131,12261.476275920868,212,2521.5047540664673
1627,S3,nearshore_segment_landfall_shift,2024-11-01 08:00:00,670.7217735983102,754.0234924425406,1.1241971293064328,231.71112695562417,1092.7851469030431,4.71615308794524,3131,12251.167811274529,212,2518.602596282959
1628,S3,nearshore_segment_landfall_shift,2024-11-01 08:30:00,670.9923250165832,754.2443788942791,1.1240730344801442,231.771024745793,1093.3674735949626,4.717446776594123,3130,12238.497495412827,212,2515.6246767044067
1629,S3,nearshore_segment_landfall_shift,2024-11-01 09:00:00,549.5504586319328,719.1502519421146,1.3086155068133092,258.7348832929438,706.6359946612246,2.731119923482282,3065,12334.425873041153,209,2655.098427772522
1630,S3,nearshore_segment_landfall_shift,2024-11-01 09:30:00,551.6165119745924,722.0080482397302,1.3088949162438863,245.17306184717054,708.856583239599,2.891249870189508,3051,12245.229964733124,210,2658.604926109314
1631,S3,nearshore_segment_landfall_shift,2024-11-01 10:00:00,672.187358782119,754.9990958281942,1.1231974031706187,231.3571084556423,1098.3374317642563,4.747368425789406,3128,12196.541456103325,211,2491.5821352005005
1632,S3,nearshore_segment_landfall_shift,2024-11-01 10:30:00,411.94978109472845,746.0879163063686,1.8111137583898915,172.418404895577,338.61753621506875,1.963929178095263,3198,12409.983342885971,210,2520.3785858154297
1633,S3,nearshore_segment_landfall_shift,2024-11-01 11:00:00,414.1261676804212,757.8745670074599,1.8300571810094006,140.2605130420052,314.123496833451,2.23957185112659,3226,12195.211891293526,190,2255.8818702697754
1634,S3,nearshore_segment_landfall_shift,2024-11-01 11:30:00,417.2801970560455,763.2107668429468,1.8290126687714274,138.90599315529187,312.1650324034121,2.2473114752825722,3060,10881.424471735954,172,1845.03373336792
1635,S3,nearshore_segment_landfall_shift,2024-11-01 12:00:00,400.27320672394296,763.4137780397164,1.907231773737529,127.21754595134801,324.23122320225457,2.548636045268852,2880,10443.508043527603,163,1773.823582649231
1636,S3,nearshore_segment_landfall_shift,2024-11-01 12:30:00,356.795214067187,782.2988553074892,2.1925710448576106,169.40583471758555,212.8108040944089,1.2562188572145818,2866,13534.016352057457,326,5436.7610874176025
1637,S3,nearshore_segment_landfall_shift,2024-11-01 13:00:00,348.7764973679314,776.7782807430222,2.2271520202910366,173.18273471775626,214.95661356749727,1.2412127220292517,2805,13400.408024072647,337,5546.832578659058
1638,S3,nearshore_segment_landfall_shift,2024-11-01 13:30:00,336.8529829687968,785.1045888559903,2.3307039823029068,180.42411676630968,208.07575529710732,1.1532591043059486,2819,13743.572896718979,340,5868.368758201599
1639,S3,nearshore_segment_landfall_shift,2024-11-01 14:00:00,333.97142583670365,767.5947608310485,2.2983845366650137,178.51482664094075,193.77547175704453,1.0854867094417737,2761,13712.057466506958,316,5702.950022697449
1640,S3,nearshore_segment_landfall_shift,2024-11-01 14:30:00,327.3923886060963,783.8517456443574,2.394227150428503,175.6719182537471,191.70631625460535,1.0912746793013126,2784,13390.593675494194,307,5171.20845413208
1641,S3,nearshore_segment_landfall_shift,2024-11-01 15:00:00,330.10859065594946,817.7824484351082,2.4773134404352013,167.75428011700097,208.69784895418022,1.2440686986264775,2773,13204.70313000679,302,5204.632565498352
1642,S3,nearshore_segment_landfall_shift,2024-11-01 15:30:00,338.6356463867627,846.7554731181369,2.5004912570575564,156.53233072832566,223.94610686022472,1.4306699824772917,2812,12369.280428051949,287,4563.267099380493
1643,S3,nearshore_segment_landfall_shift,2024-11-01 16:00:00,345.6608639242475,840.5385955808056,2.4316857454970933,145.4377622852364,236.95873626939678,1.629279305086291,2788,12427.210158228874,288,4617.089382171631
1644,S3,nearshore_segment_landfall_shift,2024-11-01 16:30:00,355.378612481917,831.2147125912702,2.338955365901664,136.60487370948317,243.2503788538584,1.7806859466169256,2801,12318.07123208046,279,4407.451396942139
1645,S3,nearshore_segment_landfall_shift,2024-11-01 17:00:00,362.2008965862077,831.4766390582615,2.295622807384075,137.61396124607325,237.54376467458619,1.7261603584669916,2797,12252.688924193382,276,4273.691204071045
1646,S3,nearshore_segment_landfall_shift,2024-11-01 17:30:00,363.40390451208276,832.7600814352836,2.291555129418245,138.74485406331908,232.16694395457273,1.6733373321984026,2805,12266.023064374924,274,4266.838255882263
1647,S3,nearshore_segment_landfall_shift,2024-11-01 18:00:00,372.45194970868346,841.7167803926835,2.2599338815410612,132.82381253147827,216.6650952665589,1.6312217752009583,2832,12006.197733998299,240,3643.718250274658
1648,S3,nearshore_segment_landfall_shift,2024-11-01 18:30:00,362.93747321251493,790.194526340375,2.177219451455433,184.38131359114072,200.04622018490554,1.0849592959756222,2956,12623.76631116867,301,4692.940079689026
1649,S3,nearshore_segment_landfall_shift,2024-11-01 19:00:00,368.9029439811549,817.0242085547956,2.2147402775851264,172.5068047674441,201.00580663733277,1.165205088044538,2937,11893.627556800842,259,3862.1145124435425
1650,S3,nearshore_segment_landfall_shift,2024-11-01 19:30:00,374.8492810137021,831.9422124652455,2.2194045836647414,163.92035913196906,201.30086562457797,1.2280406576129654,2916,11385.778931260109,222,3115.1499757766724
1651,S3,nearshore_segment_landfall_shift,2024-11-01 20:00:00,383.91525202822874,829.1107397692306,2.159619174776273,166.16429422124614,199.9203388556923,1.203148605376671,3009,11542.80174088478,222,3135.134036064148
1652,S3,nearshore_segment_landfall_shift,2024-11-01 20:30:00,381.757605927647,826.295987617279,2.1644519317681428,163.08583655567148,203.9131550146995,1.2503425148454865,2959,10731.502452373505,211,2637.02174949646
1653,S3,nearshore_segment_landfall_shift,2024-11-01 21:00:00,409.8575227788039,794.95828056118,1.9395966558608446,129.66030257487253,271.3245593038951,2.092580025773241,2866,9835.893309235573,186,2020.6355772018433
1654,S3,nearshore_segment_landfall_shift,2024-11-01 21:30:00,634.8619907642861,1041.3947231027073,1.640348198903844,164.72606880438553,1082.7921614689403,6.5732896397519465,3718,14620.829764127731,202,2159.8197498321533
1655,S3,nearshore_segment_landfall_shift,2024-11-01 22:00:00,696.6383988041013,1054.902377911681,1.5142753826412663,448.7773733865505,969.9192644595295,2.1612481421252396,4014,14962.597843647003,246,2747.456268310547
1656,S3,nearshore_segment_landfall_shift,2024-11-01 22:30:00,639.4196706912012,1043.4182766502565,1.631820734451817,162.72133672202048,1086.9659512783605,6.679922702056188,3730,14614.392547369003,202,2156.5774602890015
1657,S3,nearshore_segment_landfall_shift,2024-11-01 23:00:00,699.7530883969147,1051.32816726562,1.5024273342960697,458.1522995906641,969.5162577649613,2.116144039069918,4029,15091.240330576897,247,2738.6640644073486
1658,S3,nearshore_segment_landfall_shift,2024-11-01 23:30:00,641.0760461062268,1045.7364335337534,1.631220570297946,163.18865921961256,1088.1688796693538,6.668164839843033,3711,14537.952374696732,201,2149.176484107971
1659,S3,nearshore_segment_landfall_shift,2024-11-02 00:00:00,641.7253314755066,1047.0950650814905,1.6316872869486445,162.31350578224226,1103.052591711949,6.795815212024214,3713,14532.505957365036,201,2150.7102012634277
1660,S3,nearshore_segment_landfall_shift,2024-11-02 00:30:00,555.6584860932904,886.9350537860421,1.5961873632523476,153.9826647348611,511.31821733087247,3.3206219557980456,3956,17289.450533390045,245,3108.1593809127808
1661,S3,nearshore_segment_landfall_shift,2024-11-02 01:00:00,589.6170303919074,894.0483633222494,1.5163204541903932,359.6223188057998,618.773021297414,1.720619074344929,3973,15323.05146741867,273,2897.3743600845337
1662,S3,nearshore_segment_landfall_shift,2024-11-02 01:30:00,590.4552667404095,894.4344212086188,1.5148216496506426,352.5450960424185,616.6608810713451,1.7491687956911652,3980,15283.757064700127,273,2893.29926776886
1663,S3,nearshore_segment_landfall_shift,2024-11-02 02:00:00,555.2908223757723,887.9466761847327,1.599066003622596,154.04984732149637,512.7577411301124,3.3285183338092024,3949,17258.861507058144,244,3093.6393518447876
1664,S3,nearshore_segment_landfall_shift,2024-11-02 02:30:00,556.2519719947011,888.3828580693005,1.5970871166237621,154.11642159504913,513.3852263387267,3.331152002008432,3960,17251.284388542175,244,3083.0446767807007
1665,S3,nearshore_segment_landfall_shift,2024-11-02 03:00:00,555.2106138287227,888.6434083129014,1.6005519098146024,153.19817427764136,513.2301659381128,3.3501062813449813,3947,17228.785192608833,244,3087.623990058899
1666,S3,nearshore_segment_landfall_shift,2024-11-02 03:30:00,556.0942027791468,888.9097367629399,1.5984876884536943,153.53253807450184,514.0760326604615,3.3483197705687777,3954,17207.49995625019,244,3074.307780265808
1667,S3,nearshore_segment_landfall_shift,2024-11-02 04:00:00,555.956421419046,889.1038933038595,1.5992330676466917,151.78977591525992,536.5760397028204,3.5349946099292784,3950,17190.2636064291,243,3062.4550037384033
1668,S3,nearshore_segment_landfall_shift,2024-11-02 04:30:00,556.213347319491,889.3715683805998,1.598975595725393,151.81192509779663,537.0915639314431,3.537874666864592,3949,17179.298432588577,243,3056.2510690689087
1669,S3,nearshore_segment_landfall_shift,2024-11-02 05:00:00,554.7658589059208,890.3977908521283,1.6049974535349398,151.39023736482196,539.7151034464398,3.5650588362961906,3938,17151.674956798553,243,3068.227321624756
1670,S3,nearshore_segment_landfall_shift,2024-11-02 05:30:00,556.0253822163977,890.6188587353681,1.6017593570732882,151.35527699152112,540.0808939138918,3.568299068582481,3946,17141.440956234932,243,3056.840401649475
1671,S3,nearshore_segment_landfall_shift,2024-11-02 06:00:00,622.6792802561121,808.4912620476196,1.2984072020432098,299.10332687280237,352.7113008813086,1.1792289459598773,3999,16112.806672096252,275,3033.6635026931763
1672,S3,nearshore_segment_landfall_shift,2024-11-02 06:30:00,858.8191075971135,1045.816305767186,1.2177375846856386,218.2559734915773,283.33651992508516,1.2981844913216916,3406,10701.153034210205,157,1645.441146850586
1673,S3,nearshore_segment_landfall_shift,2024-11-02 07:00:00,862.0405136598216,1066.3256849715117,1.2369786200005721,206.9453714121891,272.40339065710424,1.3163057902587056,3396,10647.799295186996,155,1629.1727828979492
1674,S3,nearshore_segment_landfall_shift,2024-11-02 07:30:00,868.2117428985789,1071.4970280325242,1.2341425197213567,206.1553351867609,245.9618198116813,1.1930897620905982,3391,10564.618445634842,153,1620.9192934036255
1675,S3,nearshore_segment_landfall_shift,2024-11-02 08:00:00,867.7915531490147,1084.4638408159844,1.2496824114969947,231.47917792580003,264.09678513587653,1.1409094653884198,3392,10502.414921879768,153,1605.8989276885986
1676,S3,nearshore_segment_landfall_shift,2024-11-02 08:30:00,658.4688867548231,1201.4729495265256,1.8246464999247336,292.5053557096507,966.7329587352781,3.3050094292799272,3472,9592.340833902359,140,1404.8709554672241
1677,S3,nearshore_segment_landfall_shift,2024-11-02 09:00:00,660.8359116191488,1224.8994359116168,1.8535606409621785,188.09609811428018,1075.5188913755426,5.717922392638319,3446,9359.615817189217,138,1385.3384113311768
1678,S3,nearshore_segment_landfall_shift,2024-11-02 09:30:00,865.1847536188357,1076.045655137469,1.2437177731538351,199.60416039953472,251.1504213843225,1.258242417801361,3388,10535.891547203064,153,1620.2208442687988
1679,S3,nearshore_segment_landfall_shift,2024-11-02 10:00:00,700.3106873325377,1204.2788577574784,1.7196351270098968,162.93897671125035,1095.5068858332163,6.723418226533939,3394,9091.768451809883,135,1354.1567678451538
1680,S3,nearshore_segment_landfall_shift,2024-11-02 10:30:00,761.5229292985393,1133.7892334822604,1.4888445112567061,640.5997860026375,1116.2651001389868,1.7425311786388717,3470,9708.89358830452,140,1406.501685142517
1681,S3,nearshore_segment_landfall_shift,2024-11-02 11:00:00,762.033315271248,1136.2088699898543,1.4910225671503823,642.9107689490102,1120.0117670564898,1.7420952037985185,3474,9703.350290417671,139,1396.4924325942993
1682,S3,nearshore_segment_landfall_shift,2024-11-02 11:30:00,736.2751713916008,1097.82041702975,1.4910463637593634,583.7466219469037,1052.1080731162856,1.8023368933721746,3498,10269.051298499107,146,1466.9827489852905
1683,S3,nearshore_segment_landfall_shift,2024-11-02 12:00:00,731.2371498500122,1062.4756331624467,1.452983663891222,565.1161389928571,1048.539623194309,1.8554409454010659,3610,11064.3150151968,151,1522.3816566467285
1684,S4,slower_translation,2024-10-24 18:00:00,512.914818920328,758.3897543805022,1.4785881132794931,121.84719148777394,531.656621285482,4.36330632486366,3130,12948.104858875275,217,3176.584846496582
1685,S4,slower_translation,2024-10-24 18:30:00,512.9475955332149,758.7094535675893,1.4791168925919238,121.09934895131991,536.111182231227,4.427036040026367,3170,13100.129653215408,224,3236.3275175094604
1686,S4,slower_translation,2024-10-24 19:00:00,508.2403407685044,764.5298098067726,1.504268253580057,129.70794183053084,531.0523019104268,4.094215777506253,3193,13051.309029340744,242,3313.913806915283
1687,S4,slower_translation,2024-10-24 19:30:00,584.973382334584,973.3318620214429,1.663890856259046,315.56884749279664,1297.281697899476,4.11093081020643,3223,12862.411300182343,244,2994.7898168563843
1688,S4,slower_translation,2024-10-24 20:00:00,583.6895311351961,1030.140443378768,1.764877367896738,312.2754031836424,1373.1578536977424,4.397265489687682,3194,12674.619306325912,235,2861.7578678131104
1689,S4,slower_translation,2024-10-24 20:30:00,584.5201843475235,1031.8302334911969,1.7652602273144526,312.403728798517,1352.5716199685921,4.329562983036355,3224,12792.575430631638,235,2956.969955444336
1690,S4,slower_translation,2024-10-24 21:00:00,581.6885584075703,984.0882688864109,1.6917786239090686,302.19127202034264,1144.0922103805915,3.7859869437379734,3235,12974.922168016434,238,3036.5751876831055
1691,S4,slower_translation,2024-10-24 21:30:00,577.0065199165056,933.6808680843591,1.6181461315540484,290.5332425260842,791.5806216168666,2.72457848449406,3217,13083.162056922913,256,3393.776396751404
1692,S4,slower_translation,2024-10-24 22:00:00,576.301389157544,960.0515054698479,1.66588442008318,289.67619885329833,730.8505640218946,2.5229914190914218,3231,13065.935207009315,263,3468.384916305542
1693,S4,slower_translation,2024-10-24 22:30:00,595.616713186305,1032.170437692234,1.7329440474739937,294.1267161451682,733.603694583459,2.494175653942913,3277,13162.489305138588,266,3466.205122947693
1694,S4,slower_translation,2024-10-24 23:00:00,586.7273219764903,818.3236782014328,1.3947257057073286,214.4842881217475,541.6987174538882,2.5255869425102215,3361,13636.558144450188,287,3573.8519010543823
1695,S4,slower_translation,2024-10-24 23:30:00,584.5083883016829,779.1566969501678,1.3330120021271954,153.9711377337738,334.5366543803442,2.172723143468472,3410,14633.77882695198,279,4061.8824825286865
1696,S4,slower_translation,2024-10-25 00:00:00,560.9063517105451,743.049879662298,1.3247307280373721,152.457458127367,284.97512130519584,1.869210760861028,3390,15141.887595653534,291,4464.495931625366
1697,S4,slower_translation,2024-10-25 00:30:00,535.1200639111353,690.41387214052,1.2902036733482904,154.2007542415953,228.92356383452872,1.4845813495559133,3305,15539.096694588661,313,5161.666283607483
1698,S4,slower_translation,2024-10-25 01:00:00,544.4109834996515,688.0574634750728,1.263856689760397,151.34386969800536,225.62504555270934,1.4908106023912608,3295,15484.731332540512,309,5257.388243675232
1699,S4,slower_translation,2024-10-25 01:30:00,528.3768702190414,654.5865782211505,1.2388630447615676,153.64156234064006,221.070932914511,1.4388745437538004,3349,15871.593791127205,319,5851.480809211731
1700,S4,slower_translation,2024-10-25 02:00:00,542.3143037964595,653.5387360457682,1.2050921974041313,161.47472466541564,213.82777871074845,1.3242182586396096,3392,16175.409367084503,327,5941.558793067932
1701,S4,slower_translation,2024-10-25 02:30:00,553.1088138415519,640.332961510852,1.157697989051185,159.3229417505403,212.56141234117507,1.334154453876401,3323,15842.098618149757,319,5594.605153083801
1702,S4,slower_translation,2024-10-25 03:00:00,560.8648691390616,637.4797634606572,1.136601342920978,156.17566813936193,221.00235081020008,1.4150882364914183,3359,15949.24984228611,322,5565.6057777404785
1703,S4,slower_translation,2024-10-25 03:30:00,532.0791503337985,625.5297678828829,1.175632925083528,159.4088173168366,214.77986540982397,1.3473524804022103,3377,15714.987067937851,321,5449.31937789917
1704,S4,slower_translation,2024-10-25 04:00:00,558.2134916154606,722.4251073982086,1.2941734985794073,164.35643241796606,201.71582112378593,1.22730712851452,3511,15403.331099271774,292,4625.069637298584
1705,S4,slower_translation,2024-10-25 04:30:00,558.45229627595,723.585882027893,1.295698642217318,163.55488581860587,202.83622295519228,1.2401722023770725,3513,15394.496610403061,292,4619.533557891846
1706,S4,slower_translation,2024-10-25 05:00:00,558.9023812921905,723.0191155895567,1.293641143410276,163.96687815788835,202.52243902694303,1.23514237327814,3515,15387.612090468407,292,4617.270070075989
1707,S4,slower_translation,2024-10-25 05:30:00,581.3096837293095,775.9644231575853,1.3348554907592363,167.33862702311308,468.0192393556363,2.7968392455555997,3512,14954.55191874504,281,4185.418498039246
1708,S4,slower_translation,2024-10-25 06:00:00,584.371132177968,766.4282434846039,1.3115436428697331,159.7803786534322,477.56021048786755,2.9888539163103696,3503,14919.339193701744,280,4236.041450500488
1709,S4,slower_translation,2024-10-25 06:30:00,493.0950047651258,701.808071048679,1.4232715080595215,156.6808865060164,217.9823988767311,1.3912507373281897,3500,14362.768632650375,275,3961.493041038513
1710,S4,slower_translation,2024-10-25 07:00:00,481.21739815795144,692.5304023606091,1.4391217046838698,153.86510612128106,231.77463992947006,1.5063495926540802,3479,14245.071841835976,279,3966.0643243789673
1711,S4,slower_translation,2024-10-25 07:30:00,483.62915747786235,687.4289310085277,1.4213967879717686,173.45251625840683,320.1027485573675,1.845477687279449,3409,13944.040128350258,303,3897.2794151306152
1712,S4,slower_translation,2024-10-25 08:00:00,512.5242384998556,721.3431830659879,1.407432329790564,192.84754830591575,496.51865404878936,2.574669257714155,3306,13434.801683068275,323,3628.9201860427856
1713,S4,slower_translation,2024-10-25 08:30:00,497.08526232075405,734.4960565698377,1.4776057796215414,204.9501251986991,510.3230191659195,2.489986374349169,3267,13278.039830327034,309,3354.655902862549
1714,S4,slower_translation,2024-10-25 09:00:00,511.55634261172963,761.6458069736369,1.4888796082266997,310.795825366762,608.9329314320388,1.959269982836645,3255,13063.586374282837,283,3139.7479553222656
1715,S4,slower_translation,2024-10-25 09:30:00,510.91821057616585,781.6216444211835,1.5298371211700246,306.8139960541116,650.4547686651329,2.1200296499851086,3252,12907.970652222633,259,2977.7214374542236
1716,S4,slower_translation,2024-10-25 10:00:00,500.16359056150196,777.0258497485848,1.5535434094198373,290.8495509146653,644.6350002377935,2.216386438316784,3225,12911.011418819427,263,3048.684524536133
1717,S4,slower_translation,2024-10-25 10:30:00,501.5372137112156,787.3736605738579,1.5699207138539972,272.3641556497284,646.9535745197473,2.375325684748892,3203,12963.428390622139,260,3108.0191078186035
1718,S4,slower_translation,2024-10-25 11:00:00,480.2021429544257,785.238199914009,1.6352242726008233,249.75197289746822,607.8979429035371,2.434006570002543,3232,13184.737585544586,263,3243.9092864990234
1719,S4,slower_translation,2024-10-25 11:30:00,598.4148528234783,848.2673816717753,1.417523942912556,226.9211885828145,605.8820502089378,2.6700109143303714,3325,13269.838755488396,261,3263.5323247909546
1720,S4,slower_translation,2024-10-25 12:00:00,794.3170678162552,1148.3434780425484,1.445699110053854,504.5967003033514,1282.479954777339,2.5415940175715384,3418,13484.493927836418,260,3342.064477920532
1721,S4,slower_translation,2024-10-25 12:30:00,658.218047542518,1442.7272639739406,2.191868286444614,389.78568983429295,1953.117769112581,5.010747752034951,3124,12790.359121918678,233,2929.060254096985
1722,S4,slower_translation,2024-10-25 13:00:00,617.2013871968571,1306.8702588271608,2.1174130290966615,414.6477373132783,1652.0284904405805,3.9841734122195906,3023,12490.323357582092,220,2698.0160875320435
1723,S4,slower_translation,2024-10-25 13:30:00,624.6046730788058,1304.749578945273,2.0889206168021284,402.5577565653083,1635.5288176669787,4.06284263808897,3020,12987.083696007729,238,2995.4196014404297
1724,S4,slower_translation,2024-10-25 14:00:00,639.2435446325064,1304.1286249001696,2.040112310637248,415.4823953815846,1644.8065776380977,3.958787654835487,3027,12927.726336598396,230,2935.5249996185303
1725,S4,slower_translation,2024-10-25 14:30:00,637.8667645172642,1293.6372339291836,2.0280680949229306,410.6241436047778,1603.869179508645,3.905930044513776,3062,13159.491468667984,233,3014.1807432174683
1726,S4,slower_translation,2024-10-25 15:00:00,673.2620445676886,1304.7158155837012,1.937901930030047,405.6451658543095,1619.284490723027,3.9918742463323253,3076,13036.173511147499,226,2915.574231147766
1727,S4,slower_translation,2024-10-25 15:30:00,675.6449983568622,1321.9099155596418,1.9565155055901613,387.6737577473784,1621.4690901904166,4.182560871832386,3063,12890.557647109032,226,2891.874768257141
1728,S4,slower_translation,2024-10-25 16:00:00,698.1194875294217,1334.7735266772163,1.91195569027997,369.6516235306596,1643.7992987213227,4.4468878102600256,3076,12656.642627477646,220,2780.2425575256348
1729,S4,slower_translation,2024-10-25 16:30:00,655.217249620323,1332.168758480278,2.0331710730329893,361.5076623888158,1584.7883912730856,4.383830707213554,3027,12645.703417181969,222,2810.656425476074
1730,S4,slower_translation,2024-10-25 17:00:00,583.8356774925513,1290.2175671277457,2.2098984643572153,304.16209195938416,1653.9239128859833,5.437639852591598,2938,12595.098446965218,226,2884.37087059021
1731,S4,slower_translation,2024-10-25 17:30:00,566.401577804927,1310.8592133799993,2.3143636330608297,299.13345303513614,1626.2100054623404,5.436403013310987,2906,12454.770345330238,219,2841.07137966156
1732,S4,slower_translation,2024-10-25 18:00:00,539.7539239732647,1309.7542585282813,2.4265766312301125,273.533793439929,1765.9376859621514,6.456012852210759,2824,12358.925759911537,215,2838.0884494781494
1733,S4,slower_translation,2024-10-25 18:30:00,517.078436087306,660.7928179003567,1.2779353610267048,118.32007479599224,217.62659104082647,1.8393040353976866,2946,12977.006475806236,206,3311.770195007324
1734,S4,slower_translation,2024-10-25 19:00:00,510.57999413234757,628.4272832841973,1.2308106281212836,126.63264311313058,214.73404103631393,1.6957242284240563,2953,13256.31794655323,217,3701.575825691223
1735,S4,slower_translation,2024-10-25 19:30:00,491.46031039939805,627.9701439393275,1.2777636986168626,130.59904529299212,210.8974978682014,1.614847163660824,2923,13111.390427708626,226,3763.9154481887817
1736,S4,slower_translation,2024-10-25 20:00:00,473.5050980272508,587.2473832915452,1.2402134332622268,134.66754428720824,189.50014829115196,1.4071701484880403,2895,13588.426797747612,239,4012.9232292175293
1737,S4,slower_translation,2024-10-25 20:30:00,468.3784275489053,589.4162649874611,1.2584188987352891,145.98237957380823,208.5535230715014,1.4286212053835987,2916,14208.219040989876,272,4654.700348854065
1738,S4,slower_translation,2024-10-25 21:00:00,459.6738980533069,600.2809592806831,1.305884371122306,148.55479484151365,235.65150086269549,1.5862934691142063,2923,14401.976246476173,266,4726.381790161133
1739,S4,slower_translation,2024-10-25 21:30:00,519.9782823340241,606.6046333181599,1.1665960943508935,145.2087189449815,235.21058308774167,1.6198103309268885,2900,14137.244596004486,256,4611.297580718994
1740,S4,slower_translation,2024-10-25 22:00:00,487.6317627887468,740.2460995144406,1.51804323672642,187.95525195326113,411.27847589213434,2.188172299619512,3083,14960.728426337242,309,5408.6080684661865
1741,S4,slower_translation,2024-10-25 22:30:00,486.6952741994568,739.2202434903077,1.5188564234699347,216.9247673830396,366.1131150234744,1.687742342380852,3060,14947.576519846916,324,5440.021638870239
1742,S4,slower_translation,2024-10-25 23:00:00,505.73155929954953,750.6446700629517,1.4842749206765171,272.82896444906436,491.2910484778529,1.800729073872112,3110,16196.915892601013,357,6822.265948295593
1743,S4,slower_translation,2024-10-25 23:30:00,625.070352132659,828.3305586140317,1.3251797270305237,214.24185634162177,612.9027496610329,2.860798352511094,3367,18102.369077324867,400,7912.069549560547
1744,S4,slower_translation,2024-10-26 00:00:00,617.6423755774481,848.2853876970748,1.3734248510782503,219.99957892770016,631.4416674349775,2.870194890884265,3329,17229.947954893112,398,7003.7949113845825
1745,S4,slower_translation,2024-10-26 00:30:00,601.1828294214544,877.3595717536042,1.459388939298093,221.58797656370768,760.0810133023231,3.4301545827952107,3252,15734.39042210579,360,5364.071122169495
1746,S4,slower_translation,2024-10-26 01:00:00,590.7568548653936,825.2532698640349,1.3969423512691543,238.03338424558106,490.21114352947166,2.0594218121257923,3213,16368.791979551315,370,6706.852288246155
1747,S4,slower_translation,2024-10-26 01:30:00,489.725168824363,727.6716739975154,1.4858776316201323,178.36985842314382,240.80521911531827,1.3500331347690973,3367,16150.13187277317,371,6050.798823356628
1748,S4,slower_translation,2024-10-26 02:00:00,471.3510323166567,736.6504334450426,1.5628488810652577,174.68465350378946,246.46226869390765,1.410898231472633,3291,16379.98783171177,391,6535.288087844849
1749,S4,slower_translation,2024-10-26 02:30:00,503.56349465535976,698.2765846001965,1.386670384194743,162.2278717292417,241.33118775115489,1.4876061997160088,3000,14611.401064157486,351,6055.881274223328
1750,S4,slower_translation,2024-10-26 03:00:00,498.3354631679894,685.6853935395912,1.3759514307502627,163.02241806183144,243.15161153401854,1.491522542879925,2997,14832.454413890839,359,6346.478160858154
1751,S4,slower_translation,2024-10-26 03:30:00,503.7546706418361,673.2082683694133,1.3363811942659989,161.90442433378064,253.9649309467855,1.5686101969839454,2838,14322.01737332344,361,6138.251349449158
1752,S4,slower_translation,2024-10-26 04:00:00,501.2363808840098,665.6039490545892,1.327924257773727,164.75480593084407,251.63298501459892,1.527318026280948,2773,14208.898363947868,360,6097.706407546997
1753,S4,slower_translation,2024-10-26 04:30:00,502.2471004888129,649.8640893338488,1.2939130732688473,170.26508879106262,236.46065421201976,1.3887794373524587,2866,14315.515127062798,343,5836.468247413635
1754,S4,slower_translation,2024-10-26 05:00:00,500.0469150070573,630.426838370658,1.2607353819226328,160.2907878426999,276.3472150696588,1.7240367883202883,2749,13703.890072703362,353,5671.576476097107
1755,S4,slower_translation,2024-10-26 05:30:00,502.680255294361,612.6013371223696,1.2186699809079222,152.4128496252805,338.63172210964365,2.2218055954087554,2759,13960.072529315948,376,5961.1379737854
1756,S4,slower_translation,2024-10-26 06:00:00,517.747090909556,631.318063809296,1.2193560811712567,168.76436810422774,387.40747585483996,2.2955525518015594,3031,15494.070762515068,411,6307.046355247498
1757,S4,slower_translation,2024-10-26 06:30:00,511.7212063939041,632.9371789208282,1.236878931364074,172.7762178442254,408.43716735982815,2.363966363287751,3056,15898.085818886757,439,6550.934337615967
1758,S4,slower_translation,2024-10-26 07:00:00,551.7222703031973,742.7196854359723,1.3461839867870689,185.006823635353,441.4012533741924,2.3858647194775284,3422,16599.047936797142,428,6152.516670227051
1759,S4,slower_translation,2024-10-26 07:30:00,516.7264063421794,1056.1258643675058,2.043878252407582,203.72287672554032,505.67925506231904,2.4821918048191423,3934,16622.596747875214,463,5611.67014503479
1760,S4,slower_translation,2024-10-26 08:00:00,503.8475955513082,1073.555095319735,2.1307139396885537,198.09617866512994,538.7447616702289,2.719612085909758,3905,16758.14364719391,463,5770.254697799683
1761,S4,slower_translation,2024-10-26 08:30:00,503.8160593725773,1084.75210343385,2.153071707925972,196.45585048194147,537.8155968638199,2.7375901279827453,3887,16371.13444519043,443,5443.622508049011
1762,S4,slower_translation,2024-10-26 09:00:00,496.60725903097136,1070.6414286496151,2.1559117575904008,193.07756979279267,530.1043035715385,2.7455509417299693,3886,16218.895332813263,433,5286.550071716309
1763,S4,slower_translation,2024-10-26 09:30:00,489.0735046602855,1023.7568900431677,2.093257721565341,200.09946938506243,489.0817714519979,2.444193245264576,3876,16590.342704296112,446,5501.236394882202
1764,S4,slower_translation,2024-10-26 10:00:00,504.7685550724613,892.7400043104165,1.768612555871787,248.6086353435265,298.9365270880898,1.2024382285636186,3831,17451.556481719017,456,6161.693727493286
1765,S4,slower_translation,2024-10-26 10:30:00,508.5804557087662,777.9222020142682,1.5295951570339865,208.9484381045988,295.47539279225,1.4141067311751556,3825,18313.125861883163,487,6882.440923690796
1766,S4,slower_translation,2024-10-26 11:00:00,512.5207471335137,857.7437062459056,1.6735785059301378,265.30233737692026,316.3528172605392,1.1924237848349195,3806,18043.79158079624,474,6191.713291168213
1767,S4,slower_translation,2024-10-26 11:30:00,471.6009309886637,738.9804551122825,1.566961400103861,182.3183246478455,296.7277366494732,1.6275255777092732,3633,17868.525269031525,439,6759.583102226257
1768,S4,slower_translation,2024-10-26 12:00:00,472.1867961380101,739.7924678661201,1.5667368802279955,181.96425028174906,296.53880423078266,1.6296541973031928,3636,17851.889593601227,437,6721.974634170532
1769,S4,slower_translation,2024-10-26 12:30:00,472.6148709179914,740.4103503368955,1.5666251654306718,181.91143988308335,296.3125050871013,1.6288832922082483,3635,17840.032247424126,436,6700.719467163086
1770,S4,slower_translation,2024-10-26 13:00:00,473.00186369579365,740.5169476984885,1.5655687736882635,180.20686451322842,294.50927662534235,1.6342844509328984,3634,17814.914097189903,430,6626.565935134888
1771,S4,slower_translation,2024-10-26 13:30:00,473.57249175930053,740.7251458067755,1.5641219849045986,179.8719227913461,294.8019334257654,1.6389547009387233,3637,17796.532806038857,429,6601.509958267212
1772,S4,slower_translation,2024-10-26 14:00:00,477.9717312921259,734.9958549531043,1.5377391733317576,185.44732940964633,292.93394467600086,1.5796072427061971,3624,17626.269341111183,429,6355.427867889404
1773,S4,slower_translation,2024-10-26 14:30:00,478.51946258943593,734.7527322907538,1.5354709468132155,184.76084206592412,292.2069805585262,1.5815417232957991,3626,17621.367220044136,426,6321.949420928955
1774,S4,slower_translation,2024-10-26 15:00:00,467.57995241787705,660.8735517898881,1.4133915459216753,184.49564120177664,284.30609443212893,1.540990847156066,3532,17230.761701345444,430,6404.350538253784
1775,S4,slower_translation,2024-10-26 15:30:00,472.56168125177606,693.5277041894066,1.4675919180588417,188.34007123548392,267.5491711480239,1.4205642452662262,3523,17185.147910118103,401,5760.7320737838745
1776,S4,slower_translation,2024-10-26 16:00:00,473.3694851311727,691.538369483448,1.460884977179757,187.89391227915684,267.87549883842473,1.4256741774605055,3521,17177.786505699158,399,5733.6018714904785
1777,S4,slower_translation,2024-10-26 16:30:00,416.8441572843517,591.4879810307563,1.4189667066084586,181.22760840106866,251.7490691882664,1.3891319948952132,3379,17174.514137387276,440,8037.6086320877075
1778,S4,slower_translation,2024-10-26 17:00:00,394.8416672126846,618.7379076152828,1.5670532241015815,177.22050359644567,257.4348128563268,1.45262431621647,3384,17928.092536211014,435,8194.400121688843
1779,S4,slower_translation,2024-10-26 17:30:00,376.8455242009669,600.0255555786038,1.5922321403467596,173.9132355457202,240.95996107005686,1.3855182460032451,3166,16768.97112250328,404,7663.370327949524
1780,S4,slower_translation,2024-10-26 18:00:00,378.3766461881733,596.9570055424305,1.5776793085838383,172.48713130839778,243.9814552641709,1.4144907704908356,3249,16988.657750964165,405,7727.8961391448975
1781,S4,slower_translation,2024-10-26 18:30:00,378.4390001513699,595.970952261332,1.57481377982436,172.6844467656817,243.01307276622666,1.407266707093625,3245,16977.19550037384,404,7724.656178474426
1782,S4,slower_translation,2024-10-26 19:00:00,378.7625688738447,595.1845565726709,1.571392226909594,173.03049350907813,242.06709221953918,1.3989851575314245,3243,16942.160169243813,403,7708.524085998535
1783,S4,slower_translation,2024-10-26 19:30:00,374.47530990007084,587.5780511867166,1.5690702047713396,170.63708800283948,240.12990092758042,1.4072550331120464,3203,16925.33263838291,401,7867.178316116333
1784,S4,slower_translation,2024-10-26 20:00:00,374.2874920196479,585.8283996779044,1.565182946715062,170.71169130212957,239.2426837581181,1.401442876778131,3196,16905.18878042698,400,7872.463570594788
1785,S4,slower_translation,2024-10-26 20:30:00,374.3998385644631,584.9769502767118,1.5624391092679133,171.0265828475478,239.65132860035686,1.4012519259300142,3197,16940.98651432991,402,7918.127005577087
1786,S4,slower_translation,2024-10-26 21:00:00,375.2614070595003,577.9394905511552,1.5400983945559779,169.45017095111925,239.5832809646145,1.4138863337808312,3170,16974.837895154953,396,7761.506881713867
1787,S4,slower_translation,2024-10-26 21:30:00,375.1487114799132,576.86667608803,1.5377013393231818,169.82988445495027,239.17166995877784,1.40830143485271,3165,16949.2522739172,397,7777.03064250946
1788,S4,slower_translation,2024-10-26 22:00:00,379.8854799983571,584.014417788213,1.5373433535568064,160.54342397983984,253.5734652102681,1.5794696470539265,3174,16502.70193219185,388,7208.66222858429
1789,S4,slower_translation,2024-10-26 22:30:00,381.49798210372103,593.2248182753718,1.5549880893317156,155.45710494492184,274.66038290995556,1.7667920871629859,3200,16207.624169945717,394,7009.757836341858
1790,S4,slower_translation,2024-10-26 23:00:00,380.142283567025,590.0895866565711,1.5522861101362526,155.16994577955347,278.13629712050636,1.7924624238487954,3192,16208.431851506233,401,7153.230574607849
1791,S4,slower_translation,2024-10-26 23:30:00,379.7768316462695,588.8965828200742,1.550638516486916,155.26364247316587,276.8065145521846,1.782816054956479,3184,16184.461553096771,400,7158.151064872742
1792,S4,slower_translation,2024-10-27 00:00:00,379.0342463657106,587.1539168759823,1.5490788035798384,155.13107398191917,275.4925343886932,1.77586944586486,3174,16144.029727578163,398,7149.916663169861
1793,S4,slower_translation,2024-10-27 00:30:00,379.61794942169985,586.2378140794111,1.5442837067437645,155.6056123057611,274.7489181778652,1.765674862921967,3174,16167.260808706284,398,7167.202777862549
1794,S4,slower_translation,2024-10-27 01:00:00,376.1648845507177,583.8811289216693,1.5521946702150076,153.57845591607125,276.8264118743686,1.8025081071634752,3164,16245.61093878746,396,7292.458114624023
1795,S4,slower_translation,2024-10-27 01:30:00,392.6559582903118,555.5930187340825,1.4149613854154255,151.85440665031624,264.01341797038356,1.73859569698455,2966,14849.154302120209,367,6391.09728717804
1796,S4,slower_translation,2024-10-27 02:00:00,415.97606836451985,571.4346344775187,1.373719975584675,157.66872335564182,273.83410388365166,1.7367687012089414,2996,16393.796323418617,402,7645.373846054077
1797,S4,slower_translation,2024-10-27 02:30:00,418.42151481799044,570.6058251659738,1.3637105286380427,155.41646133147827,278.2082163102722,1.7900820410323015,3018,16677.640223264694,406,7955.6534948349
1798,S4,slower_translation,2024-10-27 03:00:00,418.983479007654,570.0894307222931,1.3606489498643866,155.71613575211134,276.0233069910765,1.7726056818574252,3011,16649.13571059704,404,7927.008764266968
1799,S4,slower_translation,2024-10-27 03:30:00,421.4723824750323,569.9368461584306,1.3522519383394993,155.65120458060417,278.4371767463345,1.7888533371557924,3029,16714.149970531464,409,8018.627010345459
1800,S4,slower_translation,2024-10-27 04:00:00,422.0392230973464,570.6208780176015,1.3520565075203503,155.42376897774457,276.6124567131217,1.7797307228647157,3020,16660.206203460693,405,7967.439748764038
1801,S4,slower_translation,2024-10-27 04:30:00,423.29057948315835,570.9741998596562,1.3488941817623712,155.7734079192436,275.6666598993816,1.7696644349097863,3016,16649.385022759438,405,7976.424356460571
1802,S4,slower_translation,2024-10-27 05:00:00,417.56124248088105,578.1683958483665,1.3846313714684326,157.6873810975846,263.12048157420884,1.6686210383022055,2983,15638.70417368412,387,7064.733973503113
1803,S4,slower_translation,2024-10-27 05:30:00,411.0140525171696,592.2085471280249,1.4408474442690364,159.02944325263135,257.16389139216466,1.6170835169411808,2989,14715.019058823586,370,6336.55451965332
1804,S4,slower_translation,2024-10-27 06:00:00,407.376937604812,611.1690350218825,1.5002543801700514,156.50312673259512,255.2402647153511,1.6308956251810798,3068,14357.337809205055,352,5933.544565200806
1805,S4,slower_translation,2024-10-27 06:30:00,408.22685586217784,614.8887230165637,1.5062427035034556,156.98527223561427,254.90106991481287,1.623726011267084,3077,14396.57000029087,353,5965.244717597961
1806,S4,slower_translation,2024-10-27 07:00:00,408.77850566028854,615.5073339420994,1.505723332854515,156.96810310953595,253.21990883969346,1.6131934056882193,3073,14377.598078608513,351,5945.12108039856
1807,S4,slower_translation,2024-10-27 07:30:00,409.37553521408415,617.1901545675397,1.507638101150272,156.95389309095034,251.81267348378768,1.6043735426038,3073,14355.19296002388,349,5924.745157241821
1808,S4,slower_translation,2024-10-27 08:00:00,409.6254844892875,618.8522438702577,1.5107757385794203,157.0112571835694,251.46166322430304,1.6015518105832727,3071,14352.328843474388,349,5937.494771003723
1809,S4,slower_translation,2024-10-27 08:30:00,410.375715306265,618.693022165303,1.50762581480624,156.93554792378205,250.32191493772464,1.5950619107615784,3068,14361.589533686638,347,5931.511810302734
1810,S4,slower_translation,2024-10-27 09:00:00,410.7231310050399,618.7000559848653,1.5063676946338624,156.9799126278754,249.97229623475792,1.5923839684337295,3064,14345.483106255531,347,5938.876843452454
1811,S4,slower_translation,2024-10-27 09:30:00,411.41511397718574,622.5719689180578,1.5132452546519226,157.81515050935255,249.01173793771963,1.5778696603844822,3067,14400.931232571602,347,5962.792889595032
1812,S4,slower_translation,2024-10-27 10:00:00,409.82308004318907,607.4530996943081,1.4822325273390906,158.17845713299656,242.8081216443177,1.535026488721931,3035,14679.40819966793,346,6312.037148475647
1813,S4,slower_translation,2024-10-27 10:30:00,407.97805877557795,620.7038971929061,1.5214148992613927,159.03676474490933,244.63971088628838,1.5382588502644803,3016,14618.350948810577,351,6382.412702560425
1814,S4,slower_translation,2024-10-27 11:00:00,500.3597640799745,536.4455420953236,1.0721196639016326,186.06830819299614,248.2646035602502,1.334265926160519,3405,15710.687841415405,369,6109.878187179565
1815,S4,slower_translation,2024-10-27 11:30:00,492.0966610449669,531.7190685932632,1.0805175297555505,183.33457234708288,250.83292099307118,1.3681703226067004,3443,15431.071610093117,359,5701.806831359863
1816,S4,slower_translation,2024-10-27 12:00:00,490.7697915450815,534.7926448518576,1.0897016362155842,182.0449430060657,265.1044576577781,1.456258291387657,3413,14973.241775512695,357,5441.788825035095
1817,S4,slower_translation,2024-10-27 12:30:00,494.8067321972392,539.1550887722447,1.089627633759288,189.55521196344793,264.232488339068,1.3939605543002362,3405,15520.24405515194,369,5889.676152229309
1818,S4,slower_translation,2024-10-27 13:00:00,489.0484466318424,530.7461402921924,1.0852629099377122,195.14495427114406,269.34723191701363,1.380241845980644,3419,16045.30727493763,385,6232.312475204468
1819,S4,slower_translation,2024-10-27 13:30:00,488.48577722920703,530.3344133578339,1.0856701219961817,195.79170658233025,269.16743869721154,1.3747642502111064,3412,16061.530041456223,387,6267.659525871277
1820,S4,slower_translation,2024-10-27 14:00:00,489.58440031025384,516.5939947844815,1.0551684131624912,199.45150786920735,244.42564067748305,1.2254890589133414,3406,16354.986208200455,389,6558.876087188721
1821,S4,slower_translation,2024-10-27 14:30:00,491.3861481621213,514.6986238539857,1.0474422728012511,198.83410139042758,241.34577663436266,1.2138047495205997,3394,16955.096646666527,401,7073.902240753174
1822,S4,slower_translation,2024-10-27 15:00:00,481.56572575906824,517.6450727962045,1.0749209196320297,182.35152631646525,257.4717458565163,1.4119527873305588,3412,17896.32870745659,404,7956.1677923202515
1823,S4,slower_translation,2024-10-27 15:30:00,483.10514892549315,521.4644771960577,1.079401613408346,173.41265561038927,264.9272854467204,1.5277275151240284,3435,18205.649617791176,398,8196.37083530426
1824,S4,slower_translation,2024-10-27 16:00:00,492.1504989731375,536.2459517049168,1.089597496749028,164.03364335784195,272.40542985097795,1.6606680451321782,3498,17663.813334465027,380,7665.008170127869
1825,S4,slower_translation,2024-10-27 16:30:00,487.78716364610233,512.3989006441943,1.0504558931279036,162.25425614795242,272.9243214580838,1.6820780418186048,3437,17592.67539727688,385,7921.177154541016
1826,S4,slower_translation,2024-10-27 17:00:00,487.3202462846728,511.95468500136394,1.0505508213633703,162.3030903985761,272.78406262597446,1.68070775458485,3434,17616.7110093832,385,7939.908222198486
1827,S4,slower_translation,2024-10-27 17:30:00,471.46002213293275,520.1731119091098,1.1033239033837758,152.9787578051837,271.8936558770961,1.7773294787982725,3352,16596.732836723328,361,7379.899621009827
1828,S4,slower_translation,2024-10-27 18:00:00,472.7320866291214,509.28488465682256,1.0773224392030265,160.91675193388934,263.91435526973646,1.6400676256388818,3318,16363.147798418999,371,7478.027828216553
1829,S4,slower_translation,2024-10-27 18:30:00,475.8432488422877,482.0650870828269,1.0130753945877675,165.1167539047808,259.3681973246297,1.5708169594600925,3335,16076.882290244102,369,7183.258219718933
1830,S4,slower_translation,2024-10-27 19:00:00,459.24497022830593,510.54264146651866,1.1117000175586242,174.46662221931317,267.0234334475412,1.5305130004286895,3247,15468.352885723114,358,6499.151835441589
1831,S4,slower_translation,2024-10-27 19:30:00,458.734705408794,521.1568048012562,1.1360745081121224,177.14888275746208,269.0717583655078,1.5189018083387946,3305,15735.505425095558,363,6608.522588729858
1832,S4,slower_translation,2024-10-27 20:00:00,445.85293207136715,510.14740396439515,1.1442055603275372,182.52390653912005,268.99584187820034,1.4737567641340474,3199,16035.044701337814,380,7161.877031326294
1833,S4,slower_translation,2024-10-27 20:30:00,450.03249055528624,505.9281050331475,1.124203508970856,183.37180772587544,262.4713129755794,1.431361321190383,3282,16044.097787976265,380,7178.213655471802
1834,S4,slower_translation,2024-10-27 21:00:00,442.67922453809945,520.2874456339308,1.1753148031213982,188.15778478231877,265.50034414948857,1.4110516046766102,3344,16318.8359811306,379,7230.751881599426
1835,S4,slower_translation,2024-10-27 21:30:00,450.6946953762562,532.5905009005288,1.1817101607018068,190.56755485260624,265.1400366281703,1.3913178286473817,3455,16701.019901633263,376,7237.396801948547
1836,S4,slower_translation,2024-10-27 22:00:00,450.8093473189457,532.6532692040947,1.1815488573426665,190.6990153219667,264.2298756128875,1.3855859463499252,3454,16682.508936047554,375,7213.900750160217
1837,S4,slower_translation,2024-10-27 22:30:00,450.80366026272816,532.5858494295712,1.1814142083921395,190.7420476941135,264.0760471204639,1.3844668771929736,3452,16675.308350086212,375,7206.955213546753
1838,S4,slower_translation,2024-10-27 23:00:00,450.745560698498,532.5370483468477,1.1814582211782634,190.83080268444573,263.97402340982364,1.383288335512191,3452,16685.726919293404,375,7209.143838882446
1839,S4,slower_translation,2024-10-27 23:30:00,450.66086341980485,532.5328724493854,1.1816709984716667,191.3914607971635,264.376288259917,1.3813379508091084,3449,16704.322801828384,376,7223.742396354675
1840,S4,slower_translation,2024-10-28 00:00:00,451.29183208501377,533.1178222707003,1.1813150258174208,190.79006553542257,265.3062592006678,1.3905664241800315,3460,16719.299059033394,377,7247.561014175415
1841,S4,slower_translation,2024-10-28 00:30:00,450.94715849805937,532.9576759572913,1.181862810118103,190.71284963008583,265.4560409113728,1.3919148155263812,3460,16726.851997852325,377,7256.4720821380615
1842,S4,slower_translation,2024-10-28 01:00:00,457.3645467443541,516.5070206930435,1.1293114526905956,176.07587966937626,267.78214847096615,1.5208337960530902,3391,16528.740176200867,365,7114.055145263672
1843,S4,slower_translation,2024-10-28 01:30:00,457.7559639328451,517.123241570969,1.1296919806965795,175.90649957064664,267.72125194454793,1.5219520176798562,3395,16493.849090456963,364,7075.481741905212
1844,S4,slower_translation,2024-10-28 02:00:00,461.30469034508667,532.1051306992684,1.1534786917107154,170.39388503598187,266.7490451280917,1.565484847485936,3435,16255.805319666862,366,6882.025729179382
1845,S4,slower_translation,2024-10-28 02:30:00,436.3556217571616,515.752357448652,1.1819541945438132,163.4477762675059,257.86487758109115,1.5776591365737302,3306,16056.313387274742,364,7113.070785522461
1846,S4,slower_translation,2024-10-28 03:00:00,436.8365121064004,515.9846947152026,1.1811849065160627,163.3703019831946,257.9329023302078,1.5788236858173832,3307,16052.425716757774,364,7106.795343399048
1847,S4,slower_translation,2024-10-28 03:30:00,417.1565280686457,533.3716427686754,1.2785887475813504,161.53156592745265,245.17779630653828,1.5178321023437082,3224,16248.325757980347,365,7580.986307144165
1848,S4,slower_translation,2024-10-28 04:00:00,419.5055383650842,520.7772748382087,1.2414073884883712,158.61027244868313,246.8526196855118,1.556346987332596,3193,16358.630175352097,369,7807.582399368286
1849,S4,slower_translation,2024-10-28 04:30:00,416.009824875227,550.5385640772654,1.323378754918555,157.15528458654575,228.59830549367555,1.4546014541928085,3175,15790.153983354568,344,7213.719049453735
1850,S4,slower_translation,2024-10-28 05:00:00,424.01284931918053,553.6700578323283,1.305786036251806,154.8659643056857,235.01787584154022,1.5175566619508682,3175,15668.377487540245,343,7085.740324020386
1851,S4,slower_translation,2024-10-28 05:30:00,456.0799074074641,560.9931458181751,1.2300325813673254,191.56283565099184,208.80696673647495,1.0900181448394253,3108,14933.658190727234,303,4997.872449874878
1852,S4,slower_translation,2024-10-28 06:00:00,457.3070792838922,560.9541780209039,1.226646608881091,191.60678453419095,209.06555498844722,1.091117704922081,3115,14960.0826690197,303,4998.372916221619
1853,S4,slower_translation,2024-10-28 06:30:00,457.1362426354551,559.5116168031007,1.2239493713677914,201.71389727474968,211.40126645147882,1.048025293782972,3082,14730.900699138641,305,4822.811877250671
1854,S4,slower_translation,2024-10-28 07:00:00,455.3143000608982,560.6090742319743,1.2312573406040437,201.14961710672915,206.46254020593997,1.0264127925055446,3060,14614.497320771217,301,4757.1570472717285
1855,S4,slower_translation,2024-10-28 07:30:00,456.3506594828329,560.6394284314943,1.228527705135448,201.1046664860356,206.5507401767155,1.0270807922354057,3067,14615.333033204079,298,4720.84508228302
1856,S4,slower_translation,2024-10-28 08:00:00,457.2424440730279,565.8905661076931,1.2376160031576406,173.61441857780463,231.03277834501878,1.3307234516439717,3053,14254.710598826408,265,4195.999786376953
1857,S4,slower_translation,2024-10-28 08:30:00,458.48473221574324,566.7733788971308,1.2361881194125135,173.48402804313602,232.27069909336169,1.338859269716791,3057,14249.488882184029,265,4187.901002883911
1858,S4,slower_translation,2024-10-28 09:00:00,458.10718453597224,562.6726100194631,1.2282553712607815,171.70961410580045,240.17198135037103,1.3987101572681042,3041,14251.154345870018,265,4216.857837677002
1859,S4,slower_translation,2024-10-28 09:30:00,458.4921250812411,562.2793861253697,1.2263665074416208,170.19892750615162,243.61113788075352,1.4313318036151965,3038,14238.789395689964,265,4211.912220001221
1860,S4,slower_translation,2024-10-28 10:00:00,459.4910932877835,562.199504463581,1.2235264462710032,170.14253820344385,243.87434393225757,1.4333531549920178,3041,14254.048007130623,265,4209.617552757263
1861,S4,slower_translation,2024-10-28 10:30:00,459.2053456137767,555.1950309955033,1.2090343379026327,154.19690680409622,267.26042776171255,1.7332411739053841,2956,13943.271626114845,254,4123.505731582642
1862,S4,slower_translation,2024-10-28 11:00:00,466.5740549999585,555.5636074602099,1.190729749129017,153.89492649643503,263.94244296502603,1.7150821601070685,2988,13866.891089081764,251,4041.179560661316
1863,S4,slower_translation,2024-10-28 11:30:00,478.82865039031384,568.413969239236,1.1870926453041106,154.47694386488408,262.6608736544464,1.700324120110672,3063,13640.515851974487,244,3829.3061933517456
1864,S4,slower_translation,2024-10-28 12:00:00,485.7561715698051,579.6244845091787,1.1932416270410333,154.86122922307163,254.14833376000715,1.6411359707981823,3025,13319.100980877876,239,3707.801863670349
1865,S4,slower_translation,2024-10-28 12:30:00,485.9144499385082,580.6320038642416,1.1949263989529815,154.1581101320877,254.62234685711624,1.6516960842277182,3021,13319.163759589195,239,3702.846761703491
1866,S4,slower_translation,2024-10-28 13:00:00,493.18527992635336,575.9677917225491,1.1678527627762052,145.4187157221447,273.6130656409599,1.8815533081983589,3039,12944.578666210175,237,3447.371289253235
1867,S4,slower_translation,2024-10-28 13:30:00,493.8889030658523,575.8952515218127,1.1660420955945734,145.39312570350828,273.6739657509836,1.8823033374292337,3039,12962.979748129845,237,3446.8734769821167
1868,S4,slower_translation,2024-10-28 14:00:00,494.3186973765087,576.5566926013882,1.1663663455607467,145.3727941591934,274.09537957263876,1.8854654418520924,3044,12986.49514234066,237,3448.768774986267
1869,S4,slower_translation,2024-10-28 14:30:00,493.671227895192,577.158837797944,1.1691158106554176,143.87945416703727,272.6081061276138,1.89469794492775,3064,13184.247663497925,242,3597.8518838882446
1870,S4,slower_translation,2024-10-28 15:00:00,500.7587668282761,566.4615703787457,1.131206496826045,123.21182450189859,277.2821734893523,2.2504509985977634,3083,13262.181932210922,243,3674.345552444458
1871,S4,slower_translation,2024-10-28 15:30:00,500.2111865602458,566.1846676087736,1.131891254776208,123.3956357593264,277.2852047185058,2.247123271517696,3078,13253.755189657211,243,3676.2414236068726
1872,S4,slower_translation,2024-10-28 16:00:00,499.5221590106499,564.1452799777979,1.1293698783956632,124.06896529813042,277.0150933907836,2.232750895642036,3077,13257.862614750862,243,3680.5857095718384
1873,S4,slower_translation,2024-10-28 16:30:00,505.26005220623307,560.8334881443127,1.1099897680321558,119.73847373628057,290.2742548433884,2.4242354673962523,3091,13087.521697044373,241,3553.560366630554
1874,S4,slower_translation,2024-10-28 17:00:00,504.41093773370903,561.1069130456596,1.1124003685698833,119.69672485053917,290.85506700893615,2.4299333784789314,3089,13097.436352014542,241,3558.304344177246
1875,S4,slower_translation,2024-10-28 17:30:00,504.3866216291162,561.340141795242,1.1129163973107985,119.12587886181731,292.01141082178543,2.4512844195719055,3086,13074.649311065674,241,3554.12601852417
1876,S4,slower_translation,2024-10-28 18:00:00,506.1104894116758,558.9881568119,1.1044785052008905,114.83740942844793,288.4262303805455,2.51160516260386,3091,13137.460727572441,241,3598.928834915161
1877,S4,slower_translation,2024-10-28 18:30:00,505.07173296616713,559.0720021796767,1.1069160392255128,114.10438730927987,287.1193517844231,2.5162866963755195,3084,13133.153953790665,241,3603.7627668380737
1878,S4,slower_translation,2024-10-28 19:00:00,504.6101432240729,558.9429026901585,1.1076727453771336,114.18149620638737,286.5021261902016,2.509181747560355,3078,13132.324777841568,241,3607.751054763794
1879,S4,slower_translation,2024-10-28 19:30:00,504.2130035796269,558.1096241760716,1.106892563685998,114.91678091608968,282.76038715616846,2.46056655000311,3109,13088.889537334442,234,3531.2105741500854
1880,S4,slower_translation,2024-10-28 20:00:00,503.2964904209619,566.1166992909637,1.124817498364547,114.7192109207898,266.32992664574124,2.3215808800291677,3142,13297.826790213585,232,3623.8654346466064
1881,S4,slower_translation,2024-10-28 20:30:00,499.7778126045819,561.7464903849263,1.123992454681801,114.10411875796379,245.07763267088987,2.14784212295389,3192,13616.452502250671,231,3784.0793800354004
1882,S4,slower_translation,2024-10-28 21:00:00,498.75878528674934,558.9595271956424,1.1207011158195057,117.48318029164753,246.73495619337749,2.100172599863787,3182,13611.646961092949,241,3906.7174711227417
1883,S4,slower_translation,2024-10-28 21:30:00,498.3916809358898,559.1178695911218,1.12184430635198,117.12210550663909,248.68115804428143,2.1232640667494045,3183,13613.483230829239,242,3924.3696069717407
1884,S4,slower_translation,2024-10-28 22:00:00,488.7966146666392,563.3179217613223,1.1524587218049898,116.08868698160258,246.9407846804777,2.1271735524031734,3111,13464.027413606644,240,3918.9385709762573
1885,S4,slower_translation,2024-10-28 22:30:00,485.73194766008766,560.542645837545,1.154016425186445,119.05829179431029,244.42749353881342,2.053006891456949,3099,13384.934957027435,242,3949.945788383484
1886,S4,slower_translation,2024-10-28 23:00:00,455.10932668349704,536.373809130122,1.1785603539237917,139.58820251077952,241.85158974069682,1.732607665909434,2895,14522.986365556717,301,5832.352094650269
1887,S4,slower_translation,2024-10-28 23:30:00,485.2050216564487,562.3040360793857,1.1588998690898258,119.17160545470527,245.00787261556178,2.0559249133274644,3095,13385.578607201576,243,3973.1830625534058
1888,S4,slower_translation,2024-10-29 00:00:00,482.62072616342476,563.6831288989638,1.1679629538083462,117.41576271712051,243.05183441996866,2.0700102677485477,3088,13307.78087234497,237,3882.8439626693726
1889,S4,slower_translation,2024-10-29 00:30:00,482.1302404176882,563.9318918739643,1.1696671243550436,118.26843296455412,243.9384008028475,2.0625825056459104,3081,13318.597831964493,239,3913.179076194763
1890,S4,slower_translation,2024-10-29 01:00:00,482.3918241526247,565.1329654828531,1.171522685890399,118.73859856679049,244.8733361686643,2.0622892566053066,3083,13352.1015137434,241,3947.5858631134033
1891,S4,slower_translation,2024-10-29 01:30:00,482.9047055923678,564.8442101346913,1.1696804847693687,118.86286827333869,245.40868781669008,2.0646371014061584,3083,13356.17128765583,242,3964.460229873657
1892,S4,slower_translation,2024-10-29 02:00:00,482.5149586662119,565.1079068263969,1.171171787893355,119.86219823685116,245.97778444333144,2.052171477426688,3079,13357.653286576271,244,3993.522265434265
1893,S4,slower_translation,2024-10-29 02:30:00,475.7935162321534,580.0414559723735,1.2191033214697133,116.99189169196761,248.31129624082453,2.1224658619471737,3091,13388.83173429966,236,3799.3295221328735
1894,S4,slower_translation,2024-10-29 03:00:00,475.8268549511913,580.1886345028755,1.2193272163303772,118.09021238199205,247.91774107448924,2.099392795336296,3092,13405.4692568779,238,3828.7118577957153
1895,S4,slower_translation,2024-10-29 03:30:00,466.71872906726884,596.2648005484108,1.2775677585085063,112.20392119382285,258.4481106414169,2.303378597571178,3132,13436.838938117027,225,3531.8282594680786
1896,S4,slower_translation,2024-10-29 04:00:00,468.2954598479124,595.9035869326322,1.2724949055157646,112.33622888222928,258.5781209008762,2.30182304919601,3141,13466.236221194267,225,3538.956374168396
1897,S4,slower_translation,2024-10-29 04:30:00,460.3015344186785,541.0632019108888,1.1754538307029634,162.2900559172135,196.31362971613726,1.2096466946581033,2845,13667.488181948662,306,5741.753947257996
1898,S4,slower_translation,2024-10-29 05:00:00,459.42067885013677,542.5888158800298,1.181028283790032,162.08042888909065,196.29588996463022,1.2111017431904225,2847,13678.382661938667,306,5747.217990875244
1899,S4,slower_translation,2024-10-29 05:30:00,459.5965648368085,543.7221351936217,1.1830422087394907,161.45397896512318,196.51183998750287,1.2171384145939914,2853,13688.647925376892,305,5734.545208930969
1900,S4,slower_translation,2024-10-29 06:00:00,458.6511813384121,543.1815116004395,1.1843020005210807,161.58022867006602,198.0036881851361,1.2254202745896756,2852,13717.260116815567,308,5778.445076942444
1901,S4,slower_translation,2024-10-29 06:30:00,458.91496874248975,544.207772307636,1.1858575321673703,161.09630470604353,196.69003105088356,1.2209468827344463,2857,13740.454082489014,305,5751.614219665527
1902,S4,slower_translation,2024-10-29 07:00:00,457.39115869535146,542.0905022955137,1.1851792322391077,161.68688482557997,196.12055380768945,1.2129651333146387,2851,13721.39302957058,305,5747.705956459045
1903,S4,slower_translation,2024-10-29 07:30:00,457.4740009705535,540.734830692414,1.1820012274909992,161.87409342351896,196.4740246899716,1.213745946214667,2852,13748.53396987915,306,5762.930460929871
1904,S4,slower_translation,2024-10-29 08:00:00,465.3730320114633,543.9646640054941,1.1688787845190258,162.66715462914425,198.12483684912937,1.2179769007506271,2873,13984.567672133446,308,5902.51247215271
1905,S4,slower_translation,2024-10-29 08:30:00,464.8718267570098,539.8815542957644,1.1613557183321443,163.5551340410667,198.55731550250613,1.2140084544985887,2872,14015.850138902664,310,5936.491868019104
1906,S4,slower_translation,2024-10-29 09:00:00,489.81767174294856,547.2990074262433,1.117352515026161,129.55944817681416,180.8627681998635,1.395982853778696,3138,13218.855950832367,190,3106.6485118865967
1907,S4,slower_translation,2024-10-29 09:30:00,520.4835532030519,561.7241314344097,1.079235122757602,112.55406380931689,224.99364612000042,1.9989828754754755,3192,13057.506378054619,185,2877.3444452285767
1908,S4,slower_translation,2024-10-29 10:00:00,519.321442237684,560.2271590206959,1.0787676253203677,113.19455467654285,236.40208619760872,2.088458114201106,3225,13296.637249946594,187,3000.1460609436035
1909,S4,slower_translation,2024-10-29 10:30:00,519.3241186061915,564.5055976005505,1.087000540463285,115.90588924269368,230.11476021772978,1.985358653656449,3237,13315.481152057648,183,2971.7962436676025
1910,S4,slower_translation,2024-10-29 11:00:00,510.4385816469485,562.7540955920272,1.1024913002780465,116.26798071837054,218.25825008998788,1.8771999714922445,3251,13478.97788822651,185,3040.5126304626465
1911,S4,slower_translation,2024-10-29 11:30:00,505.58092149468143,578.375652392471,1.1439823533739775,122.97463533723995,228.07546326024072,1.854654519891645,3287,13439.068084478378,186,2964.686716079712
1912,S4,slower_translation,2024-10-29 12:00:00,505.69384326563306,577.2574667355294,1.1415157103906126,127.70181254567225,249.2321804847027,1.9516730069556645,3337,13556.986457943916,191,2968.057517051697
1913,S4,slower_translation,2024-10-29 12:30:00,506.3980513285673,587.9912241749568,1.1611245790388083,123.45931819102394,289.0045961369509,2.340889293506244,3298,13199.668337225914,185,2730.400047302246
1914,S4,slower_translation,2024-10-29 13:00:00,470.149109616932,610.9890875523369,1.299564489338621,126.45030937456879,361.25643409064355,2.8569043118790125,3231,13163.301456809044,194,2770.7290363311768
1915,S4,slower_translation,2024-10-29 13:30:00,449.91815453707807,631.7534576580407,1.404151958055687,148.97872762248912,439.94136656348786,2.9530482209399236,3281,14781.810732007027,287,4161.995369911194
1916,S4,slower_translation,2024-10-29 14:00:00,451.32903539009124,632.5104637037393,1.4014397792002204,148.54232787486959,441.72300365044737,2.9737180638676066,3292,14877.3646941185,290,4209.623998641968
1917,S4,slower_translation,2024-10-29 14:30:00,455.28246394621624,630.3616909005528,1.3845507807105388,147.56668622837788,437.0483933415541,2.9617009401780847,3318,14953.337347745895,286,4085.80899143219
1918,S4,slower_translation,2024-10-29 15:00:00,455.7182817457334,630.6595054558655,1.3838801968619259,147.57751148690664,437.4923133523512,2.964491736880679,3320,14970.944081902504,286,4095.4002723693848
1919,S4,slower_translation,2024-10-29 15:30:00,467.20132142037573,622.4978769717776,1.3323975092349292,156.47785363370315,419.1368048541532,2.678569491599125,3386,15026.687344431877,287,4111.048864364624
1920,S4,slower_translation,2024-10-29 16:00:00,468.30564655850355,622.7963605122202,1.3298929130772617,156.44223100856942,419.57395248675147,2.681973721429259,3398,15093.919770598412,287,4123.242849349976
1921,S4,slower_translation,2024-10-29 16:30:00,472.2030559514966,614.2268990392224,1.300768581011286,154.02396945003204,391.0080395200259,2.5386181184407985,3427,14931.992092967033,268,3753.7715854644775
1922,S4,slower_translation,2024-10-29 17:00:00,472.79997206371837,609.0741502726088,1.2882279743250993,167.81117056145675,335.3070355091657,1.998121068980719,3433,14965.603462934494,265,3776.116669654846
1923,S4,slower_translation,2024-10-29 17:30:00,483.4821767122666,601.0566998998495,1.2431827456124684,171.8394202682554,265.0562819034541,1.5424649448285963,3481,15043.211943864822,265,3861.9515142440796
1924,S4,slower_translation,2024-10-29 18:00:00,482.7771497139956,619.4340254730851,1.2830640924908019,185.67823692836703,221.09198422371486,1.1907264302009122,3495,16427.5419164896,343,5325.487147331238
1925,S4,slower_translation,2024-10-29 18:30:00,504.1009375319552,560.405931704871,1.1116938890226633,185.81479741927546,209.517409156156,1.1275604099677619,3401,17677.99248766899,369,7310.751313209534
1926,S4,slower_translation,2024-10-29 19:00:00,486.20353101451946,572.8793487171132,1.178270646290317,179.30019482363554,216.7858635572429,1.2090665253904385,3367,17440.863558769226,365,7237.908553123474
1927,S4,slower_translation,2024-10-29 19:30:00,488.02007783508014,606.585455347654,1.2429518433719855,176.78251206974693,212.2278323652207,1.2005024132787985,3547,17476.79351747036,355,6465.61617565155
1928,S4,slower_translation,2024-10-29 20:00:00,485.4912315535419,606.6445219974726,1.249547844677331,174.9354527511507,210.17130903631778,1.201422042993707,3566,17821.37888932228,352,6654.217456817627
1929,S4,slower_translation,2024-10-29 20:30:00,475.80233725590995,632.3248650039617,1.3289654452955426,188.9590415519802,217.78829253461166,1.1525687828740376,3661,17587.46034657955,351,6036.475715637207
1930,S4,slower_translation,2024-10-29 21:00:00,475.2343128824886,631.6589359539854,1.3291526281482429,188.47250740258417,217.82637838885728,1.1557461689814048,3654,17570.418375253677,351,6040.126247406006
1931,S4,slower_translation,2024-10-29 21:30:00,477.44063275382285,633.6169605339184,1.3271115130676814,197.53796083933736,223.40009861781908,1.1309223688884535,3712,17440.57363831997,353,5944.919945716858
1932,S4,slower_translation,2024-10-29 22:00:00,466.0188298197937,618.5385950983458,1.3272824090338347,185.32808338901563,226.04805140819184,1.2197182816254628,3665,18000.459912776947,368,6632.935881614685
1933,S4,slower_translation,2024-10-29 22:30:00,464.3386587271259,623.846721419593,1.3435166546970678,188.27750790206423,220.16780210190086,1.169379202833,3669,17683.179721832275,364,6449.519332885742
1934,S4,slower_translation,2024-10-29 23:00:00,465.3090058664508,627.5494464009947,1.3486724703134318,185.58629345880001,219.46513693126064,1.1825503534827615,3694,17752.668647050858,366,6409.972833633423
1935,S4,slower_translation,2024-10-29 23:30:00,445.6713791613475,605.6260732830812,1.3589072612711428,187.16072581124365,220.0225065752551,1.1755805371109334,3504,18305.45977497101,391,7460.982127189636
1936,S4,slower_translation,2024-10-30 00:00:00,446.1156241485452,605.7771854929193,1.3578927809334234,187.18392430391026,219.97880271219844,1.1752013616032622,3505,18324.261293530464,391,7471.0241804122925
1937,S4,slower_translation,2024-10-30 00:30:00,448.28002194856384,601.3937689245611,1.341558265992867,189.02520896187522,239.46433646643217,1.2668380994342867,3481,18235.91923415661,423,7685.6069078445435
1938,S4,slower_translation,2024-10-30 01:00:00,448.0871689576719,600.6811807461103,1.3405453723287748,189.65329578552058,239.91435029431105,1.2650154551789576,3478,18242.788148880005,425,7720.564628601074
1939,S4,slower_translation,2024-10-30 01:30:00,455.8353585321285,571.0679234952272,1.2527942661889304,193.8398241192425,244.18088419998065,1.2597044250812417,3428,18657.377238869667,444,8171.2212924957275
1940,S4,slower_translation,2024-10-30 02:00:00,475.4628988044284,566.3501332140236,1.191155260774571,214.49771168641968,246.40970089066377,1.1487754295994355,3647,20306.40793478489,507,9390.153094291687
1941,S4,slower_translation,2024-10-30 02:30:00,466.3912280398538,627.3052204000563,1.3450193371699752,220.32031341168852,248.98147763518074,1.1300886140713458,3717,21105.901143312454,528,9977.436054229736
1942,S4,slower_translation,2024-10-30 03:00:00,463.2977876544825,626.8850335649356,1.353093086713489,222.77386033784933,254.20815368891928,1.1411040474111143,3706,21784.442762732506,559,10720.422428131104
1943,S4,slower_translation,2024-10-30 03:30:00,452.1704300025155,557.7588941235391,1.2335147482342774,197.66696151915636,269.0454081929699,1.3611045878645467,3670,21041.764690756798,514,10051.991666793823
1944,S4,slower_translation,2024-10-30 04:00:00,455.1838622092893,557.3395569634772,1.224427320991482,196.10018788876593,267.21330801098736,1.3626366750987389,3682,21060.419490098953,504,9960.14847946167
1945,S4,slower_translation,2024-10-30 04:30:00,452.98719957541255,547.9069002723963,1.2095416841490252,195.188538556335,263.27532684293664,1.348825749658191,3613,20388.729998350143,492,9595.675273895264
1946,S4,slower_translation,2024-10-30 05:00:00,452.8831633012052,547.954197432428,1.2099239756192735,196.35997108865223,263.3675269377429,1.341248552225733,3613,20406.97960138321,496,9644.049590110779
1947,S4,slower_translation,2024-10-30 05:30:00,458.92489227210285,559.6126229067349,1.2193991485973519,193.06221752438552,263.67197197950696,1.3657357475768217,3661,20225.737047076225,484,9179.038818359375
1948,S4,slower_translation,2024-10-30 06:00:00,454.19497582960935,562.9155790496861,1.2393698940009013,195.77831359247864,256.07002660731564,1.3079590987811633,3580,19275.32008588314,469,8492.581750869751
1949,S4,slower_translation,2024-10-30 06:30:00,454.15123138878704,562.9096250017573,1.2394761614548255,195.24062059731293,256.1947853639527,1.31220022032381,3581,19279.076204061508,468,8483.72742652893
1950,S4,slower_translation,2024-10-30 07:00:00,454.01237381182744,562.9649914340225,1.2399771986552748,195.22124440407015,256.2235032005201,1.312477563508333,3580,19285.430289030075,468,8485.63343334198
1951,S4,slower_translation,2024-10-30 07:30:00,452.0876015372217,561.8319309204516,1.24275014180895,197.23851860147127,257.50049431430665,1.3055284340002367,3565,19050.743056297302,474,8410.757694244385
1952,S4,slower_translation,2024-10-30 08:00:00,451.6146011900215,561.766208082957,1.2439062125154512,196.91106372325655,257.4607735104841,1.3074977537693069,3566,19046.657879710197,473,8398.29224205017
1953,S4,slower_translation,2024-10-30 08:30:00,459.292500629263,563.7692649301871,1.2274732641133534,186.32112839847147,259.64510313430196,1.3935354802007018,3553,18702.027274012566,454,7998.170539855957
1954,S4,slower_translation,2024-10-30 09:00:00,460.1465133023773,563.51685960953,1.2246465925934844,186.61204493805624,260.30119903703957,1.3948788735659705,3526,18410.939387321472,452,7782.932156562805
1955,S4,slower_translation,2024-10-30 09:30:00,459.30225299700703,563.3235483971096,1.226476780205951,186.02457740339474,260.3304714287295,1.3994412730969459,3524,18405.941122293472,451,7770.25933265686
1956,S4,slower_translation,2024-10-30 10:00:00,459.04803415890035,563.8955254125473,1.228402004695989,183.9889483740421,256.54837007489283,1.39436837017699,3483,18001.775154471397,438,7469.301792144775
1957,S4,slower_translation,2024-10-30 10:30:00,457.82003923060324,563.5302418102945,1.2308990291411073,183.98395880642457,256.55650638380456,1.3944504077865534,3480,17990.395565509796,438,7471.703349113464
1958,S4,slower_translation,2024-10-30 11:00:00,456.989574555275,563.8131393789071,1.2337549274019817,185.54228182508197,255.53686446632958,1.3772432997629773,3494,18086.099029541016,443,7568.282138824463
1959,S4,slower_translation,2024-10-30 11:30:00,457.00667757760027,563.9616471663098,1.2340337129331054,185.52036109663828,255.5156455209934,1.377291656886615,3494,18087.7613312006,443,7564.655120849609
1960,S4,slower_translation,2024-10-30 12:00:00,456.11242293339956,563.95984037069,1.236449199834745,185.51711984559216,255.52012797758184,1.3773398821103549,3492,18092.99242568016,443,7567.323878288269
1961,S4,slower_translation,2024-10-30 12:30:00,457.62395174239776,540.729919156081,1.1816031855353222,194.96107484960325,246.30355003099265,1.2633473128982016,3432,18073.50694000721,431,7724.302161216736
1962,S4,slower_translation,2024-10-30 13:00:00,450.01380158157514,513.6862860014509,1.1414900702958384,198.25894809266936,285.06659680563286,1.43784984006062,3525,21248.69511473179,488,10617.834213256836
1963,S4,slower_translation,2024-10-30 13:30:00,453.4904409392812,516.5234430564757,1.1389952167164488,195.63245679074737,292.2107384449078,1.4936720789508928,3519,21059.448529839516,484,10385.736875534058
1964,S4,slower_translation,2024-10-30 14:00:00,453.29532625636347,515.9144063444287,1.138141905422271,195.7572733500626,292.1662684864578,1.4924925316260944,3511,21041.000872135162,484,10382.426646232605
1965,S4,slower_translation,2024-10-30 14:30:00,451.50739436243566,522.0502968327822,1.1562386427136095,198.45178331152528,277.6340345534292,1.3989999481012674,3507,20239.443329811096,463,9608.704593658447
1966,S4,slower_translation,2024-10-30 15:00:00,451.39689894933474,520.923733217544,1.1540259457476068,198.5402552939513,277.5838479240984,1.3981237583940682,3501,20271.153958320618,463,9637.096320152283
1967,S4,slower_translation,2024-10-30 15:30:00,451.151429341182,520.1487579135703,1.152936074419944,199.48707339680647,277.8352584083015,1.392748180006875,3498,20308.094788193703,466,9697.477355957031
1968,S4,slower_translation,2024-10-30 16:00:00,450.5272908553765,519.432584632179,1.1529436621829876,199.71605294239683,278.26775289130273,1.3933169056348256,3497,20330.559604525566,467,9729.91729259491
1969,S4,slower_translation,2024-10-30 16:30:00,450.2772863648484,518.7399411652069,1.1520455436539248,199.7517543787508,278.15435648421953,1.392500192798345,3494,20336.899640083313,467,9744.192111968994
1970,S4,slower_translation,2024-10-30 17:00:00,449.97111739586813,518.0367361526519,1.1512666394027706,199.64315233007346,278.4994286146065,1.3949861308248488,3489,20315.004975795746,468,9751.09942817688
1971,S4,slower_translation,2024-10-30 17:30:00,454.4207502926895,504.4687421890957,1.110135797857315,194.04788369289656,261.32323241300105,1.3466945757912734,3334,19051.226461172104,421,8347.820135116577
1972,S4,slower_translation,2024-10-30 18:00:00,458.69276263432744,497.60267295790305,1.0848278270189184,200.60822893557815,259.9988147968242,1.2960525905461087,3296,18977.711249113083,436,8446.768226623535
1973,S4,slower_translation,2024-10-30 18:30:00,456.6123169605248,492.5035709801532,1.0786033417988814,204.21102250324174,264.92235162432894,1.2972970233285137,3268,19522.665007591248,473,8993.97260093689
1974,S4,slower_translation,2024-10-30 19:00:00,456.4454625505906,492.3812109944032,1.07872955564725,204.1615354029912,264.91056067309245,1.2975537245553548,3266,19510.706852793694,473,8992.142663002014
1975,S4,slower_translation,2024-10-30 19:30:00,457.3041199737428,492.4465244929416,1.0768469011851796,203.42055240312268,265.3303812446795,1.3043440208483335,3267,19518.191328048706,471,8974.504259109497
1976,S4,slower_translation,2024-10-30 20:00:00,457.00361748552086,496.0660243812929,1.0854750496521146,204.60556216591098,271.61712334180055,1.3275158332281787,3278,19544.6854596138,490,9030.501260757446
1977,S4,slower_translation,2024-10-30 20:30:00,457.053806699781,495.9479216117958,1.085097453170457,204.58560682399474,271.61502629630064,1.3276350693134051,3277,19546.7582808733,490,9032.969156265259
1978,S4,slower_translation,2024-10-30 21:00:00,456.97842080334914,495.84042715976557,1.0850412286166544,204.56985807341854,271.61967977449297,1.3277600245340613,3277,19542.42513024807,490,9036.94339466095
1979,S4,slower_translation,2024-10-30 21:30:00,456.3620422349201,493.45730758816416,1.0812847299297244,202.23363947405338,277.3439007215042,1.3714033997646873,3278,19894.175536632538,499,9328.177095413208
1980,S4,slower_translation,2024-10-30 22:00:00,423.1108152751787,550.2197412191508,1.3004152135919829,255.0564823485635,305.9418332958101,1.1995062053655428,3375,23298.85300040245,704,13278.273571968079
1981,S4,slower_translation,2024-10-30 22:30:00,415.122497670986,544.8773807197009,1.3125701058764432,243.66337686093937,297.681080834643,1.2216898767044946,3232,22059.87510037422,673,12242.460091590881
1982,S4,slower_translation,2024-10-30 23:00:00,405.70877202230304,533.7204489611041,1.3155260269594629,231.74609745647294,285.1671034774839,1.2305152345922175,3059,20956.76638865471,620,11395.768924713135
1983,S4,slower_translation,2024-10-30 23:30:00,406.17444578774973,529.785966221309,1.3043311112145943,229.6093033488669,281.56001659447344,1.2262570047811685,3113,21439.21485388279,624,11920.641944885254
1984,S4,slower_translation,2024-10-31 00:00:00,411.3033001317005,529.2489663433283,1.286760806864083,229.92548984198834,278.28571167748083,1.2103299719779912,3139,21381.838147759438,621,11858.923444747925
1985,S4,slower_translation,2024-10-31 00:30:00,408.1976481545802,526.6522868885638,1.2901894199280757,229.35312232682577,273.8554985355694,1.1940343159807827,3139,21649.51901304722,616,12087.148886680603
1986,S4,slower_translation,2024-10-31 01:00:00,401.2142236708387,529.2738114024503,1.3191800793101294,216.77478187886402,267.80340058225886,1.2353992390678954,3095,22386.40426135063,571,12495.627180099487
1987,S4,slower_translation,2024-10-31 01:30:00,404.27397294076474,540.7574081260461,1.337601340478275,219.1715571876587,257.40589635163246,1.1744493658510426,3030,22248.700446248055,570,12268.412109375
1988,S4,slower_translation,2024-10-31 02:00:00,407.21016103474204,557.2623531671401,1.3684883298371195,220.0449166969163,243.28374821196735,1.105609490388994,3015,21071.222393155098,534,11021.720920562744
1989,S4,slower_translation,2024-10-31 02:30:00,410.99440401285307,570.7805998260412,1.3887794925017756,226.12353806106262,252.90198265658546,1.118423958978965,3145,21715.710807561874,577,11482.185109138489
1990,S4,slower_translation,2024-10-31 03:00:00,413.67280345904055,561.4412151319191,1.3572108449897367,218.84311408880453,250.4175834277746,1.1442790168218695,3192,22230.179097652435,564,11817.70638370514
1991,S4,slower_translation,2024-10-31 03:30:00,413.25918684657347,559.1603477541698,1.3530500120781639,216.90527699131508,250.176043228853,1.15338845923453,3140,22253.179025053978,564,11951.503189086914
1992,S4,slower_translation,2024-10-31 04:00:00,426.8909796580119,562.6169648058802,1.3179406256290516,206.24486116191977,249.2857243183976,1.2086881724664444,3228,21399.040385246277,524,10802.313443183899
1993,S4,slower_translation,2024-10-31 04:30:00,426.2215481561452,561.6433248116107,1.3177262558434815,205.91300807788593,248.6486630726438,1.2075422791093997,3223,21381.175929546356,522,10787.271235466003
1994,S4,slower_translation,2024-10-31 05:00:00,427.1703971912922,576.5438128589004,1.3496811030206188,199.93778619184883,258.7247619460334,1.29402634126285,3282,20320.124301195145,504,9659.902959823608
1995,S4,slower_translation,2024-10-31 05:30:00,408.05998718892204,557.9183183807241,1.367245836143253,208.9163130585945,261.6927627638555,1.2526200512185834,3254,21451.046142816544,561,11309.998497962952
1996,S4,slower_translation,2024-10-31 06:00:00,403.8383984438092,553.7329562460301,1.3711746044453377,210.60241565118727,263.214284430094,1.2498160745983298,3244,21271.648604273796,566,11294.404313087463
1997,S4,slower_translation,2024-10-31 06:30:00,404.6708816623006,552.579362995062,1.3655031484479039,215.7431179244924,267.62691058485143,1.2404887495809556,3262,20772.936223983765,575,10903.58846282959
1998,S4,slower_translation,2024-10-31 07:00:00,423.98477451332934,588.7056750422702,1.388506640876466,212.26700114049552,262.66380949083936,1.2374217757803339,3251,21550.94641125202,576,11713.816294670105
1999,S4,slower_translation,2024-10-31 07:30:00,462.75488116651275,613.0237094544249,1.3247266196503709,217.05791673894615,259.73360074211007,1.1966096636525285,3169,20871.021972298622,570,11253.757355690002
2000,S4,slower_translation,2024-10-31 08:00:00,464.27188797017806,615.8678798397304,1.3265241678369477,217.08120662388188,258.59199008135926,1.1912223729684641,3160,20899.841948986053,567,11200.884301185608
2001,S4,slower_translation,2024-10-31 08:30:00,468.0249966161596,637.9874542326056,1.3631482481604194,216.32670236058985,260.9582031448764,1.2063152643536819,3241,21058.863335371017,574,11243.711980819702
2002,S4,slower_translation,2024-10-31 09:00:00,463.53757957052443,645.0571155391783,1.3915961595537376,214.30707663898954,253.7073915554419,1.1838498081088702,3243,20287.717086553574,540,10488.164963722229
2003,S4,slower_translation,2024-10-31 09:30:00,464.9193924111592,648.2541638444666,1.3943366837904898,214.48259622229813,255.0506853082168,1.189143966925275,3258,20332.221919059753,543,10516.848029136658
2004,S4,slower_translation,2024-10-31 10:00:00,460.0029242642154,651.1594312443733,1.4155549821469406,213.2431253250201,251.86248852646085,1.1811048451975972,3295,20041.273157596588,526,10269.52575969696
2005,S4,slower_translation,2024-10-31 10:30:00,461.227190838133,660.7627766496463,1.4326188693448876,215.00988962912012,256.38365380063937,1.192427261103596,3341,20926.279577732086,555,11172.787449836731
2006,S4,slower_translation,2024-10-31 11:00:00,462.822195481263,667.4024886361606,1.4420278352082152,217.87530642276258,269.6619499967982,1.23768936656616,3330,21277.26654958725,590,11638.926138877869
2007,S4,slower_translation,2024-10-31 11:30:00,463.7026693209245,694.4587246873308,1.4976379706943213,223.1222574463654,292.1748400673493,1.3094831659167019,3333,22145.771314144135,654,12671.156237602234
2008,S4,slower_translation,2024-10-31 12:00:00,410.71011420761397,637.9965583667497,1.5533987021421167,237.8513538788841,293.0769110527381,1.232185170583364,3283,23154.844584584236,712,13734.66843509674
2009,S4,slower_translation,2024-10-31 12:30:00,417.9419452472581,648.3634986249222,1.5513243071148148,230.3304947644646,281.9451940678253,1.224089733997839,3275,21757.40544629097,651,12105.259833335876
2010,S4,slower_translation,2024-10-31 13:00:00,425.39790197548405,729.1332870340204,1.7140030161127573,222.45090959637298,260.0739557195209,1.1691296573765961,3282,21118.692981004715,568,11058.166160583496
2011,S4,slower_translation,2024-10-31 13:30:00,427.3626909073391,822.4577185035599,1.9244958345741126,226.89411346939787,260.95139665721877,1.1501021012271135,3296,21929.268852353096,576,11874.754219055176
2012,S4,slower_translation,2024-10-31 14:00:00,431.81588057402087,784.6299021729561,1.817047351593302,227.48807757481336,265.10599672069145,1.1653621567640424,3257,21443.526363372803,559,11393.315454483032
2013,S4,slower_translation,2024-10-31 14:30:00,428.99200201126826,765.8128740435644,1.7851448755528248,224.79533987043658,263.0121425522822,1.1700070949151846,3234,21573.337349891663,539,11509.113133430481
2014,S4,slower_translation,2024-10-31 15:00:00,435.5220479555068,787.9132585899608,1.8091236994514974,217.38486149400688,268.06367171505116,1.2331294363036416,3237,21146.980188131332,502,10759.883234977722
2015,S4,slower_translation,2024-10-31 15:30:00,436.1618571244557,788.7225618542187,1.8083253933623096,217.02445690665886,268.72477347749145,1.2382234578892066,3239,21144.79790508747,502,10743.00952911377
2016,S4,slower_translation,2024-10-31 16:00:00,443.829610308242,636.4524278200058,1.4340017273250083,223.67032628529327,277.2632526465684,1.2396067786520581,3280,21640.753479242325,590,11624.537548065186
2017,S4,slower_translation,2024-10-31 16:30:00,441.83072691671634,558.3841822337147,1.2637966266636929,226.41264741728207,244.47959990877453,1.079796569218122,3262,18121.432899951935,457,7879.054649353027
2018,S4,slower_translation,2024-10-31 17:00:00,429.94038531294694,573.9098763269128,1.3348591942791588,232.607950828689,242.17254823039508,1.0411189616160161,3150,18305.641464352608,451,8067.6788692474365
2019,S4,slower_translation,2024-10-31 17:30:00,424.9063854223263,527.5600245840353,1.2415911896915304,221.13867726075665,242.6073044142606,1.097082190322537,3115,18634.579292058945,447,8619.69104385376
2020,S4,slower_translation,2024-10-31 18:00:00,433.70261114150435,510.8682434664604,1.1779229138645375,211.0373276749633,244.69025030728022,1.1594643137452323,3173,18668.859847545624,434,8504.442332267761
2021,S4,slower_translation,2024-10-31 18:30:00,435.02357497344354,509.51245796912207,1.1712295316414163,206.47269210034807,238.9162860787706,1.1571326147220158,3125,18367.609278440475,419,8161.722596168518
2022,S4,slower_translation,2024-10-31 19:00:00,433.92021966895703,505.523436713833,1.1650147050061455,206.6334052743657,238.67836298902625,1.1550812061201354,3081,18334.410305142403,416,8153.426040649414
2023,S4,slower_translation,2024-10-31 19:30:00,435.45157810859195,502.8531259066921,1.154785402525951,206.30326693808655,240.3338527932936,1.1649541781876813,3115,18711.506093978882,427,8459.207123756409
2024,S4,slower_translation,2024-10-31 20:00:00,435.73200291246997,504.70311431782744,1.158287917674964,212.90561009805486,243.1049297821992,1.141843700925658,3161,19226.34693312645,451,8892.625900268555
2025,S4,slower_translation,2024-10-31 20:30:00,435.68635402238976,505.5110027928013,1.1602635660395784,216.12765518303146,241.64568673927664,1.1180692564985897,3185,19421.15797805786,460,9120.279998779297
2026,S4,slower_translation,2024-10-31 21:00:00,438.4569577093573,513.751640420645,1.1717265090389957,227.53183127717637,246.63996805298254,1.0839800597065814,3218,19564.407299876213,494,9418.230452537537
2027,S4,slower_translation,2024-10-31 21:30:00,442.07110374844325,550.121995789033,1.2444197124046223,238.87871920704671,248.1344443022511,1.0387465452172866,3203,20124.277237296104,540,10166.949711799622
2028,S4,slower_translation,2024-10-31 22:00:00,421.6312230408022,748.0021939291286,1.7740673675316045,236.3048477329132,255.4219067205088,1.080899986483569,3010,20833.645827651024,578,11208.242701530457
2029,S4,slower_translation,2024-10-31 22:30:00,439.60899860502985,729.5526445561884,1.6595489329636288,250.79600437178007,270.9038608578557,1.0801761437007054,3053,22327.560502052307,674,13014.305377960205
2030,S4,slower_translation,2024-10-31 23:00:00,456.07323177884655,668.8936832860934,1.466636576492706,253.9068363525588,274.43214477348226,1.0808379510996005,3075,22524.926027059555,699,13160.071818351746
2031,S4,slower_translation,2024-10-31 23:30:00,460.81318195263776,664.6808724909141,1.4424085475906119,254.11954104166063,276.1071184312483,1.086524543919202,3087,22615.99511885643,705,13244.41013622284
2032,S4,slower_translation,2024-11-01 00:00:00,476.36281411419026,661.4901209761468,1.3886266966623002,250.453380932124,279.509670888126,1.1160147642960967,3171,22120.01117169857,671,12134.91012763977
2033,S4,slower_translation,2024-11-01 00:30:00,475.1636656678343,661.025431730703,1.3911531530965056,251.0573309309584,280.7020544468986,1.1180794976430763,3173,22187.492473125458,678,12241.408331871033
2034,S4,slower_translation,2024-11-01 01:00:00,474.870491121164,661.6371596447042,1.3933002197769433,257.8877651634599,294.4658358954232,1.1418371697811156,3176,22907.457498192787,746,13275.277077674866
2035,S4,slower_translation,2024-11-01 01:30:00,440.3687301776231,514.0365125464525,1.167286588080662,246.10310528250668,300.1637685265805,1.2196667253833116,3483,22490.900722026825,643,12111.700737953186
2036,S4,slower_translation,2024-11-01 02:00:00,468.2781301081873,551.1661301446721,1.1770059174391378,248.90208485112103,267.27383422968643,1.0738111510377797,3383,21739.780022144318,611,11484.073278427124
2037,S4,slower_translation,2024-11-01 02:30:00,464.52939188950836,540.7864497711232,1.1641598125178523,248.91502722320223,266.8368036810032,1.0719995761514607,3385,22049.216322779655,621,11810.995915412903
2038,S4,slower_translation,2024-11-01 03:00:00,464.1259382536459,540.2031510590222,1.1639150207627453,248.92534464743025,266.7954206979565,1.0717888974938883,3386,22069.48901438713,621,11832.621720314026
2039,S4,slower_translation,2024-11-01 03:30:00,456.73111058827766,516.3276922742025,1.1304850497465833,246.57183247987876,264.61589096636584,1.0731797233488074,3366,21849.97619152069,609,11554.319759368896
2040,S4,slower_translation,2024-11-01 04:00:00,464.12508839395264,517.7957348876806,1.115638322158898,246.70416499010148,263.9688184260402,1.0699811996957178,3361,20866.848484277725,597,10584.864599227905
2041,S4,slower_translation,2024-11-01 04:30:00,465.3254470918664,514.3344680856898,1.1053220306349303,243.86324143102985,262.1782900023151,1.075103769078966,3374,20560.561366677284,568,10079.157402038574
2042,S4,slower_translation,2024-11-01 05:00:00,465.58634350550625,514.0331253994304,1.1040554186558742,240.51379467012566,261.26301522951104,1.0862703970383183,3379,20364.784619927406,555,9894.091881752014
2043,S4,slower_translation,2024-11-01 05:30:00,465.8292370749267,514.3933465287158,1.1042530300561118,240.55279865658244,261.26697971878355,1.086110746488433,3382,20368.98071527481,555,9883.617881774902
2044,S4,slower_translation,2024-11-01 06:00:00,465.8805700383564,514.1471353021758,1.1036028724268205,241.37392318121664,261.3766695381895,1.0828703701433162,3383,20366.24808359146,557,9897.696131706238
2045,S4,slower_translation,2024-11-01 06:30:00,460.7504809035803,512.3301575412258,1.1119470923535255,239.0317343402958,262.48949556283634,1.098136598001435,3363,20082.92928636074,549,9674.159962654114
2046,S4,slower_translation,2024-11-01 07:00:00,460.53933249704204,511.86422174919005,1.1114451809661154,239.12705257510189,262.5384813848898,1.0979037233875246,3363,20083.17052400112,549,9680.117881774902
2047,S4,slower_translation,2024-11-01 07:30:00,458.51660331339167,516.1277394510535,1.1256467829547363,241.35755680581053,266.68959954034426,1.1049564930544689,3411,20307.764293074608,560,9836.545938491821
2048,S4,slower_translation,2024-11-01 08:00:00,456.13668507374757,511.4273090921225,1.121215034500973,238.59340815809048,265.69864033816407,1.1136042793022711,3342,19945.82437992096,551,9663.984745979309
2049,S4,slower_translation,2024-11-01 08:30:00,458.0458342885826,518.8710200727414,1.132792793277181,240.66527820324268,268.5376428939927,1.115813817842101,3420,20308.767324447632,559,9783.451483726501
2050,S4,slower_translation,2024-11-01 09:00:00,458.0649048070016,518.9454019866499,1.1329080148702906,240.75773052263207,268.58168105311677,1.1155682539043872,3419,20324.84764099121,559,9787.57666683197
2051,S4,slower_translation,2024-11-01 09:30:00,456.77928688522445,518.752693424321,1.1356747302656645,241.89735094341478,270.46621254251295,1.1181032429155455,3372,20060.902551412582,566,9748.008226394653
2052,S4,slower_translation,2024-11-01 10:00:00,456.7907092425915,519.9374365272654,1.1382399554259255,243.29070002521513,274.8786825941644,1.1298363750265599,3366,20222.061754107475,577,9864.029490470886
2053,S4,slower_translation,2024-11-01 10:30:00,457.2489243853545,517.1763953025322,1.1310609335992043,244.55319651010723,272.6890715779669,1.115050121893196,3367,20321.86475265026,576,9968.88358783722
2054,S4,slower_translation,2024-11-01 11:00:00,443.398402416487,515.5290931629402,1.1626769297168085,244.25930051284354,288.96374681215906,1.1830204467361263,3409,21074.7383518219,601,10798.389711380005
2055,S4,slower_translation,2024-11-01 11:30:00,441.28064061019575,517.5062236172423,1.172737201662964,245.13476118646716,292.6235190034989,1.1937251069052064,3419,21534.91198003292,615,11205.60526752472
2056,S4,slower_translation,2024-11-01 12:00:00,450.0978700561498,524.1264955078359,1.1644722856441196,244.6418718731643,290.2790562531149,1.1865469064249567,3446,20907.449166417122,589,10317.955839157104
2057,S4,slower_translation,2024-11-01 12:30:00,449.7374472924525,529.8741169732268,1.1781854505628089,247.59813288813282,295.15267264269767,1.1920634020937841,3474,21416.953964948654,616,10899.614744186401
2058,S4,slower_translation,2024-11-01 13:00:00,445.39912140520244,521.5205003592798,1.1709059926160579,246.3429255748782,282.6465405713273,1.1473702356652948,3432,21319.44420361519,599,10953.650013923645
2059,S4,slower_translation,2024-11-01 13:30:00,442.9709216679962,515.6281550491648,1.1640225798740431,248.11310528211632,265.6471085039571,1.0706693957254,3450,21729.40227341652,585,11316.06311416626
2060,S4,slower_translation,2024-11-01 14:00:00,454.67379819791984,536.6470992033758,1.180290356141815,250.61808250631114,254.58496026262534,1.0158283780509465,3487,20912.004680633545,555,10356.822207450867
2061,S4,slower_translation,2024-11-01 14:30:00,449.47857498886515,530.1234724000329,1.17941877966745,247.41920733370097,250.38762837316986,1.0119975367775886,3454,20883.076129078865,543,10515.159580230713
2062,S4,slower_translation,2024-11-01 15:00:00,445.66664331396555,524.6277755832824,1.1771753247722618,248.01423084159106,253.48234666616,1.0220475889871838,3434,20962.383459806442,557,10863.643703460693
2063,S4,slower_translation,2024-11-01 15:30:00,446.23718008599184,525.4732353635189,1.1775648888383903,248.10812215635028,253.22477519505546,1.0206226744785074,3443,20983.11028432846,557,10858.485136985779
2064,S4,slower_translation,2024-11-01 16:00:00,441.97658326065306,520.0132881339968,1.1765629850740775,248.416539334734,253.97089576951888,1.0223590444084705,3401,21152.615258932114,571,11280.467834472656
2065,S4,slower_translation,2024-11-01 16:30:00,439.03490717291976,512.8484963170409,1.168126925531795,246.62917766292418,257.41443322608046,1.0437306553318513,3357,21540.85440015793,583,11834.261857032776
2066,S4,slower_translation,2024-11-01 17:00:00,440.3687130879764,509.7151312286515,1.157473535425347,249.823679197851,260.42094667706505,1.0424189873163319,3358,21734.0738632679,604,12159.680458068848
2067,S4,slower_translation,2024-11-01 17:30:00,441.3983592161052,510.2164455637297,1.155909248212521,250.12733914107645,266.13739517907266,1.0640076214498295,3343,21421.208257317543,609,11896.968007087708
2068,S4,slower_translation,2024-11-01 18:00:00,442.34891732214214,502.32508561838847,1.1355856563622315,253.61495302692947,273.661486134237,1.0790431828567217,3412,22050.25192320347,637,12453.823035240173
2069,S4,slower_translation,2024-11-01 18:30:00,448.14386329455914,512.0132870263892,1.1425199114906732,252.65486626855218,271.711583412874,1.075425886015055,3503,21876.235466122627,624,12171.559900283813
2070,S4,slower_translation,2024-11-01 19:00:00,452.0116392472996,512.5429165972641,1.1339153068066155,251.31932604384355,271.89152154642267,1.081856798784305,3522,21836.301827073097,617,12003.067262649536
2071,S4,slower_translation,2024-11-01 19:30:00,452.49111312853734,512.4936524118947,1.1326049010520822,251.84229697087653,271.404212561931,1.0776752587883025,3529,21858.89229774475,618,12009.859328269958
2072,S4,slower_translation,2024-11-01 20:00:00,502.42964806295566,518.3088204731675,1.0316047678942328,274.27332666145725,278.9478423460568,1.0170432748291576,3984,23941.451493024826,710,12489.473301887512
2073,S4,slower_translation,2024-11-01 20:30:00,503.4761502087135,525.4870098541282,1.043717780149644,276.49795989705893,276.9248870807372,1.00154405183979,4047,24075.47811281681,703,12522.884401321411
2074,S4,slower_translation,2024-11-01 21:00:00,503.4717055821509,525.5631429217259,1.0438782102244062,276.3890157606693,276.7888524808861,1.0014466447558177,4047,24070.186550855637,702,12509.198540687561
2075,S4,slower_translation,2024-11-01 21:30:00,503.9736399567239,528.3735401975043,1.0484150326649515,275.358293090887,276.3539164558869,1.0036157377133008,4086,24157.729689598083,704,12507.82087135315
2076,S4,slower_translation,2024-11-01 22:00:00,503.92481145006,528.4598925814937,1.0486879799802518,275.31603803947047,276.3573157220956,1.0037821177801303,4086,24136.332414984703,704,12497.625931739807
2077,S4,slower_translation,2024-11-01 22:30:00,503.71369680214127,528.6580730275999,1.0495209409309665,275.3639338800151,276.0256023598428,1.002402887228198,4086,24130.67879331112,703,12491.66647529602
2078,S4,slower_translation,2024-11-01 23:00:00,505.88167253868045,530.8025856534751,1.0492623363675784,276.74433590899616,278.07417774110866,1.0048053082197452,4111,24261.580006957054,711,12524.460863113403
2079,S4,slower_translation,2024-11-01 23:30:00,506.0670887453399,531.2251168859231,1.049712831954662,276.7311178484784,278.093685994987,1.0049237980791652,4115,24277.744523525238,711,12523.725214958191
2080,S4,slower_translation,2024-11-02 00:00:00,506.12417088674357,531.909881036805,1.0509473991429477,276.7115805495386,278.1089067242231,1.0050497567608425,4119,24285.625997900963,711,12521.741757392883
2081,S4,slower_translation,2024-11-02 00:30:00,506.07999923868033,532.1212863674914,1.0514568589313649,276.6831778025152,278.1164171394159,1.0051800740047978,4119,24275.24913609028,711,12514.763856887817
2082,S4,slower_translation,2024-11-02 01:00:00,505.9248492645901,532.1411362176322,1.051818539830864,276.5681081202853,278.5444887169687,1.007146090017808,4120,24286.18089210987,712,12535.703541755676
2083,S4,slower_translation,2024-11-02 01:30:00,505.7499233846951,532.1131686916425,1.0521270376681666,276.92830928059067,278.4663639206788,1.005553981259925,4121,24301.938923239708,713,12560.800088882446
2084,S4,slower_translation,2024-11-02 02:00:00,505.62868436196896,532.2208094831848,1.052592200449961,277.2772336960481,278.4649697596101,1.0042835686425773,4122,24314.978620409966,714,12581.023054122925
2085,S4,slower_translation,2024-11-02 02:30:00,505.5625944705476,532.25943126808,1.0528061947017455,276.1808536695776,278.43065907825996,1.0081461309818855,4122,24303.204737067223,710,12536.256356239319
2086,S4,slower_translation,2024-11-02 03:00:00,505.5001828906975,532.4155214416334,1.0532449630324954,276.1511280769159,278.4463136698033,1.0083113388269307,4122,24299.49739742279,710,12532.419528961182
2087,S4,slower_translation,2024-11-02 03:30:00,505.4162128191447,532.5768404204622,1.0537391300722587,276.11920615426624,278.46061816785397,1.0084797144182667,4122,24293.369341254234,710,12528.285941123962
2088,S4,slower_translation,2024-11-02 04:00:00,508.648604380681,535.2893533493185,1.0523755471639868,282.52603932818795,285.43949622009467,1.010312171220867,4152,24723.84150183201,742,12916.625747680664
2089,S4,slower_translation,2024-11-02 04:30:00,508.44331955794877,535.5031054761839,1.0532208505399587,282.4861584427082,285.4594080434752,1.0105252930520807,4151,24728.974734187126,742,12919.948769569397
2090,S4,slower_translation,2024-11-02 05:00:00,537.2952373972571,540.8924297528134,1.0066950013794662,282.21465744147156,288.6057321084701,1.0226461471737092,4189,24852.5734115839,746,12845.352529525757
2091,S4,slower_translation,2024-11-02 05:30:00,534.5982103541013,544.9605446682015,1.0193834062916811,280.7675908718856,285.6019151797023,1.0172182419374092,4212,24786.46807205677,735,12706.839093208313
2092,S4,slower_translation,2024-11-02 06:00:00,540.3768963253101,546.5894443762884,1.011496694424251,281.59395708761923,289.0298101755491,1.0264062949533221,4259,24919.444806694984,743,12793.909110069275
2093,S4,slower_translation,2024-11-02 06:30:00,540.7752993330747,546.5895688826926,1.010751729150328,282.7184582651574,288.5474840513406,1.0206177757969916,4262,24953.249839305878,745,12825.769710540771
2094,S4,slower_translation,2024-11-02 07:00:00,545.2641789762844,546.270794841053,1.0018461067196043,282.10439395287773,291.67762668716165,1.033935071340583,4271,24922.05181515217,746,12815.305068969727
2095,S4,slower_translation,2024-11-02 07:30:00,545.4470349893463,545.9442354151762,1.0009115466652754,282.0451079488227,292.117301922481,1.0357112876266756,4273,24962.19850254059,747,12860.688398361206
2096,S4,slower_translation,2024-11-02 08:00:00,544.9720364693591,545.7396626079376,1.0014085605998257,282.0236486880706,292.1032949557246,1.0357404292673393,4274,24972.476597070694,747,12878.16803264618
2097,S4,slower_translation,2024-11-02 08:30:00,542.5272381633291,544.9384102425277,1.0044443336842594,279.157310248793,294.964066974702,1.0566231158762078,4216,24774.852457284927,740,12782.1665391922
2098,S4,slower_translation,2024-11-02 09:00:00,555.2300208497527,568.0801390214313,1.023143774092062,273.2512202390634,289.57586541137965,1.0597422590026606,4306,24337.957561135292,702,12015.496885299683
2099,S4,slower_translation,2024-11-02 09:30:00,547.6367997865246,568.5996100448215,1.0382786735048983,262.61207144726814,272.81214945547043,1.038840857360395,4193,23161.895164608955,630,10777.655290603638
2100,S4,slower_translation,2024-11-02 10:00:00,494.6554101344158,546.4330186840517,1.1046740973389233,263.3091137110705,273.44934914527227,1.038510765128045,3766,22838.36717772484,650,11727.039051055908
2101,S4,slower_translation,2024-11-02 10:30:00,497.35927373085326,545.7631887613474,1.0973218306907189,261.6217058292939,277.53306920954,1.0608182082209456,3735,22884.36964559555,656,11726.953557014465
2102,S4,slower_translation,2024-11-02 11:00:00,492.95455937898356,544.7178303027613,1.1050061713375512,264.67341446347575,281.6818046437205,1.0642618005843982,3649,22633.72087919712,667,11714.93241596222
2103,S4,slower_translation,2024-11-02 11:30:00,493.0868647852025,543.971666674168,1.103196425463758,263.77482595828394,280.7803308171734,1.06446977946856,3629,22669.374051094055,666,11741.73719406128
2104,S4,slower_translation,2024-11-02 12:00:00,488.11062207422884,548.2957302868539,1.1233021890752284,264.8166973529809,284.24709921256255,1.073373023883314,3545,22241.76664841175,671,11594.908874511719
2105,S4,slower_translation,2024-11-02 12:30:00,487.46812790733827,551.1797367699895,1.130699024644255,263.5459446236873,282.8507741774649,1.0732503381197596,3541,21927.919295310974,652,11239.346034049988
2106,S4,slower_translation,2024-11-02 13:00:00,512.3389798048692,555.4427966293852,1.0841314413377867,260.6861674967559,287.07015829684485,1.10120978436808,3589,21589.424734711647,648,10881.3641872406
2107,S4,slower_translation,2024-11-02 13:30:00,512.5851480901418,553.6480878959466,1.080109499775406,261.1779526654798,286.3571129881918,1.0964061478610359,3580,21586.00566971302,648,10894.260224342346
2108,S4,slower_translation,2024-11-02 14:00:00,514.8047319517495,553.1281853120589,1.0744426983314912,261.5693302680063,286.5331669418346,1.0954386993622265,3582,21607.385120987892,650,10946.297738075256
2109,S4,slower_translation,2024-11-02 14:30:00,469.30359843512656,680.2272920305074,1.449439753495809,250.99132117749275,254.58143151345996,1.0143037230097187,3481,21369.93826007843,573,10673.997577667236
2110,S4,slower_translation,2024-11-02 15:00:00,478.5233708956413,679.6062938103958,1.4202154693894902,249.4034995850606,255.36815989973266,1.0239157041685245,3495,21223.288634181023,572,10762.429628372192
2111,S4,slower_translation,2024-11-02 15:30:00,477.8996999400612,683.2215301531916,1.4296337290834888,249.36168139601332,252.49129039339076,1.0125504808110684,3515,21586.827695012093,564,10916.041363716125
2112,S4,slower_translation,2024-11-02 16:00:00,478.1198236435329,683.7693034541563,1.4301212157309462,249.0777844376869,252.00574092099296,1.0117551892069185,3511,21552.308643460274,562,10883.594802856445
2113,S4,slower_translation,2024-11-02 16:30:00,472.18237074835474,679.6919312105177,1.4394690977837286,248.25837468139207,250.95019467495425,1.0108428164689944,3481,21719.793928027153,560,11084.474093437195
2114,S4,slower_translation,2024-11-02 17:00:00,469.63284782178135,681.5664627092982,1.4512751096318992,247.87304422240257,251.5962342091822,1.0150205521478084,3431,21371.43537938595,556,10777.441265106201
2115,S4,slower_translation,2024-11-02 17:30:00,470.0489421935946,682.5266662198621,1.4520331926175356,247.950873326956,251.08759937608346,1.012650594882117,3433,21349.81890666485,555,10749.664595603943
2116,S4,slower_translation,2024-11-02 18:00:00,483.0118915205947,691.6174646394226,1.431884963457327,244.14892415597947,252.3448406455969,1.0335693328076279,3429,20770.656044125557,543,10188.900705337524
2117,S4,slower_translation,2024-11-02 18:30:00,481.17312277566106,688.4066979607654,1.4306840207318108,244.09524353030324,250.85977770820114,1.027712683295515,3379,20540.530188560486,540,10065.008145332336
2118,S4,slower_translation,2024-11-02 19:00:00,502.2432883369829,650.7350218177405,1.2956569792548924,257.47846664315216,272.7323844896933,1.0592434701255269,3462,20899.876735687256,598,10318.210492134094
2119,S4,slower_translation,2024-11-02 19:30:00,496.4874008778568,544.1443016749312,1.0959881372876923,258.5601730066805,269.9021892135037,1.0438660605573198,3364,20456.87872183323,593,10138.361924171448
2120,S4,slower_translation,2024-11-02 20:00:00,497.9017395434444,544.3147773899768,1.0932172638904418,258.4809863241511,269.8238694015612,1.043882852811403,3367,20432.151819229126,593,10120.473898887634
2121,S4,slower_translation,2024-11-02 20:30:00,497.8433334656324,543.699149890725,1.0921089293410355,258.22185253539953,269.0065525269548,1.0417652490897367,3361,20402.232064962387,591,10104.032549858093
2122,S4,slower_translation,2024-11-02 21:00:00,500.74494321691503,544.1972600504059,1.0867753482528268,257.8406182656968,268.8033327036116,1.0425174067284348,3366,20410.7085365057,590,10095.110621452332
2123,S4,slower_translation,2024-11-02 21:30:00,501.9107645332372,544.3646771643782,1.084584582820456,258.03394463929345,268.5079962214115,1.0405917585640085,3371,20390.27985036373,590,10084.406519889832
2124,S4,slower_translation,2024-11-02 22:00:00,506.1923338731368,574.2903630011468,1.1345299495291759,257.4692749861976,263.2807248328367,1.0225714305015603,3322,20140.44645166397,586,9979.646327018738
2125,S4,slower_translation,2024-11-02 22:30:00,509.82286629715963,574.9608214526626,1.1277658564603004,257.31016493719926,263.26055495016516,1.023125359289312,3330,20132.368471860886,586,9975.917873382568
2126,S4,slower_translation,2024-11-02 23:00:00,509.7132340558392,563.2237748373705,1.1049816587176702,254.76963227351877,263.14532902158544,1.0328755694833895,3309,19973.95753979683,584,9886.660646438599
2127,S4,slower_translation,2024-11-02 23:30:00,492.26765898379574,586.2190003762659,1.1908541820245022,226.44431874510968,260.2788146237371,1.149416404289264,3413,19925.423871278763,503,8968.984907150269
2128,S4,slower_translation,2024-11-03 00:00:00,496.3748608510546,647.8508992231767,1.305164605057575,233.6500128442574,246.26984247534799,1.0540116795949053,3457,21130.704593539238,544,10630.277306556702
2129,S4,slower_translation,2024-11-03 00:30:00,499.871665264149,651.7517285860829,1.3038381126117122,235.57290726892128,250.28078192540426,1.062434491414974,3462,21146.58928322792,562,10698.293251037598
2130,S4,slower_translation,2024-11-03 01:00:00,499.63159565602353,651.7917499457538,1.3045446997601113,235.5579360934629,250.26694909706555,1.0624432920730187,3459,21132.347244739532,562,10692.876390457153
2131,S4,slower_translation,2024-11-03 01:30:00,489.20940507695605,638.5842521758979,1.3053392791486558,234.68403035582693,250.15781380683828,1.0659345394211486,3441,21500.307310461998,567,11116.891037940979
2132,S4,slower_translation,2024-11-03 02:00:00,489.1959611988003,638.6374513214699,1.3054839000642076,234.68607614370913,250.15834176782838,1.065927497184127,3440,21495.453606128693,567,11114.516288757324
2133,S4,slower_translation,2024-11-03 02:30:00,489.2072802081206,638.662050649939,1.3055039785553384,234.68949915322602,250.16087304270104,1.0659227359779437,3440,21490.571168661118,567,11111.608396530151
2134,S4,slower_translation,2024-11-03 03:00:00,489.2531354854654,638.8459165267607,1.3057574294191479,234.6943041237983,250.16549745887522,1.0659206170036193,3442,21487.549384474754,567,11108.202550888062
2135,S4,slower_translation,2024-11-03 03:30:00,489.2913884111967,638.8935458312278,1.3057526884047779,234.7016406666128,250.1728458485565,1.065918606866149,3442,21482.455890774727,567,11104.782707214355
2136,S4,slower_translation,2024-11-03 04:00:00,485.1515011165224,621.5540693356843,1.2811545834759763,236.4612823614913,254.2222751974837,1.0751116320550065,3443,22219.17916047573,585,11827.28975391388
2137,S4,slower_translation,2024-11-03 04:30:00,525.0993841816108,587.9532184541596,1.1196989296997708,225.02846131315437,287.368188232612,1.2770304100897845,3767,21111.858958005905,604,10188.31568145752
2138,S4,slower_translation,2024-11-03 05:00:00,525.8178572463755,594.8955064022321,1.1313718204961771,223.70315007290378,288.1195568329154,1.2879548488209367,3786,20972.976487755775,593,9938.166743278503
2139,S4,slower_translation,2024-11-03 05:30:00,526.1999708764541,595.0401881815005,1.13082520166313,223.65054917009056,287.8042892737005,1.2868481224019641,3787,20969.051471233368,592,9915.40240573883
2140,S4,slower_translation,2024-11-03 06:00:00,526.5563188929738,595.0571043761556,1.130092039588844,223.80271234893414,288.10132597542804,1.287300421659965,3789,20961.51336503029,593,9914.158535003662
2141,S4,slower_translation,2024-11-03 06:30:00,526.1506468449834,599.0994050428877,1.1386461437144173,224.06195782911007,288.1949366315636,1.2862287709338232,3794,20928.446905374527,588,9823.410398483276
2142,S4,slower_translation,2024-11-03 07:00:00,530.8928188381417,602.0710705521327,1.1340727340591334,222.9569369336268,288.98246431739796,1.296135784299124,3812,21001.241679906845,592,9896.533900260925
2143,S4,slower_translation,2024-11-03 07:30:00,530.45151990637,605.5854577704025,1.1416414790880292,222.3336465892526,286.5583767950968,1.2888664455024843,3812,21136.494619488716,585,9878.50170135498
2144,S4,slower_translation,2024-11-03 08:00:00,513.2928856520698,574.800513567942,1.1198294962489765,242.26891880099035,322.3030890836075,1.330352612620355,3879,23020.965592741966,672,11887.993550300598
2145,S4,slower_translation,2024-11-03 08:30:00,472.04105514547393,571.803643394617,1.211343032902926,249.3392767637952,324.6705953035714,1.3021237548993856,3883,23813.427049160004,697,12727.2949924469
2146,S4,slower_translation,2024-11-03 09:00:00,500.9546333965426,626.9243760342919,1.2514593822272,241.70275100345145,285.844281883376,1.1826273416279531,3634,23582.521176815033,628,12839.79596233368
2147,S4,slower_translation,2024-11-03 09:30:00,509.1510357730233,634.4657916439726,1.2461249159214371,244.2427866735346,289.6121809436576,1.1857553088385147,3663,23673.62493777275,631,12812.436876296997
2148,S4,slower_translation,2024-11-03 10:00:00,514.369511795338,637.6847740507144,1.2397406133675375,245.35970011227434,293.3246611394369,1.1954883422388152,3669,23483.391495347023,637,12618.37574672699
2149,S4,slower_translation,2024-11-03 10:30:00,514.4202040959012,638.8403536238042,1.2418648189500476,245.38151768109512,293.36362246483776,1.195540826534867,3672,23474.68209719658,637,12611.330533027649
2150,S4,slower_translation,2024-11-03 11:00:00,501.01182606201223,626.228568595298,1.2499277183085613,241.55237150500645,285.9365368644436,1.183745516895147,3634,23585.12898850441,627,12839.883577346802
2151,S4,slower_translation,2024-11-03 11:30:00,487.8855298733431,621.2190528312353,1.273288537564344,241.4576226228016,270.03755927531637,1.118364193029269,3491,22936.43163883686,602,12474.059895515442
2152,S4,slower_translation,2024-11-03 12:00:00,487.50178471730163,611.0705697843332,1.2534735029507365,240.74835897811437,263.6125929514009,1.0949715049786237,3458,22284.11571907997,586,11856.444722175598
2153,S4,slower_translation,2024-11-03 12:30:00,480.64760739723613,598.6188499194332,1.2454422756019197,245.6775720012094,279.80525960372836,1.1389125076600393,3442,23138.36962199211,641,12999.192141532898
2154,S4,slower_translation,2024-11-03 13:00:00,479.89996618418155,598.3423573119918,1.2468064169072097,245.33900496840397,276.61686923091645,1.127488347262758,3423,22880.190888404846,636,12757.078372001648
2155,S4,slower_translation,2024-11-03 13:30:00,442.1038155688222,699.4609333379664,1.582119196230008,236.43535262843307,263.33896723071564,1.113788459734114,3773,21322.79676604271,564,10193.084607124329
2156,S4,slower_translation,2024-11-03 14:00:00,413.0436593828825,556.2231874280063,1.3466450211559795,203.77899414600958,224.56014946318453,1.1019788884730874,3261,17535.604333639145,401,7642.801552772522
2157,S4,slower_translation,2024-11-03 14:30:00,412.86598131179795,558.2217949380328,1.3520653679540144,203.71496821561047,223.41067666208446,1.0966826768744213,3260,17415.955102682114,398,7524.702575683594
2158,S4,slower_translation,2024-11-03 15:00:00,414.71534093887846,549.1357107634074,1.3241268324441817,202.83031139242144,221.608603143598,1.092581289365792,3224,17396.175119280815,392,7501.0880670547485
2159,S4,slower_translation,2024-11-03 15:30:00,413.63950408709326,541.6553988210121,1.30948662656496,204.68085913040113,230.9774076017667,1.1284758554516867,3183,17856.101807832718,407,7780.523572921753
2160,S4,slower_translation,2024-11-03 16:00:00,446.19137043218495,555.7693222387999,1.2455850988343309,233.49907000206596,259.3964926099863,1.1109101745359846,3063,17378.087742209435,411,6851.954650878906
2161,S4,slower_translation,2024-11-03 16:30:00,447.79741011634655,548.7632215825173,1.2254720755082897,231.69341856567092,260.36799224278724,1.1237608467889548,3054,17356.997039198875,400,6773.111993789673
2162,S4,slower_translation,2024-11-03 17:00:00,446.7007336241463,537.8072011687912,1.203954148016467,225.61327240932906,252.60281027438384,1.119627438478383,3044,17486.24876499176,392,6868.13000202179
2163,S4,slower_translation,2024-11-03 17:30:00,461.75152179673796,622.8720523952383,1.3489334046405674,185.75809983962537,191.81583202262078,1.0326108642811502,4033,19624.085317015648,361,7548.010080337524
2164,S4,slower_translation,2024-11-03 18:00:00,485.317244671669,682.8676748862257,1.4070542153271388,172.97510429955133,205.59866605992116,1.1886026425159568,4486,20625.399915218353,360,7502.491585731506
2165,S4,slower_translation,2024-11-03 18:30:00,457.0076421147524,693.6437806296476,1.5177947078081366,180.44521736336986,208.9738433098777,1.1581013138688927,4187,20283.301586151123,357,7319.586330413818
2166,S4,slower_translation,2024-11-03 19:00:00,460.16628391369665,700.3151674755925,1.5218741397553885,182.1537362038866,204.24745090525866,1.121291581286267,4248,20273.915677309036,352,7319.644322395325
2167,S4,slower_translation,2024-11-03 19:30:00,496.3868893521547,708.0972532408588,1.426502730894062,173.50179952334534,201.08375440121176,1.1589721544885419,4503,19036.434720516205,319,5951.615397453308
2168,S4,slower_translation,2024-11-03 20:00:00,498.7442489014663,709.1326373545505,1.4218362194982381,173.0374367149077,197.8264913057565,1.1432583321936831,4501,18710.53498506546,310,5803.917162895203
2169,S4,slower_translation,2024-11-03 20:30:00,502.90487721246393,696.0534656573099,1.3840658486261694,172.888222268573,194.27303678977282,1.1236915634887985,4452,18742.612253308296,307,5847.448328971863
2170,S4,slower_translation,2024-11-03 21:00:00,510.2186880448272,689.7517800277996,1.3518747866154157,170.02600894273283,198.26082822203685,1.1660617658137982,4394,18599.92276096344,304,5684.302750587463
2171,S4,slower_translation,2024-11-03 21:30:00,518.7277776366676,689.4970507572041,1.3292078822124445,171.849122026168,203.41015376679877,1.1836554727106705,4422,18920.066521406174,316,5864.12806224823
2172,S4,slower_translation,2024-11-03 22:00:00,510.56245178281307,693.7797701471429,1.3588538830549701,174.90852541239107,207.80889607018648,1.1881004403886162,4449,19319.63510298729,339,6434.293367385864
2173,S4,slower_translation,2024-11-03 22:30:00,531.7892243794994,693.3718957843425,1.303847208625521,177.00804082962642,215.9911598694175,1.2202336055304506,4577,20580.798043727875,353,7075.531921386719
2174,S4,slower_translation,2024-11-03 23:00:00,522.1112929391263,631.7990501497247,1.2100850119389888,157.51063704398132,299.4970734247198,1.9014403029878553,4165,19328.771797060966,367,6757.466558456421
2175,S4,slower_translation,2024-11-03 23:30:00,525.1065812261362,631.7051139647725,1.2030036121233236,156.61412221818273,300.7748723632433,1.920483722050461,4167,19287.963478684425,367,6736.334285736084
2176,S4,slower_translation,2024-11-04 00:00:00,529.4177553986144,620.0647917930805,1.171220242370251,158.2484151705743,299.9609993595284,1.8955071305845412,4072,19407.302223086357,372,6877.555463790894
2177,S4,slower_translation,2024-11-04 00:30:00,526.8776042292828,633.7102422488333,1.2027655705271894,153.01188336286145,307.36110065029254,2.008740065772514,4062,19040.687453866005,357,6559.846076965332
2178,S4,slower_translation,2024-11-04 01:00:00,431.1783416924686,631.8293124410607,1.4653549386571503,192.77709779438828,357.2708113280573,1.8532845209087672,3239,15423.34997177124,341,5372.519963264465
2179,S4,slower_translation,2024-11-04 01:30:00,459.92910155361875,611.7104908682301,1.3300104055209805,214.60783143412127,348.4529718306241,1.6236731413857468,3394,17149.730227470398,372,5877.7824449539185
2180,S4,slower_translation,2024-11-04 02:00:00,459.8576959491386,612.3906248201998,1.3316959359704408,214.78559347285,345.59624947042937,1.6090290036799555,3400,17150.84497129917,369,5850.292615890503
2181,S4,slower_translation,2024-11-04 02:30:00,461.05023026848073,616.2188788088556,1.3365547577104886,211.60212891119033,340.11161816911726,1.6073166178392322,3436,16932.019873142242,374,5649.84580039978
2182,S4,slower_translation,2024-11-04 03:00:00,473.8014064214596,624.2535851250924,1.317542701782949,211.06281624450824,316.7120435997589,1.5005582188046735,3414,16895.428844571114,389,5903.716530799866
2183,S4,slower_translation,2024-11-04 03:30:00,476.7473152943133,534.7221552126358,1.1216049635906842,194.0701631093737,288.78292507740144,1.4880336083123102,3164,16260.442595481873,373,5498.265176773071
2184,S4,slower_translation,2024-11-04 04:00:00,466.5336285480132,528.1814535728157,1.1321401529331703,184.52485762340808,284.4518108363321,1.5415365414716142,3125,16110.945119976997,363,5619.91535282135
2185,S4,slower_translation,2024-11-04 04:30:00,465.42068361944325,539.3526447896423,1.1588497541519862,175.87301527531633,280.324245559988,1.5939014016514093,3227,16707.093169093132,369,5933.322246551514
2186,S4,slower_translation,2024-11-04 05:00:00,470.21232370133623,529.2246742938029,1.125501497127813,179.77301260764617,277.55831291666186,1.54393759603078,3134,15911.562263011932,361,5664.6388483047485
2187,S4,slower_translation,2024-11-04 05:30:00,471.2569910793199,531.2884956206746,1.1273859182520845,177.9307880037625,285.2116709162924,1.6029360298806734,3120,16090.47824203968,365,5726.402685165405
2188,S4,slower_translation,2024-11-04 06:00:00,447.4175140184245,576.9900041654607,1.289600845043583,166.14780015305033,297.69933580896895,1.7917741645374512,3125,16449.190021395683,385,6218.57265663147
2189,S4,slower_translation,2024-11-04 06:30:00,448.33013509432254,588.6051157307712,1.3128832296917436,180.8442205638224,271.7206659619475,1.5025123010002526,3021,15968.2379424572,395,6495.14875125885
2190,S4,slower_translation,2024-11-04 07:00:00,482.9768241888002,608.8677676835096,1.2606562824337428,186.0511299850218,267.21458722082514,1.436242753496504,3064,15625.179721593857,391,6090.228267669678
2191,S4,slower_translation,2024-11-04 07:30:00,547.5644354060853,611.2177040567641,1.116247996646223,181.88046600584917,259.4581438679656,1.4265311144497514,3137,15237.279297232628,394,5890.375429153442
2192,S4,slower_translation,2024-11-04 08:00:00,566.8814616312181,575.9458500156173,1.0159899185242627,167.33896921934993,273.5745100640304,1.6348523678631246,3079,15028.539875507355,382,5687.454917907715
2193,S4,slower_translation,2024-11-04 08:30:00,557.338926686329,716.2514410770825,1.2851272480384064,168.61982084051402,243.9104259408726,1.4465110016429765,3104,15046.160870552063,360,5700.161678314209
2194,S4,slower_translation,2024-11-04 09:00:00,546.652704125027,734.8542067951669,1.3442798348018312,159.22031140174957,249.68740973577317,1.5681881761036924,3059,15235.399442791939,355,5947.580284118652
2195,S4,slower_translation,2024-11-04 09:30:00,545.8491734525289,736.0465105163131,1.3484430247659316,160.07461088517667,246.33152593661356,1.538854441528572,3053,15246.215738296509,355,6001.228435516357
2196,S4,slower_translation,2024-11-04 10:00:00,513.2893285707617,604.0037576319622,1.1767315703090708,155.0307640080036,222.56190825646837,1.4355983451450771,3009,14511.343658328056,316,5333.5375690460205
2197,S4,slower_translation,2024-11-04 10:30:00,471.47684901602724,584.9021970036664,1.2405745864815139,141.4329840837793,214.8656886051749,1.5192049435787587,2895,13809.522989749908,286,5101.282009124756
2198,S4,slower_translation,2024-11-04 11:00:00,475.2438073384484,588.6887924519859,1.2387090233723879,141.572810126114,214.7600969212373,1.5169586358420524,2913,13820.136521577835,287,5130.219763755798
2199,S4,slower_translation,2024-11-04 11:30:00,470.66288288166504,599.3537690318084,1.2734247607591733,135.53715497591813,216.54350554898616,1.5976689608650811,2995,13883.738408327103,279,5133.52979183197
2200,S4,slower_translation,2024-11-04 12:00:00,475.08574681892384,599.657526721832,1.26220904486614,135.12451181150936,216.34598476131876,1.6010861527707638,2995,13867.749375343323,278,5139.699227333069
2201,S4,slower_translation,2024-11-04 12:30:00,656.5133474009893,805.5210749229399,1.2269683139144731,215.86026611745444,296.44798839440955,1.3733328218594159,3024,14208.847078680992,334,4605.850119590759
2202,S4,slower_translation,2024-11-04 13:00:00,813.1646460589384,934.9446960531308,1.1497606303771408,192.87833233096887,286.9021408035842,1.4874772989600202,3285,12934.072861671448,240,3039.4812774658203
2203,S4,slower_translation,2024-11-04 13:30:00,811.5507443459337,937.214392990856,1.1548438585269234,192.75871010927037,287.0555312240669,1.4891961616745641,3287,12904.609584331512,240,3026.9705448150635
2204,S4,slower_translation,2024-11-04 14:00:00,834.6764567548008,935.2282960188916,1.1204680429768348,190.02553180773276,300.79192419695255,1.582902683315689,3270,12954.990644216537,242,3118.6460762023926
2205,S4,slower_translation,2024-11-04 14:30:00,839.7282074776651,943.615489333951,1.123715365199338,186.5417005946881,303.5349981390369,1.6271696739730408,3262,12830.747124791145,246,3092.3635063171387
2206,S4,slower_translation,2024-11-04 15:00:00,838.1430497608445,945.1001274703139,1.1276119604403894,186.60577846800737,303.50861084375856,1.6264695195159349,3263,12813.571803331375,246,3086.5797815322876
2207,S4,slower_translation,2024-11-04 15:30:00,858.3714958480055,951.948611482106,1.109017035265893,186.93627435407396,317.83945493665703,1.7002556407786276,3252,12536.603791832924,235,2802.3027019500732
2208,S4,slower_translation,2024-11-04 16:00:00,827.9443112581595,953.71648686216,1.1519089797390765,194.7356926799042,299.2880538785765,1.5368936724431312,3269,12552.565310716629,238,2865.038995742798
2209,S4,slower_translation,2024-11-04 16:30:00,873.9460586728718,1005.1301233529829,1.1501054480173742,193.43900448227984,289.7133140125945,1.4976985370038567,3296,12239.28576374054,217,2696.899031639099
2210,S4,slower_translation,2024-11-04 17:00:00,864.7181558229064,994.1028897663073,1.1496264801104714,184.14698850156526,285.43477668092265,1.5500377117407755,3310,12491.398592233658,216,2731.440680503845
2211,S4,slower_translation,2024-11-04 17:30:00,961.6360584473465,1044.942071745642,1.0866294608719227,184.92758761858116,249.23503297031,1.3477439260407353,3183,11732.832650899887,203,2500.171456336975
2212,S4,slower_translation,2024-11-04 18:00:00,1060.1206787198792,1198.4013207313596,1.1304385857074843,185.58101642247965,253.0576943626045,1.3635968766681998,3098,11250.532344818115,193,2333.0071125030518
2213,S4,slower_translation,2024-11-04 18:30:00,1040.4850785596407,1185.7081980375867,1.1395725152339327,182.71206300229895,218.9712388768676,1.198449819233398,3052,11149.986139297485,195,2427.889139175415
2214,S4,slower_translation,2024-11-04 19:00:00,1013.5136607884098,1164.7206094939481,1.1491908343770263,171.3729008962062,203.20032757215105,1.185720300639716,2973,11226.288243412971,198,2566.2848262786865
2215,S4,slower_translation,2024-11-04 19:30:00,1099.471337214263,1236.4626910999557,1.1245974763041913,142.11112085479687,318.72471008327716,2.242785140009798,2932,10116.351413846016,175,2212.932912826538
2216,S4,slower_translation,2024-11-04 20:00:00,1100.913054540788,1237.207373348877,1.1238011650837758,142.16029237582362,319.346632856297,2.2463841873091437,2933,10094.879738211632,175,2206.959264755249
2217,S4,slower_translation,2024-11-04 20:30:00,1102.3036834585894,1236.215711585783,1.121483789029018,142.20967032633862,319.08430410721377,2.2437595374139194,2934,10075.999463558197,175,2202.79243183136
2218,S4,slower_translation,2024-11-04 21:00:00,1103.678356720404,1233.8969488963924,1.1179859978073083,142.24217749707714,319.59459746898426,2.2468342589563437,2937,10068.05712723732,175,2200.641616821289
2219,S4,slower_translation,2024-11-04 21:30:00,1099.9710504126026,1230.9568778750415,1.1190811589207776,141.95117152166958,416.48338183199945,2.9339904515576203,2949,10246.384289383888,180,2236.6336030960083
2220,S4,slower_translation,2024-11-04 22:00:00,1093.8757305746444,1526.397725644569,1.3954032281552742,112.62487370950772,2043.2088734011306,18.14171955185621,3150,11167.064626455307,212,2659.862868309021
2221,S4,slower_translation,2024-11-04 22:30:00,593.2625237914616,1634.2641497528587,2.754706532461366,104.5570778317086,2096.6291405981265,20.052484098424856,3151,11329.240243077278,213,2917.6592512130737
2222,S4,slower_translation,2024-11-04 23:00:00,568.4340070287305,1618.4165748117591,2.8471494576325656,103.49394859992698,2081.624289092803,20.113487959954515,3157,11523.92481482029,221,3049.4111185073853
2223,S4,slower_translation,2024-11-04 23:30:00,568.9029321418166,1618.5191467077166,2.844982958014089,103.47676049047783,2082.0839608369524,20.121271201068673,3159,11515.587706923485,221,3044.3878889083862
2224,S4,slower_translation,2024-11-05 00:00:00,570.9480450902155,1624.8597135651305,2.8458976741191635,101.54569161608228,2081.444858368212,20.49761861131037,3146,11380.618040442467,222,3057.360622406006
2225,S4,slower_translation,2024-11-05 00:30:00,573.9684638865666,1626.9549384673999,2.834572003225829,99.76064532229572,2077.6357982871978,20.82620648227545,3149,11356.270525455475,221,3056.07186126709
2226,S4,slower_translation,2024-11-05 01:00:00,574.7948276824119,1626.6900208264647,2.8300359406247955,99.91920188949142,2081.0218750042286,20.827046610177845,3153,11353.891232132912,221,3053.087254524231
2227,S4,slower_translation,2024-11-05 01:30:00,578.0541411901518,1622.6870335929784,2.8071540673543764,100.76148200521139,2080.6278924772682,20.64904019940514,3170,11440.056193590164,225,3089.192356109619
2228,S4,slower_translation,2024-11-05 02:00:00,577.6130409125003,1621.2883886208247,2.8068763580191094,103.11944228805292,2075.410392495195,20.126276349495203,3170,11440.891798853874,230,3160.608105659485
2229,S4,slower_translation,2024-11-05 02:30:00,657.0376006939093,1228.506394526396,1.8697657382605595,116.06948632937427,1090.7140141952098,9.39707798051285,3104,9322.589802503586,183,2172.483006477356
2230,S4,slower_translation,2024-11-05 03:00:00,690.4278097593261,1691.2913730421294,2.449628113374646,87.1924480782622,2128.280556360055,24.40900104616547,3220,10150.883734941483,191,2698.891354560852
2231,S4,slower_translation,2024-11-05 03:30:00,687.6041191683203,1690.3108294481312,2.4582616396955492,86.1920822546858,2125.0705943968233,24.65505576391003,3215,10160.415426492691,193,2717.9788637161255
2232,S4,slower_translation,2024-11-05 04:00:00,684.9779562467104,1690.1823399791858,2.467498880168964,86.28137891093843,2125.2650776473206,24.631793145552788,3198,10132.783313035965,193,2721.489996910095
2233,S4,slower_translation,2024-11-05 04:30:00,688.7635574911815,1687.1261489760732,2.4494997312596225,88.03141232503356,2125.900940147027,24.149344921306675,3203,10177.334975838661,199,2774.6995372772217
2234,S4,slower_translation,2024-11-05 05:00:00,687.4452855296774,1686.094014138131,2.452695581203951,87.17280929092409,2124.1415068499914,24.367019075420803,3214,10205.505868911743,199,2776.985634803772
2235,S4,slower_translation,2024-11-05 05:30:00,686.9448991934538,1686.5674939982084,2.455171435115706,88.12451632800818,2117.7918082477595,24.031811991626764,3241,10180.56423830986,193,2677.4352130889893
2236,S4,slower_translation,2024-11-05 06:00:00,687.2608042921781,1685.361531079666,2.452288156918023,87.81145376187573,2119.5708227723153,24.137748915079747,3244,10185.228238463402,193,2676.5062437057495
2237,S4,slower_translation,2024-11-05 06:30:00,691.0118288877911,1677.8674209001533,2.428131257319777,89.73338534882672,2117.253684721484,23.594938232753794,3262,10310.976787090302,197,2712.707633972168
2238,S4,slower_translation,2024-11-05 07:00:00,746.6770438456102,1748.0937794510626,2.3411644885288747,88.8494935174402,2075.313390539928,23.357627695790335,3235,9976.987911701202,179,2489.789831161499
2239,S4,slower_translation,2024-11-05 07:30:00,693.8399225565945,1467.3539802596033,2.114830716071852,268.09231156609167,1253.3137245290875,4.674933485439058,3367,10017.510205030441,132,1419.4002809524536
2240,S4,slower_translation,2024-11-05 08:00:00,691.8761471458134,1436.7494956268886,2.0765992606536416,207.9395443547145,1034.5791421453225,4.9753842894859694,3479,10684.137655973434,132,1512.199402809143
2241,S4,slower_translation,2024-11-05 08:30:00,706.3595171003908,1570.076203372735,2.2227720662955077,258.8625347668984,1996.9079425975985,7.714163598049344,3519,10604.077548265457,133,1453.4899139404297
2242,S4,slower_translation,2024-11-05 09:00:00,693.7600882683788,1561.015701045283,2.25008000235581,262.25703466867736,2005.5597115786968,7.647305682810051,3465,10462.705874562263,137,1472.1220474243164
2243,S4,slower_translation,2024-11-05 09:30:00,692.2562728485891,1558.8808696040132,2.2518840648266263,266.21460128471045,2003.1832623025675,7.524693433927018,3471,10466.861552000046,137,1470.6490478515625
2244,S4,slower_translation,2024-11-05 10:00:00,688.4951214013805,1545.130501864015,2.2442141619232023,359.99579927860515,2078.807421002241,5.774532439456108,3454,10126.952458381653,132,1437.4040565490723
2245,S4,slower_translation,2024-11-05 10:30:00,675.1774722791876,1809.873254349643,2.6805889246275876,391.9052289001209,1641.1930414555563,4.187729380548323,3411,10277.604321956635,132,1699.1165056228638
2246,S4,slower_translation,2024-11-05 11:00:00,618.9282504739512,1114.3980832646662,1.800528708152038,232.28990558750226,1651.946189372351,7.111571142940025,3382,9909.9742436409,131,1391.3588752746582
2247,S4,slower_translation,2024-11-05 11:30:00,618.3527756634404,1091.9599501862879,1.7659174393042953,248.5847641134335,1654.605832861888,6.656103155649783,3384,9987.569586277008,134,1419.8876647949219
2248,S4,slower_translation,2024-11-05 12:00:00,616.9965024329078,1089.0205498007042,1.7650352076657394,253.225777458178,1634.0469990793842,6.452925193799641,3391,10001.864514231682,134,1420.0198822021484
2249,S4,slower_translation,2024-11-05 12:30:00,547.4231704667565,1007.6792057645009,1.8407682760401036,240.30086773985465,1330.1952260239134,5.53554066839223,3450,11262.890701651573,157,1660.7333660125732
2250,S4,slower_translation,2024-11-05 13:00:00,547.3912031930709,1006.5496454860353,1.8388122418017967,240.28308489169996,1329.7451560914812,5.534077260123477,3456,11297.16168642044,157,1661.8082733154297
2251,S4,slower_translation,2024-11-05 13:30:00,543.5582190180106,994.4908590539129,1.8295940053129045,274.6174431506351,1282.461901524541,4.669994326693484,3457,11567.665164589882,172,1825.693452835083
2252,S4,slower_translation,2024-11-05 14:00:00,536.2440774757966,997.2242439955893,1.859646168382339,290.1028608209951,1264.184525575842,4.35771133727595,3448,11701.696142077446,172,1837.0935764312744
2253,S4,slower_translation,2024-11-05 14:30:00,533.5368769495898,993.6111778403407,1.862310218407299,309.5763552170313,1262.8398533526463,4.079251635569251,3416,11689.751809000969,172,1835.9275341033936
2254,S4,slower_translation,2024-11-05 15:00:00,534.9909381194964,1018.0529426071527,1.9029349285534194,286.1844534575279,1344.226601588588,4.697063678157057,3428,11551.15804541111,160,1728.8230962753296
2255,S4,slower_translation,2024-11-05 15:30:00,529.4498191414525,964.3413256591132,1.8214026916146124,253.33269514288995,1150.8464822993296,4.542826505872844,3490,12825.304902553558,181,2127.046304702759
2256,S4,slower_translation,2024-11-05 16:00:00,448.67047022234715,987.3002520375514,2.2005019665062284,258.2849017328728,713.230114536374,2.7614084669727172,3591,13882.115812659264,183,2269.3394145965576
2257,S4,slower_translation,2024-11-05 16:30:00,434.55151775953846,763.2723237545873,1.7564599191595658,197.08271638163558,210.08452664183562,1.0659713368016603,3101,13254.564099907875,214,3122.6341381073
2258,S4,slower_translation,2024-11-05 17:00:00,451.6584371214874,789.3250995650711,1.7476150885071502,165.04002501692906,209.67270748006953,1.2704355047120297,3122,13128.842053771019,215,3131.308939933777
2259,S4,slower_translation,2024-11-05 17:30:00,455.98765203353,829.1970056286431,1.8184637279775901,190.16286563578402,249.79047896337093,1.3135607634446855,3046,12387.571581363678,225,3120.32700920105
2260,S4,slower_translation,2024-11-05 18:00:00,463.7845473544033,860.4803791337597,1.8553450821987336,186.5684487808048,284.1648232071607,1.523112965049188,2980,12099.650292992592,224,3058.6630878448486
2261,S4,slower_translation,2024-11-05 18:30:00,475.03369323377217,867.5154696879024,1.8262188178323204,181.5641082005815,289.3085067854502,1.5934234450447518,2950,11874.68192243576,222,2988.1386013031006
2262,S4,slower_translation,2024-11-05 19:00:00,491.2207103756321,863.1711843650926,1.7571962381330206,169.55957902225643,400.51987897799955,2.362118856908844,3158,11453.534285068512,200,2512.4242038726807
2263,S4,slower_translation,2024-11-05 19:30:00,541.5201481123138,901.6868786022604,1.6651031023415304,155.39976838716927,502.91580417725675,3.2362712595830176,3180,10141.909051418304,154,1787.2435302734375
2264,S4,slower_translation,2024-11-05 20:00:00,518.8237998750283,849.2808824432713,1.6369350878811655,157.21082417034626,453.21216844239206,2.882830561026191,3216,11601.648597478867,187,2434.084182739258
2265,S4,slower_translation,2024-11-05 20:30:00,528.4862364794069,866.9598422092662,1.6404586957356773,137.61209970852482,493.96023905572076,3.589511678856516,3182,10800.516694664955,165,2033.4579133987427
2266,S4,slower_translation,2024-11-05 21:00:00,541.8650341913536,902.3254080904701,1.665221690189041,151.39108719864504,504.59328978047193,3.33304489133086,3160,10095.678853273392,154,1792.2486696243286
2267,S4,slower_translation,2024-11-05 21:30:00,491.7788158961187,865.5222883921128,1.7599828630579735,167.22023091672312,400.81267527128364,2.3969149729908508,3125,11363.485242486,199,2511.0373907089233
2268,S4,slower_translation,2024-11-05 22:00:00,472.8855841858982,858.8415615832993,1.8161720092648759,173.5520878489612,331.248899117402,1.9086425477386315,3023,12000.514402508736,219,2953.350338935852
2269,S4,slower_translation,2024-11-05 22:30:00,472.98249322006103,870.0630722894589,1.8395248973510088,177.34912995970095,288.576143000235,1.6271641313707406,2922,11815.432353258133,222,3009.95183467865
2270,S4,slower_translation,2024-11-05 23:00:00,461.46038286497503,861.9235483271052,1.8678170008351622,184.15456772546148,283.8497542277692,1.5413668948517871,2922,11952.324863314629,223,3069.913619041443
2271,S4,slower_translation,2024-11-05 23:30:00,463.2613485188105,802.2651918137086,1.7317766620910555,155.2745978458138,291.61467411749095,1.8780578289248555,2940,12351.384571671486,200,2933.979160308838
2272,S4,slower_translation,2024-11-06 00:00:00,454.4410506426634,808.3763417768363,1.7788365303566684,140.31799929252324,327.0579565159998,2.33083394977842,2992,12513.13301885128,201,2955.4136514663696
2273,S4,slower_translation,2024-11-06 00:30:00,390.74148076306835,763.3896171725538,1.9536948462235162,141.11110927016261,292.932488898344,2.075899554708421,2922,12774.485699295998,208,3165.4803619384766
2274,S4,slower_translation,2024-11-06 01:00:00,352.64394051424574,756.3596259371844,2.1448252445064417,128.5921955360886,295.12044674603493,2.2950105604442292,2840,12928.310035467148,215,3403.339478492737
2275,S4,slower_translation,2024-11-06 01:30:00,339.5961713139407,721.3844528254733,2.124242007895269,173.33513691313004,200.23322989283122,1.1551796909658338,2744,13291.671014547348,314,5411.148488998413
2276,S4,slower_translation,2024-11-06 02:00:00,337.9596366061711,729.8412004341857,2.159551382417532,178.42875303483612,202.55403742929855,1.1352096227997015,2749,13072.34264576435,319,5376.810345649719
2277,S4,slower_translation,2024-11-06 02:30:00,335.67251128469684,723.5758280247371,2.15560048469695,181.43911859767576,203.95588480744846,1.124100945726596,2723,13012.368771195412,324,5410.389139175415
2278,S4,slower_translation,2024-11-06 03:00:00,342.16227139030735,720.7097755139589,2.1063391138523193,170.70213774676503,202.74996687873747,1.1877412289910154,2753,12889.517003178596,303,4967.096362113953
2279,S4,slower_translation,2024-11-06 03:30:00,342.352655274633,724.7186022395732,2.1168774101027688,179.87622412649966,205.5601612897011,1.1427867261942182,2742,13123.123287558556,323,5249.236246109009
2280,S4,slower_translation,2024-11-06 04:00:00,345.8917893485664,730.2438321571399,2.111191576800475,181.2740843954734,207.67145168379182,1.145621297033987,2775,13253.000383853912,327,5317.630178451538
2281,S4,slower_translation,2024-11-06 04:30:00,347.6997205077378,731.2861174775572,2.103211692001578,183.4197695413335,205.58493630868458,1.1208439353226591,2784,13418.732201576233,324,5147.887989997864
2282,S4,slower_translation,2024-11-06 05:00:00,352.6772442291235,740.6329892813486,2.100030555983873,172.18052235659343,208.72625314213616,1.212252409769403,2759,12416.645147681236,266,3721.306640625
2283,S4,slower_translation,2024-11-06 05:30:00,572.4328442847186,810.6905213941025,1.4162194386436655,180.8156028834543,214.00981124426022,1.1835804423482208,2904,12773.975231051445,280,4414.323994636536
2284,S4,slower_translation,2024-11-06 06:00:00,445.1290860717605,879.214005375934,1.9751888449594404,232.94501028148045,448.0132530718708,1.9232575642230305,2961,11202.831996440887,182,1869.5929145812988
2285,S4,slower_translation,2024-11-06 06:30:00,763.806997195698,1224.413136819501,1.6030399581503016,345.8844731687733,1482.3234213159694,4.28560266882136,3593,11547.495778679848,202,2074.703098297119
2286,S4,slower_translation,2024-11-06 07:00:00,762.5887506178826,1264.476571263218,1.6581369319160324,278.54265884493117,1534.598611112835,5.509384513943206,3564,11281.495309233665,193,1982.0100812911987
2287,S4,slower_translation,2024-11-06 07:30:00,762.2290979813772,1243.521432483269,1.631427396010601,341.87395420680696,1529.5664995290522,4.474065604318543,3611,11501.544973373413,195,1991.9789419174194
2288,S4,slower_translation,2024-11-06 08:00:00,762.3986002241255,1247.4047807576835,1.6361582778234076,341.8693647839875,1549.4917113603553,4.532408782341195,3604,11474.358749985695,195,1991.3377542495728
2289,S4,slower_translation,2024-11-06 08:30:00,794.6905603077284,905.2951557960826,1.1391794504838757,279.1147126301751,536.9204760552653,1.9236552276148873,3456,12555.195356845856,187,1960.2158851623535
2290,S4,slower_translation,2024-11-06 09:00:00,762.4649259323409,1253.743505203231,1.6443294144581848,341.4749329629791,1553.6668355825368,4.549870826831592,3611,11445.431748270988,194,1980.1722707748413
2291,S4,slower_translation,2024-11-06 09:30:00,793.6719088580911,910.4067952726683,1.1470820437408833,285.4234260269,536.8978377072323,1.8810573651254185,3455,12509.230416059494,186,1953.188283920288
2292,S4,slower_translation,2024-11-06 10:00:00,799.3214738669313,930.935759004909,1.1646575119535538,288.4430358743206,544.7456717373067,1.8885727994301773,3434,12267.935383677483,184,1936.8990669250488
2293,S4,slower_translation,2024-11-06 10:30:00,817.6019502420468,907.3930039405351,1.1098224553793017,189.809959881184,324.5121692060568,1.70966881510955,3356,11969.728484511375,166,1770.7530336380005
2294,S4,slower_translation,2024-11-06 11:00:00,724.4170216343203,1114.5438431102077,1.5385390042267926,172.95231139742617,1271.156086191824,7.349749048862574,3606,13646.613827705383,187,1995.8984680175781
2295,S4,slower_translation,2024-11-06 11:30:00,666.4824529470369,811.933145642847,1.2182363422362559,415.17685181947763,646.5839986727215,1.5573700601060003,3879,14810.366381525993,251,2635.796676635742
2296,S4,slower_translation,2024-11-06 12:00:00,670.2271347516853,811.659321516617,1.2110212783571201,408.0710615439523,643.4720720556969,1.5768627886062159,3869,14660.955452919006,249,2614.6082725524902
2297,S4,slower_translation,2024-11-06 12:30:00,729.5527699950219,1116.6086392723455,1.5305385507342575,173.2085409228282,1273.139774954916,7.35032907829959,3610,13602.584262490273,187,1992.7456150054932
2298,S4,slower_translation,2024-11-06 13:00:00,730.8510414786952,1117.1936000881751,1.528620110915913,171.7086691478115,1273.369633835532,7.415872711350255,3608,13593.66524386406,186,1983.7896223068237
2299,S4,slower_translation,2024-11-06 13:30:00,703.0832962362125,1122.6030727446384,1.5966857394482596,169.3639158262242,1269.5741212320884,7.496131127097504,3596,13516.839079141617,184,1958.6003484725952
2300,S4,slower_translation,2024-11-06 14:00:00,703.5256201691258,1123.0960616938364,1.5963826042665588,169.6065673218327,1273.7498127704393,7.510026485905229,3593,13492.838132739067,184,1956.6526861190796
2301,S4,slower_translation,2024-11-06 14:30:00,704.3881675286102,1123.584758832637,1.5951215688003426,170.38234531319398,1278.1832772407968,7.501852817504385,3583,13465.92446911335,183,1945.283896446228
2302,S4,slower_translation,2024-11-06 15:00:00,695.8413445881745,1140.8146658685848,1.639475255014864,168.84809011220133,1278.9664297183467,7.574657367272869,3528,13176.218502640724,181,1925.6554012298584
2303,S4,slower_translation,2024-11-06 15:30:00,696.1242979727365,1141.5469900778473,1.6398608601973466,171.2555152717665,1284.6696244017674,7.501478842086394,3517,13148.722343087196,180,1913.7504329681396
2304,S4,slower_translation,2024-11-06 16:00:00,709.3754932215675,1125.3577512617858,1.5864062996468475,178.2943240575383,1288.5272609322149,7.226967362776957,3591,13421.082111597061,183,1940.9478302001953
2305,S4,slower_translation,2024-11-06 16:30:00,823.8677388582993,859.6247222060575,1.0434013636670718,683.931422538404,915.9429876122568,1.3392322057856956,3624,12083.41615140438,166,1697.0546054840088
2306,S4,slower_translation,2024-11-06 17:00:00,703.8095960436269,1145.3551479513194,1.6273650634912924,171.48197044689073,1307.6469716801655,7.6255653481958685,3532,13123.322429299355,180,1909.6565589904785
2307,S4,slower_translation,2024-11-06 17:30:00,705.2571949526979,1146.04597092414,1.6250042950657235,169.84097027697499,1305.656772017532,7.687525394422041,3532,13104.382145881653,180,1910.4574365615845
2308,S4,slower_translation,2024-11-06 18:00:00,700.9786855925922,1180.4979814745755,1.6840711504324932,145.1590251406851,1288.955903429377,8.879612564083695,3588,12981.063036441803,175,1870.0033025741577
2309,S4,slower_translation,2024-11-06 18:30:00,707.4772576685671,1155.6760840088427,1.6335169385052408,157.94414317147718,1293.3034328583362,8.188359548439927,3535,13042.128165602684,177,1893.9785957336426
2310,S4,slower_translation,2024-11-06 19:00:00,708.7902268217215,1148.6607243373849,1.6205933446459613,168.78161614127043,1312.0774327133308,7.773817212504427,3531,13057.95569396019,179,1897.2487888336182
2311,S4,slower_translation,2024-11-06 19:30:00,833.9477047070865,933.6482278672889,1.1195524882405186,686.9145086142213,954.872677984232,1.3900895468208805,3406,10762.038147091866,157,1590.403600692749
2312,S4,slower_translation,2024-11-06 20:00:00,830.5447311389702,1533.5101351109306,1.8463907813946934,757.6636087977175,1862.3365629355014,2.457999224604054,3275,8884.788161993027,133,1334.0261554718018
2313,S4,slower_translation,2024-11-06 20:30:00,829.6379774790926,1535.2302455319857,1.8504821225721584,757.6763445723523,1862.3394757541262,2.4579617525280737,3284,8890.828714251518,133,1333.9801054000854
2314,S4,slower_translation,2024-11-06 21:00:00,912.3169619013107,1328.3339153958163,1.4560004591249796,913.7274450417193,1601.9055067034476,1.753154636424766,3419,10803.769117236137,165,1684.118140220642
2315,S4,slower_translation,2024-11-06 21:30:00,921.2087399845701,1340.7316489696436,1.4554048293029644,945.9638673330519,1614.0198824758813,1.706217264964118,3464,10925.69041109085,165,1683.8773365020752
2316,S4,slower_translation,2024-11-06 22:00:00,920.6867813925913,1340.9659902510884,1.4564844606792327,945.6386417146563,1613.996357727239,1.7067791929491138,3464,10924.418326973915,165,1683.754952430725
2317,S4,slower_translation,2024-11-06 22:30:00,920.1226044487406,1340.7433783408621,1.4571355728665316,945.3296861514089,1613.9794303241156,1.7073191014395064,3462,10918.478968858719,165,1683.6350164413452
2318,S4,slower_translation,2024-11-06 23:00:00,919.2941431666098,1340.024193595167,1.4576664102082764,944.8246362538956,1613.8667877662417,1.70811251722331,3462,10928.112532377243,165,1683.498698234558
2319,S4,slower_translation,2024-11-06 23:30:00,843.3512740256773,1496.7034376803892,1.77470940493868,910.148107116967,1648.9579323430517,1.8117468129075998,3321,8953.070824503899,134,1342.9154987335205
2320,S4,slower_translation,2024-11-07 00:00:00,842.0380017615681,1498.4611382413264,1.77956474067263,894.8158339340548,1650.3242202225777,1.8443171853217335,3318,8939.466360807419,134,1342.909330368042
2321,S4,slower_translation,2024-11-07 00:30:00,917.336326615689,1338.3428985513322,1.4589446201142529,943.7100483325195,1596.6177867526637,1.6918520572858076,3460,10925.89839398861,165,1683.0781927108765
2322,S4,slower_translation,2024-11-07 01:00:00,826.1047855701441,1546.1793688746452,1.8716504199979096,763.4937494620323,1844.0657354628981,2.4152990600934827,3271,8832.962297439575,132,1323.61070728302
2323,S4,slower_translation,2024-11-07 01:30:00,835.2916829908436,1511.8844745453123,1.8100078156313735,748.2501736727952,1770.837265424549,2.366637961114489,3295,8918.725714206696,135,1353.8136291503906
2324,S4,slower_translation,2024-11-07 02:00:00,915.3104167425495,1336.62886686467,1.4603011638625587,940.3217773118346,1591.7657685084505,1.6927883698056467,3459,10917.981185793877,166,1692.6881113052368
2325,S4,slower_translation,2024-11-07 02:30:00,834.2998755576089,1514.3338562800704,1.815095387935849,748.5645809377903,1767.6781485220454,2.3614237081689367,3293,8906.88678908348,135,1353.7480545043945
2326,S4,slower_translation,2024-11-07 03:00:00,867.6399212244283,1505.840482868955,1.7355592406857965,912.5849448215127,1670.6360388983012,1.8306635983623962,3319,8920.53652215004,134,1346.686203956604
2327,S4,slower_translation,2024-11-07 03:30:00,867.2242884307462,1507.1660694152038,1.7379195780395391,912.5964441069721,1670.6391097574508,1.8306438958265556,3317,8918.518381118774,134,1346.6825304031372
2328,S4,slower_translation,2024-11-07 04:00:00,890.1754549918089,1469.6812987606631,1.6510018227521055,1152.736982235933,1529.3265140305148,1.326691637032517,3343,9001.297852277756,135,1356.8897666931152
2329,S4,slower_translation,2024-11-07 04:30:00,865.3729885609542,1509.8204210598606,1.7447048163250032,1069.219852968209,1473.5840835104127,1.3781862349634333,3324,9031.395870923996,138,1386.8429250717163
2330,S4,slower_translation,2024-11-07 05:00:00,655.7298100189654,1535.6716068413568,2.341927396585705,,,,3235,6551.967595696449,3,0.0
2331,S5,compound_moderate_high_risk,2024-10-24 18:00:00,499.8269247307864,706.8904119094833,1.4142703742704992,163.44806305462697,170.41182160439948,1.0426053292992776,3502,14981.56052494049,267,4327.6672077178955
2332,S5,compound_moderate_high_risk,2024-10-24 18:30:00,506.27738618422654,705.9494395184365,1.3943925973844524,159.19199367755147,173.70342063892423,1.0911567637676869,3523,14985.79031097889,266,4419.625930786133
2333,S5,compound_moderate_high_risk,2024-10-24 19:00:00,491.36816065854066,695.7880465576737,1.4160218391545034,162.46607166114347,171.89961604456542,1.0580647041377138,3431,15242.675094127655,274,4891.917078971863
2334,S5,compound_moderate_high_risk,2024-10-24 19:30:00,497.14398960120303,683.9565343754296,1.3757715041955585,166.12038760647025,192.28781318592326,1.1575208555462861,3423,15961.707679152489,310,5750.424354553223
2335,S5,compound_moderate_high_risk,2024-10-24 20:00:00,515.0193563011638,652.8338955877879,1.2675909897375468,163.5976148613832,207.4820111996644,1.2682459421884809,3312,15735.060938000679,325,5904.4940185546875
2336,S5,compound_moderate_high_risk,2024-10-24 20:30:00,552.6895839022743,670.3084603239126,1.2128118203190785,158.78197397227095,218.28652515425756,1.3747563384769161,3306,15250.844511389732,324,5574.114274024963
2337,S5,compound_moderate_high_risk,2024-10-24 21:00:00,575.2440532129434,676.743690847804,1.1764462180320643,159.3585464049393,226.64388957539484,1.422226135267814,3382,15685.80687892437,336,5818.425597190857
2338,S5,compound_moderate_high_risk,2024-10-24 21:30:00,585.306812217005,701.5942231000843,1.198677699380618,163.80140671065087,222.19070551335042,1.3564639643531313,3416,15681.134815096855,334,5646.068176269531
2339,S5,compound_moderate_high_risk,2024-10-24 22:00:00,621.127672690675,708.8857067341945,1.1412882373495896,163.1924367078079,228.37649719209637,1.3994306464152966,3526,16172.283754587173,339,5664.020329475403
2340,S5,compound_moderate_high_risk,2024-10-24 22:30:00,616.058805163034,703.7867246578913,1.1424018596270853,161.424688512219,228.27016546600413,1.4140969858444166,3525,16236.459313511848,335,5669.004621505737
2341,S5,compound_moderate_high_risk,2024-10-24 23:00:00,611.7809826341119,690.2112522865782,1.1281999144771913,158.04810875077294,227.85018013043216,1.4416507855195477,3593,16501.31541109085,330,5682.681512832642
2342,S5,compound_moderate_high_risk,2024-10-24 23:30:00,596.1312670732783,659.8366728896804,1.1068647281817043,156.85497360903742,223.16829227619553,1.4227683518180514,3564,16556.159482955933,322,5650.896381378174
2343,S5,compound_moderate_high_risk,2024-10-25 00:00:00,593.2717483359652,663.3834514122952,1.1181780579860432,157.29037109267242,224.15252539619766,1.425087396253455,3562,16552.46129798889,324,5672.614106178284
2344,S5,compound_moderate_high_risk,2024-10-25 00:30:00,571.6562157803663,1018.7181554596708,1.7820468444815554,243.81697407631026,396.1661839758248,1.6248507122060765,4877,24349.342674613,545,10624.488832473755
2345,S5,compound_moderate_high_risk,2024-10-25 01:00:00,599.8842804967666,667.0324046876952,1.1119351287807073,157.30887017474453,225.77740199831837,1.435249021542873,3581,16644.92911708355,326,5712.623441696167
2346,S5,compound_moderate_high_risk,2024-10-25 01:30:00,554.6605194468951,731.0844512261934,1.318075517534989,161.892935442435,433.0695746876059,2.6750368909185154,3570,16087.309980154037,335,5312.204381942749
2347,S5,compound_moderate_high_risk,2024-10-25 02:00:00,526.6385517643097,753.6914091716233,1.4311360356104859,168.642148558267,329.0889812959841,1.9514041069174337,3585,16061.911959052086,325,5383.222274780273
2348,S5,compound_moderate_high_risk,2024-10-25 02:30:00,521.7077591244482,731.6287287351828,1.4023727190928332,164.7733203818904,335.60652059385546,2.0367770693461043,3537,15893.852161169052,326,5443.002977371216
2349,S5,compound_moderate_high_risk,2024-10-25 03:00:00,546.050500854615,719.4099387388876,1.3174787636179237,171.05901127814622,316.5846540866579,1.850733566861798,3637,15763.90186047554,294,4847.044631958008
2350,S5,compound_moderate_high_risk,2024-10-25 03:30:00,573.0930355880878,731.272022853887,1.2760092645402334,195.63981923000654,420.22060896383147,2.1479298571104866,3667,15671.013139128685,299,4699.624402046204
2351,S5,compound_moderate_high_risk,2024-10-25 04:00:00,479.8516701390374,637.3855924520348,1.3282971220405473,153.71864858552888,213.47466051628925,1.3887362560145773,3684,16432.025911569595,314,5499.7531843185425
2352,S5,compound_moderate_high_risk,2024-10-25 04:30:00,498.2061431304424,683.41636466188,1.37175419068035,150.33525831354984,212.60052643307773,1.4141760809673911,3623,15829.831457018852,295,4978.458853721619
2353,S5,compound_moderate_high_risk,2024-10-25 05:00:00,509.1401880301315,723.9224149338273,1.421852825514892,155.80309766610435,243.14623737722752,1.5605995068102134,3623,15201.420322418213,268,4387.839898109436
2354,S5,compound_moderate_high_risk,2024-10-25 05:30:00,604.8852301030604,807.5630125834159,1.3350681623451475,158.39036628156373,606.9401571034883,3.8319259646420236,3498,14179.1882750988,274,3467.7719326019287
2355,S5,compound_moderate_high_risk,2024-10-25 06:00:00,623.2155777842195,836.0178414738583,1.3414585117500346,155.94624707181111,610.6093236469578,3.9155114990729896,3456,14043.764271259308,272,3522.277032852173
2356,S5,compound_moderate_high_risk,2024-10-25 06:30:00,635.5609802310789,843.5733793356438,1.3272894428303856,155.67593322539597,611.8807297902184,3.930477351976434,3459,14038.703586101532,272,3518.16969871521
2357,S5,compound_moderate_high_risk,2024-10-25 07:00:00,649.0448280166689,854.099790061012,1.3159334350925225,155.68782179115047,611.7724341650049,3.9294816198640854,3463,14015.728434562683,272,3511.6643285751343
2358,S5,compound_moderate_high_risk,2024-10-25 07:30:00,728.466439793618,970.9230895925609,1.3328315987592128,409.02575953591844,883.543299790724,2.160116518806033,3491,13917.626958251,270,3455.950758934021
2359,S5,compound_moderate_high_risk,2024-10-25 08:00:00,729.763167454985,1414.8913108372733,1.938836288177764,397.6754584487518,1927.2775537168225,4.84635778439716,3560,13643.14155638218,281,3294.4046363830566
2360,S5,compound_moderate_high_risk,2024-10-25 08:30:00,708.804787012039,1393.9017839690264,1.966552440827899,404.7757952924121,1918.8747421070896,4.740586676436222,3556,13819.507037758827,280,3342.201153755188
2361,S5,compound_moderate_high_risk,2024-10-25 09:00:00,650.0059519382763,1397.9731228832495,2.1507081876936365,398.400274002404,1871.8234891778604,4.698348900147997,3235,13822.803418278694,264,3401.699694633484
2362,S5,compound_moderate_high_risk,2024-10-25 09:30:00,626.2360172251465,1250.0963076484954,1.996206339564552,419.1300766565989,1568.3438969699955,3.741902536512466,3055,13239.604644179344,235,3050.4166746139526
2363,S5,compound_moderate_high_risk,2024-10-25 10:00:00,655.0063780025098,1181.5975275471937,1.803948125132095,406.0767858698008,1580.449203821067,3.891995944648256,3060,12928.69038105011,220,2720.829037666321
2364,S5,compound_moderate_high_risk,2024-10-25 10:30:00,682.6249663435062,937.1703952315646,1.3728920585069346,354.65142739201434,1211.3640226781854,3.4156468270440636,3102,12750.510438203812,216,2592.462281227112
2365,S5,compound_moderate_high_risk,2024-10-25 11:00:00,471.40919160663015,775.6105993401846,1.645302240918958,185.29420462913365,426.20266585504146,2.300140291533045,3040,13758.062711596489,267,4199.017309188843
2366,S5,compound_moderate_high_risk,2024-10-25 11:30:00,470.3954589057021,738.2587753817932,1.5694428196633308,188.75166525284646,424.91372825310646,2.251178699186053,3180,14153.41810452938,257,4077.19894695282
2367,S5,compound_moderate_high_risk,2024-10-25 12:00:00,477.8124581280973,721.3653404128188,1.5097248473572147,177.45834532787313,394.01227080203637,2.22030849027728,3200,14319.81791293621,248,4116.829336166382
2368,S5,compound_moderate_high_risk,2024-10-25 12:30:00,528.3395433003056,697.4561304088926,1.3200907243326676,175.31318377118603,367.9984836488564,2.0990918978983113,3425,15916.532569169998,303,4820.64208984375
2369,S5,compound_moderate_high_risk,2024-10-25 13:00:00,582.398948476964,670.8519707059388,1.1518770294147813,188.81193505948403,332.93550582935325,1.7633181171754966,3685,17653.18885755539,371,6051.237717628479
2370,S5,compound_moderate_high_risk,2024-10-25 13:30:00,588.51207987148,622.0582359792456,1.0570016440700596,193.95506823458066,292.3952357942867,1.5075410942118057,3708,18830.22300696373,402,7269.496152877808
2371,S5,compound_moderate_high_risk,2024-10-25 14:00:00,568.9050598252651,617.3964403672591,1.085236331975825,189.045081784759,233.08022789297533,1.232934629626346,3700,19603.315780997276,416,7774.436962127686
2372,S5,compound_moderate_high_risk,2024-10-25 14:30:00,572.5074076898298,621.8200967453794,1.0861345868947512,190.46267411114874,234.06478753907302,1.228927340390475,3718,19758.97058582306,424,7993.62304019928
2373,S5,compound_moderate_high_risk,2024-10-25 15:00:00,565.6315461054149,638.8475559393439,1.1294411712678465,196.94640947432254,232.88282135171804,1.1824679717356292,3680,19892.83398795128,438,8399.21304321289
2374,S5,compound_moderate_high_risk,2024-10-25 15:30:00,526.963867309043,738.7399797224115,1.4018797597922759,218.43686776110243,428.31247326423704,1.9608066973962794,3506,19100.76524722576,422,8259.587177276611
2375,S5,compound_moderate_high_risk,2024-10-25 16:00:00,485.55980824897034,698.6789991499204,1.4389143979389496,198.4142408749306,245.04304874695345,1.2350073647254676,3754,18858.25253856182,428,7236.526963233948
2376,S5,compound_moderate_high_risk,2024-10-25 16:30:00,564.7811628402965,861.8081628349621,1.5259152031574654,211.54267047286552,268.04662717053884,1.267104298964212,3617,15809.415170431137,416,5461.318410873413
2377,S5,compound_moderate_high_risk,2024-10-25 17:00:00,584.2961185597641,854.6478697777866,1.4626964695305749,204.01029193641688,287.55973353322287,1.4095354249227983,3732,15737.667203068733,414,5182.512898445129
2378,S5,compound_moderate_high_risk,2024-10-25 17:30:00,627.9307578926716,836.4184044021827,1.3320233065333378,186.36639062613634,311.5288739580977,1.6715936436363363,3779,15335.145899534225,427,5058.761878013611
2379,S5,compound_moderate_high_risk,2024-10-25 18:00:00,581.7128988008235,799.0519408619799,1.3736190868539966,202.12578468816,333.9879657396815,1.6523768417520657,3901,16242.444283246994,455,5477.790314674377
2380,S5,compound_moderate_high_risk,2024-10-25 18:30:00,581.1705921944925,730.3065840819869,1.256613107907538,205.50572522370774,350.929278434313,1.7076374784804638,3847,16392.927794098854,468,5423.131748199463
2381,S5,compound_moderate_high_risk,2024-10-25 19:00:00,533.4101555592797,657.4727750111953,1.2325839096967226,193.1573642124691,309.7863134632178,1.6038027580582312,3761,17810.419805049896,515,7150.397799491882
2382,S5,compound_moderate_high_risk,2024-10-25 19:30:00,538.8648758969864,649.3541961880751,1.2050408650353552,191.9332954082793,309.1665770887602,1.610802213503923,3725,17713.582197785378,509,7064.702264785767
2383,S5,compound_moderate_high_risk,2024-10-25 20:00:00,517.9122791876129,600.484409441373,1.1594326560151846,208.8527792340714,274.6750531318098,1.3151611108031602,3541,17670.415899276733,502,7407.956450462341
2384,S5,compound_moderate_high_risk,2024-10-25 20:30:00,514.7455145439898,605.1063707599209,1.175544718045732,236.97948097790677,276.3779387858527,1.166252612442922,3282,16713.88945710659,442,6564.383486747742
2385,S5,compound_moderate_high_risk,2024-10-25 21:00:00,498.98004564383086,608.6207200943686,1.2197295771799208,225.45896238082494,320.10892922020196,1.419810176716335,3313,16803.46671998501,441,6479.642333984375
2386,S5,compound_moderate_high_risk,2024-10-25 21:30:00,504.8915967233868,674.7334526450986,1.3363927168206786,196.0507885255721,477.5937467151274,2.436071542006726,3311,15517.335968017578,367,4902.233389854431
2387,S5,compound_moderate_high_risk,2024-10-25 22:00:00,511.4492485978607,687.253155072279,1.3437367577650838,194.84560196996347,487.128288362555,2.500073306441097,3379,15783.777881026268,361,4873.354839324951
2388,S5,compound_moderate_high_risk,2024-10-25 22:30:00,508.08344662882354,673.981335117084,1.3265170113078975,191.32895864371164,437.16683494694877,2.2848963274870924,3418,15791.192051887512,354,4888.086265563965
2389,S5,compound_moderate_high_risk,2024-10-25 23:00:00,510.56312990550157,679.0666897404446,1.330034720419646,189.8024113523912,425.38754017485445,2.2412125175009954,3441,15597.069527029991,331,4531.026837348938
2390,S5,compound_moderate_high_risk,2024-10-25 23:30:00,469.091995358315,782.6494226955406,1.6684348282210906,168.878296808164,244.65710686299738,1.448718464640322,3539,15443.565267562866,313,4520.247842788696
2391,S5,compound_moderate_high_risk,2024-10-26 00:00:00,507.04018524353404,723.8656812772764,1.4276298059681374,190.31882225704794,209.7205110807525,1.1019430899877007,3674,16159.420335888863,334,4947.927373886108
2392,S5,compound_moderate_high_risk,2024-10-26 00:30:00,510.896307032979,676.8803023565636,1.324887835434811,197.01159857741342,231.5735419898737,1.1754310084382082,3651,17080.912741541862,379,5965.650579452515
2393,S5,compound_moderate_high_risk,2024-10-26 01:00:00,512.1465273429076,632.6989478650888,1.235386581937056,230.97793010167211,282.85922986177917,1.224615831206335,3561,15709.010855555534,351,4759.873798370361
2394,S5,compound_moderate_high_risk,2024-10-26 01:30:00,512.1622342870243,697.0115438648852,1.3609194454471762,205.78356606144865,317.1267962346649,1.5410695922140192,3412,15221.679064393044,320,4088.9138383865356
2395,S5,compound_moderate_high_risk,2024-10-26 02:00:00,512.4440374291303,696.9415753978021,1.3600345100984534,205.84373458255854,316.89326425181986,1.5394846235881945,3412,15218.153183937073,320,4090.492854118347
2396,S5,compound_moderate_high_risk,2024-10-26 02:30:00,512.9152662619376,698.8900615405535,1.362583856460299,207.19769835532082,317.47461597805426,1.5322304180890047,3421,15214.260820269585,320,4054.9086418151855
2397,S5,compound_moderate_high_risk,2024-10-26 03:00:00,513.6626802297542,698.0756156673135,1.3590156391254131,206.97892431896534,319.59626061833,1.5441005004249317,3418,15189.11374926567,320,4038.3123664855957
2398,S5,compound_moderate_high_risk,2024-10-26 03:30:00,514.4813433355205,699.0287263291543,1.358705685607883,208.27966494380155,328.5683730736065,1.5775345767060838,3430,15175.395077228546,321,4031.590455055237
2399,S5,compound_moderate_high_risk,2024-10-26 04:00:00,518.798905508325,687.894503402225,1.325936689724156,199.88647365784104,342.40446874501185,1.712994693833694,3399,15102.9814722538,310,3864.775267601013
2400,S5,compound_moderate_high_risk,2024-10-26 04:30:00,509.4016217804363,674.6632267358431,1.324423005128627,198.408919992812,340.5739771378098,1.7165255329757676,3359,15256.475489497185,314,3983.5549507141113
2401,S5,compound_moderate_high_risk,2024-10-26 05:00:00,510.0142617807486,673.4503364406803,1.3204539302279166,198.24791695659349,344.11155814494737,1.7357638023520272,3358,15236.129222750664,314,3970.806752204895
2402,S5,compound_moderate_high_risk,2024-10-26 05:30:00,508.63542030304444,668.3935702043434,1.3140916725896004,198.88783139961063,346.3206807887825,1.7412864243712538,3346,15236.498995184898,314,3975.1965379714966
2403,S5,compound_moderate_high_risk,2024-10-26 06:00:00,508.01088356887874,676.5248133622454,1.331713227499224,201.65632006925645,350.73303298033295,1.739261297934407,3362,15196.794818401337,313,3938.9170932769775
2404,S5,compound_moderate_high_risk,2024-10-26 06:30:00,468.5553448836202,639.5400683008571,1.3649189477492882,195.739989499722,247.6557338478238,1.2652280940690164,3238,15400.719537854195,309,4526.986553192139
2405,S5,compound_moderate_high_risk,2024-10-26 07:00:00,380.41137021359316,654.2624083889365,1.7198813169584806,141.70979229072077,511.2293775385834,3.6075797534850764,2892,12986.235446214676,330,4550.512816429138
2406,S5,compound_moderate_high_risk,2024-10-26 07:30:00,380.77160738047303,658.3609204742868,1.729017888186291,142.1661775938419,511.30849568936077,3.596555132474105,2900,13006.24739742279,330,4524.874749183655
2407,S5,compound_moderate_high_risk,2024-10-26 08:00:00,380.94474191297985,658.9832253278507,1.7298656545793252,141.8834903797966,507.167282922164,3.574533453924518,2895,12988.144160866737,332,4531.1177015304565
2408,S5,compound_moderate_high_risk,2024-10-26 08:30:00,381.0032963963203,658.022860510369,1.7270791794564704,140.84816213577753,504.51994723515287,3.582012996014761,2888,12954.250744342804,331,4505.42947101593
2409,S5,compound_moderate_high_risk,2024-10-26 09:00:00,381.5865204357066,657.7769700487222,1.7237950892438538,140.03197304401218,499.6611311162634,3.5681931794192168,2891,12904.245645403862,327,4437.276661872864
2410,S5,compound_moderate_high_risk,2024-10-26 09:30:00,404.5271593462204,647.7127095430077,1.6011600076242392,140.22766677679374,442.4163666972198,3.154986293834792,2981,12809.46957063675,277,3759.3819036483765
2411,S5,compound_moderate_high_risk,2024-10-26 10:00:00,394.1018772655038,632.765059772867,1.6055875302176643,154.92495676414043,356.0844840394971,2.2984320375289955,2939,13519.830430984497,295,4319.175712585449
2412,S5,compound_moderate_high_risk,2024-10-26 10:30:00,390.7211240275191,619.7521503674482,1.586175182900519,164.49971106112645,302.2471913972654,1.8373721719483844,2984,14553.877486944199,339,5208.425733566284
2413,S5,compound_moderate_high_risk,2024-10-26 11:00:00,391.0513973680702,618.9102599335546,1.5826826450411957,151.66852067908917,278.2856440199381,1.8348279707214423,2964,14423.828428149223,319,4952.867654800415
2414,S5,compound_moderate_high_risk,2024-10-26 11:30:00,394.3840305631435,617.4391021461938,1.5655783558592546,154.58264695924942,311.625360260872,2.0159142464614392,2964,15084.115933656693,381,5974.974445343018
2415,S5,compound_moderate_high_risk,2024-10-26 12:00:00,392.36103606333387,611.9342880989817,1.5596204308121038,152.28683234030177,300.1614648179081,1.9710270428841947,2941,14991.337611913681,377,5986.860420227051
2416,S5,compound_moderate_high_risk,2024-10-26 12:30:00,401.1513123362177,591.0420457163357,1.4733643578883846,155.28539477072633,283.7644192242977,1.8273735250070653,2952,15087.146811008453,377,6301.076263427734
2417,S5,compound_moderate_high_risk,2024-10-26 13:00:00,400.75770744514057,588.9021913482703,1.4694719038657122,155.93336489953157,283.6927238909729,1.8193202210043715,2951,15149.27750134468,382,6426.420308113098
2418,S5,compound_moderate_high_risk,2024-10-26 13:30:00,416.3976176647534,575.0009219551271,1.3808938801808075,156.18342131771053,271.3919307617658,1.7376487752159993,2988,15218.61208987236,370,6540.485966682434
2419,S5,compound_moderate_high_risk,2024-10-26 14:00:00,420.69950399587424,545.9380450049258,1.2976912019612898,155.74841688408617,283.450150374529,1.819923155851282,2980,14634.93867635727,372,6082.516222953796
2420,S5,compound_moderate_high_risk,2024-10-26 14:30:00,425.5291636380212,552.6814146082808,1.2988097217196164,155.49666924109926,280.19803621966224,1.8019552289265461,3009,14690.866448640823,368,6067.374656677246
2421,S5,compound_moderate_high_risk,2024-10-26 15:00:00,428.63849667661765,567.4342216157492,1.3238060183937312,153.81979295399063,277.6757691290765,1.8052018130861152,3009,14612.763175845146,362,5985.872354507446
2422,S5,compound_moderate_high_risk,2024-10-26 15:30:00,430.10379807654004,570.2880696868151,1.3259312571458086,153.23396402033995,275.89537195080055,1.8004844664475101,3008,14601.41115951538,360,5980.529348373413
2423,S5,compound_moderate_high_risk,2024-10-26 16:00:00,436.6740102747241,569.4149986561644,1.3039818841014326,145.99647985650202,266.7542689269618,1.827128086849417,3031,14315.481440782547,329,5502.011002540588
2424,S5,compound_moderate_high_risk,2024-10-26 16:30:00,440.37731397788946,585.4368277503319,1.3293982436609444,139.19338338146503,257.682938215679,1.8512585293618933,3015,13733.316351652145,298,4843.484763145447
2425,S5,compound_moderate_high_risk,2024-10-26 17:00:00,444.81018961721986,576.0961301844058,1.2951504790844883,135.06072627283984,254.87806428780573,1.8871367815164695,2975,13073.212311267853,278,4377.6028089523315
2426,S5,compound_moderate_high_risk,2024-10-26 17:30:00,452.2000853023839,590.3215629063453,1.305443280736223,143.48014544037798,246.2593892480761,1.7163307751901151,3022,13164.454788088799,284,4398.407909393311
2427,S5,compound_moderate_high_risk,2024-10-26 18:00:00,456.87040688505084,603.6476399053395,1.3212666673269924,146.24455749776516,231.7331122789666,1.5845588803023063,3067,13307.402438521385,289,4376.296387672424
2428,S5,compound_moderate_high_risk,2024-10-26 18:30:00,454.2883640493088,655.3256440927801,1.4425323119692517,165.09128512063046,219.29249869699726,1.3283105679185987,3143,14024.18169760704,315,5003.413320541382
2429,S5,compound_moderate_high_risk,2024-10-26 19:00:00,448.01431902588445,633.0826399551688,1.4130857275536999,165.77945539368986,220.63758844506648,1.330910322519152,3094,14227.730655550957,326,5520.156546592712
2430,S5,compound_moderate_high_risk,2024-10-26 19:30:00,438.53201016821686,614.6309890418058,1.4015647085968423,159.97281532448852,231.32394693731268,1.4460203533212455,3038,13916.02363049984,322,5362.227558135986
2431,S5,compound_moderate_high_risk,2024-10-26 20:00:00,442.70872511477114,646.8544987029658,1.4611288687280082,160.90013677507565,229.02086417090143,1.4233727127967033,3037,13628.273570656776,317,5196.52546787262
2432,S5,compound_moderate_high_risk,2024-10-26 20:30:00,436.61056102248244,624.1472735788445,1.429528576031636,170.47867340014352,227.38401358742524,1.333797413203196,3013,13813.909049630165,330,5406.793305397034
2433,S5,compound_moderate_high_risk,2024-10-26 21:00:00,445.86446728117767,623.670509299641,1.3987894417841806,181.80589980692778,219.19400556525287,1.20564847344354,3092,14304.11178970337,339,5489.317120552063
2434,S5,compound_moderate_high_risk,2024-10-26 21:30:00,451.7360718052862,590.9354081828089,1.3081430619902346,193.49010368161032,238.54394259907477,1.2328482855722673,3173,14468.977773427963,364,5695.282974243164
2435,S5,compound_moderate_high_risk,2024-10-26 22:00:00,452.4238076051346,602.8691981702052,1.3325319933127273,193.69130551724248,240.4373815409215,1.2413431821260372,3170,14866.515629768372,375,5985.512006759644
2436,S5,compound_moderate_high_risk,2024-10-26 22:30:00,457.2007745660423,540.9049666865731,1.1830797250944696,185.66465863060688,246.5629950437665,1.328001768685121,3126,14522.157259941101,373,5820.528635978699
2437,S5,compound_moderate_high_risk,2024-10-26 23:00:00,457.9192148269149,542.562582292538,1.1848434499469858,185.8242487277207,246.96405463542118,1.3290195242348828,3126,14543.953012824059,374,5845.078352928162
2438,S5,compound_moderate_high_risk,2024-10-26 23:30:00,457.9208003287331,542.5566578695116,1.184826409894503,185.9439950821778,246.10877461794803,1.3235639823118737,3121,14524.743736863136,373,5830.246006965637
2439,S5,compound_moderate_high_risk,2024-10-27 00:00:00,460.9065594033529,541.1644854719132,1.1741305790320138,182.68888234911995,246.8425020151473,1.3511632390603163,3109,14581.050494909286,377,6057.273626327515
2440,S5,compound_moderate_high_risk,2024-10-27 00:30:00,464.95737368044774,542.6642415802821,1.1671268643074342,180.22419279301934,241.66513004522764,1.3409139267044439,3127,14660.484076738358,370,6088.33195400238
2441,S5,compound_moderate_high_risk,2024-10-27 01:00:00,450.4100359825747,529.595450196603,1.175807393015307,159.6615276804092,267.26996622964134,1.6739785101181532,3146,15149.07890701294,361,6314.27888584137
2442,S5,compound_moderate_high_risk,2024-10-27 01:30:00,451.23012218601383,535.8254846320299,1.1874772057241814,154.61017369606358,278.9826138691665,1.8044259779281764,3152,14933.584834575653,358,6088.111416816711
2443,S5,compound_moderate_high_risk,2024-10-27 02:00:00,451.96886728570206,503.36789729779895,1.113722501111133,175.68263204115317,257.3874678986148,1.4650706498882657,3164,16183.25270485878,390,7222.798808097839
2444,S5,compound_moderate_high_risk,2024-10-27 02:30:00,457.12597445575267,504.7764080360063,1.1042391731009913,183.6636922735146,245.5250534008397,1.3368186730951643,3247,16650.86951124668,390,7580.007628440857
2445,S5,compound_moderate_high_risk,2024-10-27 03:00:00,468.8255336417465,502.69347640669076,1.07223997059602,188.68283225198127,249.5584429648598,1.3226346031926177,3360,16057.241772174835,380,6801.91966342926
2446,S5,compound_moderate_high_risk,2024-10-27 03:30:00,472.3616950933044,505.8949004555913,1.0709905263500719,191.15132680024274,238.85319678519124,1.2495502949597455,3335,15565.914242625237,369,6308.377902984619
2447,S5,compound_moderate_high_risk,2024-10-27 04:00:00,474.6665394518361,525.3324036577014,1.106739911063407,186.65708188927047,240.76315398093521,1.2898688415356268,3216,15616.530986070633,371,6576.115591049194
2448,S5,compound_moderate_high_risk,2024-10-27 04:30:00,434.9018929900025,538.9728282476126,1.2392974988959204,180.38435401706764,244.13928963840047,1.3534393876272612,3058,15401.605430841446,378,7075.895887374878
2449,S5,compound_moderate_high_risk,2024-10-27 05:00:00,397.7903445240886,617.1720200696178,1.5515007555248561,170.75959112856174,234.77740425815014,1.3749002483930124,3020,16028.321525096893,374,7832.635956764221
2450,S5,compound_moderate_high_risk,2024-10-27 05:30:00,388.20420508299,605.5247299105545,1.5598098165399943,163.77936492782675,256.7927947394203,1.567919101729211,3062,16013.164258599281,372,7593.435255050659
2451,S5,compound_moderate_high_risk,2024-10-27 06:00:00,380.6099189799724,613.4178997529699,1.611670818766145,165.05600910116885,253.86521671108017,1.538054979600745,2998,15387.760630846024,353,6809.317904472351
2452,S5,compound_moderate_high_risk,2024-10-27 06:30:00,388.6850456516881,583.0065663324849,1.4999459661613337,161.9486245244051,262.72453688992914,1.6222708754796238,2838,14501.521619677544,335,6198.0146408081055
2453,S5,compound_moderate_high_risk,2024-10-27 07:00:00,389.20094802895215,580.9327245602562,1.492629263886171,161.69095654113187,262.9130773206359,1.6260221532782693,2840,14506.537898421288,334,6183.917542457581
2454,S5,compound_moderate_high_risk,2024-10-27 07:30:00,386.1172370600018,566.9589122625357,1.4683594976994772,153.405830203729,273.41342285503083,1.7822883425742373,2836,14513.411673903465,336,6313.906077384949
2455,S5,compound_moderate_high_risk,2024-10-27 08:00:00,386.74263009647984,566.8580010792398,1.465724119779155,153.38647629482446,273.5809795423851,1.7836056095097506,2838,14502.902384877205,336,6299.804675102234
2456,S5,compound_moderate_high_risk,2024-10-27 08:30:00,388.7752323805661,561.7548572531791,1.4449347861318607,143.26488204285494,280.4742772170777,1.957732231498137,2805,14007.826713681221,327,5803.841230392456
2457,S5,compound_moderate_high_risk,2024-10-27 09:00:00,424.0655665008959,562.6408328038168,1.3267779259852421,134.97529011301097,287.43350358285386,2.1295268440778443,2865,13669.474548697472,304,5103.906757354736
2458,S5,compound_moderate_high_risk,2024-10-27 09:30:00,410.2979704652971,560.8253788699745,1.3668733926077452,135.6697887664865,285.3123867818739,2.1029913098261592,2821,13662.420174121857,304,5143.395397186279
2459,S5,compound_moderate_high_risk,2024-10-27 10:00:00,410.4196635658934,555.2773909308235,1.3529502609751825,128.43305195501733,289.9835343356901,2.2578575368375757,2803,13453.341805934906,299,4910.5004053115845
2460,S5,compound_moderate_high_risk,2024-10-27 10:30:00,411.4582698211383,553.8264232067337,1.3460087299921855,128.42563827335528,290.14558257350114,2.2592496831195112,2808,13452.144219875336,299,4902.0881061553955
2461,S5,compound_moderate_high_risk,2024-10-27 11:00:00,403.3847105844937,549.6539500996191,1.3626048178751837,128.24046599550127,287.28899085293966,2.240236641552875,2760,13344.325718283653,298,4870.6336097717285
2462,S5,compound_moderate_high_risk,2024-10-27 11:30:00,437.1358604881201,532.8665069729246,1.2189951800749252,119.11213860204158,310.8395461043893,2.60963785683434,2895,13122.299448609352,271,4137.944764137268
2463,S5,compound_moderate_high_risk,2024-10-27 12:00:00,472.68390093190374,560.1370180142249,1.1850139531088424,127.35408941346677,282.8694339441402,2.221125644625171,3046,12955.272503376007,246,3786.7174797058105
2464,S5,compound_moderate_high_risk,2024-10-27 12:30:00,472.10274979542726,560.6658956490603,1.1875929464338182,127.74253717248159,282.5092766388099,2.21155210231464,3044,12960.107472419739,246,3789.508502960205
2465,S5,compound_moderate_high_risk,2024-10-27 13:00:00,471.8111537553512,562.0316594357519,1.1912216465471301,128.773854224196,279.2618997738582,2.168622671553028,3045,12924.458026528358,246,3780.6522912979126
2466,S5,compound_moderate_high_risk,2024-10-27 13:30:00,471.5328487581151,562.0648705598894,1.1919951537633253,128.44922876563228,280.18744801211966,2.181308916407321,3042,12923.107792139053,246,3781.472512245178
2467,S5,compound_moderate_high_risk,2024-10-27 14:00:00,470.750481941634,563.1816622715639,1.1963485622971466,128.42463184907336,280.5114046459776,2.184249241030621,3036,12894.727623224258,246,3776.0262937545776
2468,S5,compound_moderate_high_risk,2024-10-27 14:30:00,470.36562499451486,563.7430095929803,1.1985208519426842,128.35982360722264,280.2719891817348,2.18348686766162,3034,12906.179691314697,245,3769.676655769348
2469,S5,compound_moderate_high_risk,2024-10-27 15:00:00,475.2603704973022,566.89855686684,1.1928168053937431,125.1096839971055,291.38904568193004,2.3290686729627517,3096,12959.586994051933,239,3693.8770055770874
2470,S5,compound_moderate_high_risk,2024-10-27 15:30:00,474.1548160401295,575.6766106492303,1.2141110691587014,122.7553268744266,270.83690675219106,2.206314900120329,3126,13068.06392133236,236,3729.563840866089
2471,S5,compound_moderate_high_risk,2024-10-27 16:00:00,474.4668266826476,568.9531549888758,1.199142116988139,116.02838636147635,244.63481753851795,2.1084048930610595,3201,13411.36063504219,235,3878.20138835907
2472,S5,compound_moderate_high_risk,2024-10-27 16:30:00,474.7207877365491,566.6667872376648,1.1936843759033802,116.7024051904151,243.46382989163172,2.086193763482311,3199,13517.436986804008,234,3914.002565383911
2473,S5,compound_moderate_high_risk,2024-10-27 17:00:00,474.77151587509786,567.7044878524853,1.1957425179690748,116.27199287896451,240.82032991915264,2.071180891943918,3200,13512.616091132164,234,3913.6126823425293
2474,S5,compound_moderate_high_risk,2024-10-27 17:30:00,474.20357087899197,567.9891028890562,1.197774832939829,115.82073726003497,241.8015134572037,2.0877221055355646,3196,13499.231220126152,234,3912.5416870117188
2475,S5,compound_moderate_high_risk,2024-10-27 18:00:00,479.2806078800063,566.4710937755149,1.1819194944714653,113.95238780524203,243.5053883812367,2.13690465878972,3168,13405.390825033188,232,3841.7774019241333
2476,S5,compound_moderate_high_risk,2024-10-27 18:30:00,479.32720913853075,567.5372641909205,1.184028891685335,115.11195078458101,246.44882125400463,2.140949046334933,3171,13439.807592511177,237,3899.435248374939
2477,S5,compound_moderate_high_risk,2024-10-27 19:00:00,467.4324665686714,600.1689911001503,1.2839694159583521,141.69508359634574,241.958937013227,1.7076029095159468,3008,15302.250234723091,318,6350.16574382782
2478,S5,compound_moderate_high_risk,2024-10-27 19:30:00,444.25985094072206,620.609965899173,1.3969526271280814,142.7395536818471,244.77761839846175,1.7148548673764674,2987,15629.462182760239,323,6551.879487037659
2479,S5,compound_moderate_high_risk,2024-10-27 20:00:00,443.6090161294915,620.6678879652018,1.3991327168698133,141.82059093530026,244.13219331333835,1.7214157105346697,2983,15608.179027080536,319,6499.25043964386
2480,S5,compound_moderate_high_risk,2024-10-27 20:30:00,447.4498914839394,637.8490183234295,1.4255205565209592,147.17592243622195,243.16174456242896,1.652184274012622,2999,15664.510944962502,330,6687.409112930298
2481,S5,compound_moderate_high_risk,2024-10-27 21:00:00,448.73120534908685,638.1635620716149,1.4221510660823315,147.7324848141258,243.02120449869994,1.645008576173771,2999,15672.07538497448,331,6688.076219558716
2482,S5,compound_moderate_high_risk,2024-10-27 21:30:00,435.58585271427273,660.3757357340467,1.5160633239556238,149.7786532393972,242.56944702550106,1.6195194827783037,2971,15504.618179678917,331,6511.325160980225
2483,S5,compound_moderate_high_risk,2024-10-27 22:00:00,437.19174694664093,659.3685839864884,1.5081908306630556,149.86952767378222,242.0222353108346,1.6148862218184712,2975,15514.410346627235,331,6501.486269950867
2484,S5,compound_moderate_high_risk,2024-10-27 22:30:00,438.7905547977605,659.3036562175583,1.5025475115831317,149.9285147137767,240.76959225833735,1.6058959345924328,2984,15503.014125943184,329,6459.918954849243
2485,S5,compound_moderate_high_risk,2024-10-27 23:00:00,440.23328771237306,657.6116863905921,1.4937800133374783,150.0214863535375,240.45544775652607,1.6028067285633485,2986,15474.451403856277,329,6433.673203468323
2486,S5,compound_moderate_high_risk,2024-10-27 23:30:00,442.2161530039757,656.6391048914909,1.4848826765619887,151.07834389277733,239.22893666821787,1.5834760330573971,2993,15484.779060721397,329,6419.670116424561
2487,S5,compound_moderate_high_risk,2024-10-28 00:00:00,443.4630074189519,654.9943821613707,1.4769989180688925,151.27266719030743,239.01337708798366,1.5800169424347699,2999,15497.727811098099,329,6410.505899429321
2488,S5,compound_moderate_high_risk,2024-10-28 00:30:00,444.5176144721759,651.2966306415957,1.4651762032308877,151.4082570550428,238.39602870815986,1.5745246220058662,2999,15482.942371845245,329,6392.035019874573
2489,S5,compound_moderate_high_risk,2024-10-28 01:00:00,446.5166010693235,651.3312356035584,1.4586943330746065,151.9477219282627,237.52261959021206,1.5631864471278436,3008,15511.963609457016,329,6381.025159835815
2490,S5,compound_moderate_high_risk,2024-10-28 01:30:00,447.1618108881151,649.3833302928035,1.452233429780266,152.19268026378643,236.51168687611136,1.5540280023071957,3010,15499.37883901596,328,6357.932324409485
2491,S5,compound_moderate_high_risk,2024-10-28 02:00:00,452.03755943700605,633.1466337431123,1.400650500218762,152.6134403060337,231.9488613232429,1.5198455709937304,3034,15916.24829530716,328,6641.669711112976
2492,S5,compound_moderate_high_risk,2024-10-28 02:30:00,444.2489624408969,549.5660541056335,1.2370677268126355,146.82445154814658,231.83821008443329,1.5790163534743902,2879,14690.868701815605,309,5953.118511199951
2493,S5,compound_moderate_high_risk,2024-10-28 03:00:00,441.5231326291948,509.31604324194655,1.1535432814336486,154.16642293765193,232.8689221380073,1.5105035045937516,2778,14466.16811466217,316,5824.298982620239
2494,S5,compound_moderate_high_risk,2024-10-28 03:30:00,430.81012542866995,506.59014225193033,1.175901197187173,157.3519234024613,225.9484929352922,1.4359436354481605,2740,14543.281598567963,316,6000.347848892212
2495,S5,compound_moderate_high_risk,2024-10-28 04:00:00,431.91427880233545,506.5546417103544,1.1728129088831925,157.83693795513614,226.45501473156725,1.4347402937830296,2742,14543.851702570915,318,6012.410152435303
2496,S5,compound_moderate_high_risk,2024-10-28 04:30:00,429.94077625913127,551.65783743939,1.283101924500636,162.13816980621507,219.1867766876089,1.3518517999159363,2824,15034.002056121826,329,6718.052600860596
2497,S5,compound_moderate_high_risk,2024-10-28 05:00:00,453.78056059023,564.9648641130227,1.2450177755040335,161.54153948688722,217.83373374609468,1.3484688485575285,2947,15317.953939080238,324,6629.101936340332
2498,S5,compound_moderate_high_risk,2024-10-28 05:30:00,450.80116106397173,565.8145519441679,1.255131088413221,162.1381565010108,219.07104579128057,1.3511381313251425,2931,15392.053446292877,327,6731.508075714111
2499,S5,compound_moderate_high_risk,2024-10-28 06:00:00,463.92209382580256,561.2404464512166,1.2097730500887822,172.73436017733286,206.37775283924196,1.1947695445617703,2956,14587.27552640438,325,6172.609003067017
2500,S5,compound_moderate_high_risk,2024-10-28 06:30:00,472.5382944581959,558.1506484652375,1.1811754835768433,173.83542215488438,206.4594921833425,1.187672164994022,2944,14119.055364251137,316,5708.426983833313
2501,S5,compound_moderate_high_risk,2024-10-28 07:00:00,484.77153698323536,551.4163293954871,1.137476702586512,176.16301844381607,203.2089571073067,1.1535279021806457,2980,14249.12244284153,314,5739.096670150757
2502,S5,compound_moderate_high_risk,2024-10-28 07:30:00,474.83536480166237,543.9184248778186,1.1454884475696347,178.76262457542546,208.17196569653632,1.1645161632134182,3025,14761.014720797539,333,6285.780426025391
2503,S5,compound_moderate_high_risk,2024-10-28 08:00:00,484.8615527718674,531.1067001645079,1.0953780458117663,183.1369462826609,208.04554788163696,1.1360107946789175,3131,15515.702765107155,352,6652.422638893127
2504,S5,compound_moderate_high_risk,2024-10-28 08:30:00,497.82485652518096,530.5571461866119,1.065750613358082,171.31401802646252,221.54527617662148,1.293211604799314,3199,15362.85273206234,347,6023.172801971436
2505,S5,compound_moderate_high_risk,2024-10-28 09:00:00,505.15410329413555,548.5625434348411,1.0859310849058452,178.7962175427678,214.1545241010348,1.197757575882768,3257,15348.415596365929,349,5767.176965713501
2506,S5,compound_moderate_high_risk,2024-10-28 09:30:00,490.2892987104463,583.9343896822852,1.1909996632970412,186.93063834247525,232.10722471962947,1.2416756652506855,3390,15438.512296438217,361,6201.542013168335
2507,S5,compound_moderate_high_risk,2024-10-28 10:00:00,468.48081749095513,578.1167694214844,1.2340244207173856,138.2020194996946,236.71452247856053,1.7128152203237663,3304,13923.403868556023,233,3615.190155029297
2508,S5,compound_moderate_high_risk,2024-10-28 10:30:00,483.86315826496616,567.7277881921897,1.17332303254487,147.40919601678297,219.28530257714309,1.487595811540654,3338,13791.032412409782,223,3506.8418521881104
2509,S5,compound_moderate_high_risk,2024-10-28 11:00:00,476.80177792296087,537.5928379227928,1.1274975531019371,190.5857541252424,203.33298487429576,1.0668844888620348,3241,13432.237314105034,241,3795.1943788528442
2510,S5,compound_moderate_high_risk,2024-10-28 11:30:00,465.6113204885641,515.4865090744066,1.107117645965969,170.3338677798194,209.6570413792936,1.2308593946231745,3204,13792.035184979439,292,4714.4899797439575
2511,S5,compound_moderate_high_risk,2024-10-28 12:00:00,478.1320108211166,510.6437063715347,1.0679973204358002,171.18873808687687,212.05907470608986,1.2387443068741497,3213,13413.550080657005,270,4186.414316177368
2512,S5,compound_moderate_high_risk,2024-10-28 12:30:00,494.57900090178515,511.60870716839855,1.034432732153127,138.21224252647332,237.9269375408393,1.721460654943536,3227,12842.580047726631,219,3313.813323020935
2513,S5,compound_moderate_high_risk,2024-10-28 13:00:00,497.3939898525728,517.6476753513998,1.0407196023917158,126.87751222296393,249.0124833063294,1.962621105533136,3228,12682.389602184296,200,3051.150513648987
2514,S5,compound_moderate_high_risk,2024-10-28 13:30:00,488.01924292739886,552.794694767402,1.1327313477465446,135.97925922668446,247.89437478471658,1.8230307783296718,3403,13231.848935127258,235,3577.933235168457
2515,S5,compound_moderate_high_risk,2024-10-28 14:00:00,466.9583247527052,579.1082606257829,1.2401711885797722,155.84295871369156,238.91424977866433,1.533044878964256,3520,14521.444484710693,294,4654.702856063843
2516,S5,compound_moderate_high_risk,2024-10-28 14:30:00,470.29448399843125,576.065789767063,1.224904414930334,162.55561147158784,242.50747617027415,1.4918431543205086,3582,15083.900398015976,311,4982.0830154418945
2517,S5,compound_moderate_high_risk,2024-10-28 15:00:00,467.7306704493557,563.0912827414212,1.2038793226889524,174.47218113309233,236.61570598706277,1.3561801339926176,3598,15854.962365865707,340,5746.805159568787
2518,S5,compound_moderate_high_risk,2024-10-28 15:30:00,465.17415472119154,563.1169949420616,1.2105509070674234,175.89233826864145,239.52784170118764,1.361786670522021,3604,16185.191286444664,356,6145.4157457351685
2519,S5,compound_moderate_high_risk,2024-10-28 16:00:00,464.81177641015114,560.1320328451633,1.2050728085488525,184.01520534605592,230.37492742904374,1.2519341920457239,3636,16684.045148968697,371,6662.379837036133
2520,S5,compound_moderate_high_risk,2024-10-28 16:30:00,461.2551491064256,547.5916654733669,1.187177349747091,197.62651395701172,221.1191683383533,1.118874000815754,3628,17905.339675068855,413,7782.331616401672
2521,S5,compound_moderate_high_risk,2024-10-28 17:00:00,511.78609289689604,550.3748787090474,1.0754002235459812,205.51775426698632,248.08331848545822,1.2071138056674857,3643,19125.653321623802,491,8796.166838645935
2522,S5,compound_moderate_high_risk,2024-10-28 17:30:00,514.9630343954942,553.0593616509562,1.073978761019578,201.15763852734733,238.90179186815774,1.1876347009098436,3600,19328.46341216564,471,8927.120171546936
2523,S5,compound_moderate_high_risk,2024-10-28 18:00:00,514.674681427999,555.4346718310512,1.0791956392530517,200.98459346891798,240.45342601292865,1.1963774031769916,3606,19335.16365468502,474,8961.21539592743
2524,S5,compound_moderate_high_risk,2024-10-28 18:30:00,538.1947536789784,561.0581280520543,1.0424816002326034,202.77145724254197,246.26456169999864,1.214493228232965,3630,19167.815163493156,484,8858.295331001282
2525,S5,compound_moderate_high_risk,2024-10-28 19:00:00,536.9784607162663,561.7232648321036,1.0460815580625515,202.7977127290085,246.28013682520125,1.2144127934731472,3628,19186.28852415085,484,8864.678859710693
2526,S5,compound_moderate_high_risk,2024-10-28 19:30:00,493.0435200653627,585.3212024355508,1.187159304634921,203.80187461896514,250.7723165998693,1.2304710987998537,3596,20060.884552598,511,9775.603042602539
2527,S5,compound_moderate_high_risk,2024-10-28 20:00:00,491.8256339838136,592.725926593172,1.2051546028458489,204.10073299704396,251.26864536686506,1.231101141466763,3602,20106.730474710464,512,9798.520958900452
2528,S5,compound_moderate_high_risk,2024-10-28 20:30:00,489.94549656640186,597.3396322236504,1.21919608693187,204.97932859687944,253.10998204832953,1.2348073524335936,3604,20135.67812514305,519,9882.951649665833
2529,S5,compound_moderate_high_risk,2024-10-28 21:00:00,487.08450245240385,629.7612582006875,1.292919924633045,209.7355317994777,253.20717228729671,1.2072688405004253,3633,20522.02889943123,532,10219.009540557861
2530,S5,compound_moderate_high_risk,2024-10-28 21:30:00,484.6800902364545,638.2359590614059,1.3168190150951669,210.7878982982834,253.23346833829373,1.2013662567095997,3633,20550.367768406868,535,10262.951933860779
2531,S5,compound_moderate_high_risk,2024-10-28 22:00:00,454.4894012777111,687.7697886823087,1.5132801485552188,204.99684702163447,258.65719683680175,1.2617618299734286,3556,20002.366769313812,524,9734.904440879822
2532,S5,compound_moderate_high_risk,2024-10-28 22:30:00,453.1817381680388,701.2397753429221,1.547369887801839,205.55596159143465,258.58266954779253,1.2579672588711055,3564,20042.123225331306,525,9748.599128723145
2533,S5,compound_moderate_high_risk,2024-10-28 23:00:00,410.78561953933865,959.7381944354063,2.3363480822714027,210.21512599409056,252.45152855495033,1.2009199022245711,3488,19602.271887660027,519,9272.315112113953
2534,S5,compound_moderate_high_risk,2024-10-28 23:30:00,393.95930956968766,1038.6179421686609,2.6363584180892077,204.83397957963285,251.21192413486284,1.2264172411745704,3481,19313.503630518913,503,9118.128324508667
2535,S5,compound_moderate_high_risk,2024-10-29 00:00:00,395.0893882593374,1185.0563863062162,2.9994639732726505,205.8675434703819,245.46536292826096,1.19234610172329,3428,18802.9506598711,491,8847.090912818909
2536,S5,compound_moderate_high_risk,2024-10-29 00:30:00,437.80327100129233,1007.6938839801074,2.301704785520277,203.04696421007256,247.06936346462822,1.2168089507066397,3338,18111.680745244026,473,7964.1965618133545
2537,S5,compound_moderate_high_risk,2024-10-29 01:00:00,435.43589281270573,1000.2032042535437,2.2970159804528545,201.5467587447198,242.2993915347037,1.2021993955338186,3296,18141.115998506546,467,8204.784049034119
2538,S5,compound_moderate_high_risk,2024-10-29 01:30:00,428.4603916638978,1044.3199462440245,2.4373780320474294,203.8005406345753,243.79881346584494,1.1962618583185576,3301,18276.05722928047,476,8387.704402923584
2539,S5,compound_moderate_high_risk,2024-10-29 02:00:00,433.4556200134685,1077.4658223291847,2.4857581089748075,203.62739860649606,241.3520293708158,1.18526303936741,3285,18122.078216910362,467,8230.509449958801
2540,S5,compound_moderate_high_risk,2024-10-29 02:30:00,429.28780700277923,1134.4771006041003,2.6426958373796836,200.01334376835433,239.91652215271955,1.1995025813406626,3293,18088.53414607048,454,8090.271921157837
2541,S5,compound_moderate_high_risk,2024-10-29 03:00:00,428.28142276377264,1144.4636673616487,2.672223464600047,200.08365849357253,239.86244519152498,1.1988107724411143,3296,18114.67170751095,454,8099.322830200195
2542,S5,compound_moderate_high_risk,2024-10-29 03:30:00,422.21108226449286,1117.8150638651591,2.6475265828406287,198.10863591321785,249.1564479342052,1.2576758543900517,3362,18819.03130018711,474,8741.604678153992
2543,S5,compound_moderate_high_risk,2024-10-29 04:00:00,429.9878662041631,1165.8141867901797,2.7112722902665243,201.38455214388998,251.07930236619487,1.2467654529270775,3347,18346.696343064308,471,8340.684918403625
2544,S5,compound_moderate_high_risk,2024-10-29 04:30:00,429.30611815664656,1174.6462874231308,2.73615082046075,201.63779223051284,251.20504109618946,1.2458232076306905,3353,18365.29219329357,472,8348.474031448364
2545,S5,compound_moderate_high_risk,2024-10-29 05:00:00,431.7431501672857,1150.7201413049506,2.665288704312004,203.9297659038617,259.5492483021693,1.272738421249044,3442,18586.757067799568,493,8525.897082328796
2546,S5,compound_moderate_high_risk,2024-10-29 05:30:00,435.86875751195436,1092.5764147894035,2.506663751322978,201.85610850565578,258.7251042954415,1.2817303682845498,3418,18497.366315603256,487,8455.91487121582
2547,S5,compound_moderate_high_risk,2024-10-29 06:00:00,426.81286892299727,1282.3731740504063,3.004532588921916,201.21431242028302,260.0220872962219,1.2922643730884504,3497,18810.15304005146,487,8482.357449531555
2548,S5,compound_moderate_high_risk,2024-10-29 06:30:00,440.8141791306662,1283.1321681709255,2.9108232650351664,201.39850093086633,253.87950524853625,1.260582894485812,3547,18356.343494057655,468,7939.509931564331
2549,S5,compound_moderate_high_risk,2024-10-29 07:00:00,440.71164543621745,1279.277486819203,2.9027539890691294,201.56059643143914,254.0958071709507,1.2606422667407624,3553,18396.25096964836,469,7958.646502494812
2550,S5,compound_moderate_high_risk,2024-10-29 07:30:00,451.0601050278405,534.095762469502,1.1840900060016062,217.57329871898418,252.1840411844287,1.1590762408311248,3299,19680.641993880272,479,9089.951585769653
2551,S5,compound_moderate_high_risk,2024-10-29 08:00:00,451.72827225750956,533.8404922252938,1.1817734797900243,217.80882207566134,252.0642233264475,1.157272790534102,3292,19694.55506181717,480,9110.036880493164
2552,S5,compound_moderate_high_risk,2024-10-29 08:30:00,452.2528661790365,533.0735944659381,1.1787069454522932,217.88357358325683,251.57918800885884,1.154649631780182,3288,19691.59860742092,480,9122.961334228516
2553,S5,compound_moderate_high_risk,2024-10-29 09:00:00,451.9187844131111,532.6477669596444,1.178636041100552,217.9345889449158,251.77796710149022,1.1552914492390531,3286,19704.091737627983,481,9146.360090255737
2554,S5,compound_moderate_high_risk,2024-10-29 09:30:00,452.1650911119763,532.3233996932622,1.1772766411138844,218.0224243383167,250.8481277913356,1.1505611340330772,3289,19731.925622463226,480,9156.78093624115
2555,S5,compound_moderate_high_risk,2024-10-29 10:00:00,463.0218433468821,535.9765237758372,1.157562070725675,220.65614942659832,243.58850494858328,1.103928014612674,3296,19979.873279690742,477,9227.217126846313
2556,S5,compound_moderate_high_risk,2024-10-29 10:30:00,463.9745214886598,535.4279510854385,1.1540029167280987,220.64247894033878,243.48632065833124,1.1035332898166372,3294,19989.590242743492,477,9240.91040802002
2557,S5,compound_moderate_high_risk,2024-10-29 11:00:00,439.11988443787163,513.5606243516867,1.1695225895067523,224.6716471763444,250.9094204186794,1.116782751949737,3216,20693.744170069695,531,10234.663619995117
2558,S5,compound_moderate_high_risk,2024-10-29 11:30:00,439.43898077681564,513.0315114134385,1.1674692820981172,224.87956252671353,251.1687942942956,1.116903605966674,3216,20690.78257584572,532,10243.656367301941
2559,S5,compound_moderate_high_risk,2024-10-29 12:00:00,439.0656277040009,512.5918014187436,1.16746055504101,224.9546569353184,250.98989198032658,1.1157354793170298,3207,20673.743800520897,532,10238.688749313354
2560,S5,compound_moderate_high_risk,2024-10-29 12:30:00,442.27190830099664,509.00120052136776,1.1508784324030727,222.0320073523705,248.68178598701047,1.1200267427765267,3186,20141.819443702698,511,9621.143969535828
2561,S5,compound_moderate_high_risk,2024-10-29 13:00:00,451.7577443641936,502.1025745449153,1.1114420965855851,226.05690587774328,237.4303904614911,1.0503124845471334,3158,19690.943962335587,504,9242.33351612091
2562,S5,compound_moderate_high_risk,2024-10-29 13:30:00,476.5295432324085,521.7045058860056,1.094799920162691,220.05740238634894,235.24975472394232,1.0690381335635304,3234,19328.063393950462,484,8822.447833061218
2563,S5,compound_moderate_high_risk,2024-10-29 14:00:00,476.71642417439494,522.2334709198433,1.0954803410104368,220.07807855956304,235.20947273328073,1.0687546632211322,3231,19302.348412394524,484,8806.749305725098
2564,S5,compound_moderate_high_risk,2024-10-29 14:30:00,431.26859106705837,569.9438250182873,1.3215518978743916,200.58398253019632,257.6206927364666,1.284353264337458,3288,20553.12835907936,513,9960.966334342957
2565,S5,compound_moderate_high_risk,2024-10-29 15:00:00,432.57762650127086,586.8842822674443,1.356714370584117,198.23203968434154,296.32544379289976,1.4948413196209733,3331,19878.5406614542,537,9535.893654823303
2566,S5,compound_moderate_high_risk,2024-10-29 15:30:00,404.34026819615474,554.4273321119606,1.3711899994165155,205.42330983621648,284.0239751257991,1.382627781395643,3269,21472.804083943367,584,11676.591033935547
2567,S5,compound_moderate_high_risk,2024-10-29 16:00:00,400.74674647329306,544.887990024631,1.3596816314039435,210.431568979755,278.45913873590126,1.3232764460483097,3165,21060.585070371628,594,11481.906778335571
2568,S5,compound_moderate_high_risk,2024-10-29 16:30:00,412.8796058922048,542.8139411512792,1.3147027206109971,212.11861472841048,262.8891158341288,1.2393495788699258,3200,20682.33979833126,563,10923.110290527344
2569,S5,compound_moderate_high_risk,2024-10-29 17:00:00,413.88759143319726,551.088086861376,1.3314921690526738,208.30618105885907,258.483359693117,1.2408818517971802,3194,20198.020870685577,539,10317.559138298035
2570,S5,compound_moderate_high_risk,2024-10-29 17:30:00,414.5567640007827,568.4399261258944,1.3711992554168524,203.81113578724683,257.8982260044035,1.2653784838999942,3245,20303.91507279873,527,10307.353916168213
2571,S5,compound_moderate_high_risk,2024-10-29 18:00:00,412.67394385175277,576.9495618823603,1.3980760609630827,204.96545240127165,250.79980294718936,1.2236198832971332,3246,19693.55936253071,510,9745.199005126953
2572,S5,compound_moderate_high_risk,2024-10-29 18:30:00,410.13683233827226,581.5658596172992,1.4179800831387765,204.9020229785406,246.89710380913974,1.2049520069159887,3270,19485.222115039825,496,9522.119898796082
2573,S5,compound_moderate_high_risk,2024-10-29 19:00:00,397.69444612911786,570.3360234422777,1.4341060806695487,199.50665025978378,253.69103781965427,1.2715918867331693,3316,20347.494948863983,507,10476.891189575195
2574,S5,compound_moderate_high_risk,2024-10-29 19:30:00,403.4029064459275,561.5942912395025,1.3921424022134001,206.73446431688993,245.31970457656783,1.186641547103302,3383,20177.33536875248,501,10224.936824798584
2575,S5,compound_moderate_high_risk,2024-10-29 20:00:00,403.9026463683343,555.3589218781502,1.3749821321341276,211.52707109705,270.64030504003364,1.2794594263344232,3395,21721.79649889469,585,12082.953704833984
2576,S5,compound_moderate_high_risk,2024-10-29 20:30:00,400.1946687715942,546.0219601789732,1.3643908897012484,215.79566327381534,284.1076293459113,1.3165585676548839,3383,22950.229155659676,634,13397.034234046936
2577,S5,compound_moderate_high_risk,2024-10-29 21:00:00,400.8720304791681,546.2821364825608,1.362734476210726,207.6467931966116,274.3113184226872,1.3210476993157922,3359,22175.960419535637,584,12456.585590362549
2578,S5,compound_moderate_high_risk,2024-10-29 21:30:00,406.4643642065501,545.7782558830502,1.3427456474528836,199.76073554199988,264.3160461568137,1.3231631603661154,3363,20900.050843715668,526,11014.395027160645
2579,S5,compound_moderate_high_risk,2024-10-29 22:00:00,413.01159413626226,546.9023343057285,1.3241815534246022,204.16016794892732,257.5349502818521,1.2614358269252393,3362,20787.859431505203,527,10784.733499526978
2580,S5,compound_moderate_high_risk,2024-10-29 22:30:00,417.4734203919081,553.9744143515074,1.32696930461215,206.7929964774091,258.3575737192113,1.2493535957221553,3341,20194.56360936165,532,10174.538450241089
2581,S5,compound_moderate_high_risk,2024-10-29 23:00:00,420.07380432095704,546.8166236165621,1.3017155985255533,213.54589823983446,255.14949867604307,1.1948227560404003,3290,19606.044832587242,536,9629.260031700134
2582,S5,compound_moderate_high_risk,2024-10-29 23:30:00,422.3184586120484,554.4695693408357,1.3129181498793618,214.1773808214012,253.43338864359006,1.1832873652279958,3217,19278.709267258644,521,9258.01644706726
2583,S5,compound_moderate_high_risk,2024-10-30 00:00:00,422.89545897073424,661.1369912779313,1.5633579818687118,217.61834712204438,250.1085639179783,1.1492990697963148,3239,19486.015706181526,533,9432.938780784607
2584,S5,compound_moderate_high_risk,2024-10-30 00:30:00,421.02836255014284,677.091750812422,1.6081856022984231,217.48949226681466,252.0571560560392,1.1589394661274761,3239,19722.9599237442,536,9636.845088005066
2585,S5,compound_moderate_high_risk,2024-10-30 01:00:00,421.09663465525574,685.979408493814,1.6290308495469488,218.0884716886145,252.60625613727308,1.1582742278002742,3237,19742.47625017166,539,9700.741492271423
2586,S5,compound_moderate_high_risk,2024-10-30 01:30:00,422.0857627478909,695.4996776588926,1.6477686267620173,217.98774556667865,251.07239969973563,1.1517730001154391,3243,19715.228289723396,535,9634.688440322876
2587,S5,compound_moderate_high_risk,2024-10-30 02:00:00,451.39592998555287,681.0905042221463,1.508853888522972,220.32905184172617,283.5316106894704,1.2868553117232342,3336,21394.61409163475,574,11097.111465454102
2588,S5,compound_moderate_high_risk,2024-10-30 02:30:00,451.63355028844774,699.5313345562978,1.5488914278169148,226.0724965775798,278.7210871932431,1.2328836608286624,3271,20546.95542180538,569,10365.352004051208
2589,S5,compound_moderate_high_risk,2024-10-30 03:00:00,448.34919435101494,708.4110912125268,1.5800431898577394,229.36600525293366,275.15096024789847,1.1996152609645627,3254,21017.365500450134,578,10890.395113945007
2590,S5,compound_moderate_high_risk,2024-10-30 03:30:00,454.2752253389433,692.8166765675232,1.5251033688896376,241.13114153490693,269.42802308287025,1.1173505892596036,3345,20832.340754032135,592,10671.595695495605
2591,S5,compound_moderate_high_risk,2024-10-30 04:00:00,462.9973509486613,702.5847091677346,1.517470257072028,254.03994564688492,276.64793957496465,1.0889938543740036,3420,21292.31819176674,639,11023.796566009521
2592,S5,compound_moderate_high_risk,2024-10-30 04:30:00,459.65385910717174,678.8260636209856,1.4768201118544524,264.75042071794934,291.2635673454504,1.1001439263272996,3451,23755.19659090042,727,13589.302597999573
2593,S5,compound_moderate_high_risk,2024-10-30 05:00:00,404.7326931602596,728.8772114559234,1.8008854332094009,209.6599144129593,245.5585254243379,1.1712230547832299,3128,19451.800208449364,473,9838.14792060852
2594,S5,compound_moderate_high_risk,2024-10-30 05:30:00,449.22917452465765,604.6944809662294,1.346071259966748,253.39100556364755,260.2751377220973,1.0271680209924403,3553,20354.350897550583,581,10114.187016487122
2595,S5,compound_moderate_high_risk,2024-10-30 06:00:00,464.1125885567905,672.6556961361972,1.4493373218509178,245.61483676783382,264.978628250339,1.0788380365670158,3480,20465.13968038559,587,10370.374674797058
2596,S5,compound_moderate_high_risk,2024-10-30 06:30:00,466.99722780771606,629.6284857403858,1.348248872260182,250.3864507150961,263.9671681665092,1.0542390269626252,3482,21481.901516914368,609,11262.15163898468
2597,S5,compound_moderate_high_risk,2024-10-30 07:00:00,492.3598011768206,666.0923810125555,1.3528569542446076,251.3017014949489,267.12854410506105,1.0629794486705026,3648,22268.695546984673,632,11670.775359153748
2598,S5,compound_moderate_high_risk,2024-10-30 07:30:00,489.62393062543384,676.5127859464621,1.3816987766147368,251.76566545047766,266.20204384819175,1.057340536772091,3610,22282.00801205635,634,11803.79627418518
2599,S5,compound_moderate_high_risk,2024-10-30 08:00:00,489.8920597771558,669.7501018365973,1.3671381041392152,253.96886736270028,264.6199231172348,1.0419384307420736,3563,22215.05350768566,637,11882.979183197021
2600,S5,compound_moderate_high_risk,2024-10-30 08:30:00,494.48456531934556,683.2504781870609,1.3817427804764868,254.72224434442708,261.39098666096953,1.0261804473877207,3797,22691.554460644722,642,11733.957159996033
2601,S5,compound_moderate_high_risk,2024-10-30 09:00:00,500.07682646611306,735.6333659626275,1.4710407022079337,251.7177346595872,254.63317288740527,1.0115821725146215,3746,21892.168221235275,618,11029.75582408905
2602,S5,compound_moderate_high_risk,2024-10-30 09:30:00,485.76438789280917,743.8881636450188,1.5313764907137795,245.64453600649406,249.12013568339358,1.014148898784407,3812,22087.151853442192,606,10981.396136283875
2603,S5,compound_moderate_high_risk,2024-10-30 10:00:00,488.1723616076455,763.769449162298,1.5645487316140896,249.39642030873162,257.72456319943353,1.0333931933761975,3864,22934.58880364895,640,11871.294054985046
2604,S5,compound_moderate_high_risk,2024-10-30 10:30:00,482.47838957003444,816.4499204295261,1.6921999784427901,239.97892747228846,257.04925461129255,1.0711326086786275,3660,22571.64967107773,628,11881.161115646362
2605,S5,compound_moderate_high_risk,2024-10-30 11:00:00,454.9703738735481,1729.6658753445777,3.801711000693217,229.83918311001023,1624.826858251739,7.06940755821441,3694,23353.886170744896,678,12538.986251831055
2606,S5,compound_moderate_high_risk,2024-10-30 11:30:00,452.2492398496578,1616.9255411617694,3.5752974216148687,236.5405571268443,1339.274123011051,5.661921740942137,3658,23526.910238027573,651,12550.65824508667
2607,S5,compound_moderate_high_risk,2024-10-30 12:00:00,455.82723450358344,1618.297317493366,3.550242712583336,240.23474459325126,1326.3732490745672,5.521154949173919,3671,23511.31571662426,652,12469.510004997253
2608,S5,compound_moderate_high_risk,2024-10-30 12:30:00,461.00194333896235,704.7875195262316,1.5288168080628213,231.08081555443647,257.4051599764262,1.113918346526639,3257,20157.66159915924,519,10306.464237213135
2609,S5,compound_moderate_high_risk,2024-10-30 13:00:00,453.2277824259971,530.8393711948879,1.1712419047955474,242.4950186932249,273.6878621984186,1.1286329248051645,3415,21075.163575053215,588,10646.523092269897
2610,S5,compound_moderate_high_risk,2024-10-30 13:30:00,451.4685492173779,532.4203492516737,1.1793077284666333,242.76755622193795,283.41603486114695,1.1674378540188748,3410,21586.339307785034,621,11138.010924339294
2611,S5,compound_moderate_high_risk,2024-10-30 14:00:00,452.34841719455324,537.3786348198104,1.1879750528422537,244.50859864639034,286.83511782952127,1.173108509956096,3426,21590.301862359047,631,11072.111152648926
2612,S5,compound_moderate_high_risk,2024-10-30 14:30:00,452.59511772438145,538.5620444735601,1.1899422317708894,248.73183903526945,286.6424087427335,1.1524154280147758,3450,21742.689786076546,634,11080.843938827515
2613,S5,compound_moderate_high_risk,2024-10-30 15:00:00,451.8387448498652,529.8495704990152,1.1726519173893992,251.0043851790916,269.7065716488425,1.0745094013254224,3415,21710.588215589523,623,11089.799103736877
2614,S5,compound_moderate_high_risk,2024-10-30 15:30:00,451.60282905099865,530.2197141765894,1.1740841289475437,251.1325411332464,270.5317640079934,1.0772469501053352,3416,21707.55072903633,624,11099.875280380249
2615,S5,compound_moderate_high_risk,2024-10-30 16:00:00,448.32492172173806,518.7042534945801,1.1569828674760205,253.47372332245024,264.0141625282103,1.041583952244037,3344,21603.61061501503,623,11309.520337104797
2616,S5,compound_moderate_high_risk,2024-10-30 16:30:00,446.41908805960543,513.221127095387,1.1496397461993406,250.9210103179948,260.32346736692455,1.0374717806094151,3288,21147.132848262787,613,11124.906889915466
2617,S5,compound_moderate_high_risk,2024-10-30 17:00:00,446.25446500767174,516.4312927772996,1.1572574243451441,250.27985042977411,258.8206150239339,1.0341248589508616,3287,21296.381662130356,612,11143.414399147034
2618,S5,compound_moderate_high_risk,2024-10-30 17:30:00,445.74851780109424,528.5926580609672,1.1858539893044338,250.09133338491745,262.0368924190776,1.0477647860582742,3267,21404.42410993576,623,11435.504039764404
2619,S5,compound_moderate_high_risk,2024-10-30 18:00:00,431.81530513362526,492.17401916589864,1.1397790057802473,251.56293715735174,269.06378232252126,1.0695684561602241,3242,21802.586090922356,655,12164.482941627502
2620,S5,compound_moderate_high_risk,2024-10-30 18:30:00,430.82798035991067,491.82530262652415,1.1415816173676918,253.0860181879888,267.7215864291809,1.0578284345614064,3206,21506.376308918,651,12034.884978294373
2621,S5,compound_moderate_high_risk,2024-10-30 19:00:00,452.00153065116336,549.0712438751684,1.2147552754614859,254.01273000753304,265.88375608877567,1.0467339809343001,3231,21662.948584914207,645,12036.272569656372
2622,S5,compound_moderate_high_risk,2024-10-30 19:30:00,431.7996844926516,494.0863386702443,1.1442489571310734,254.5163015100751,268.28823138131065,1.054110207438675,3171,21294.363194942474,653,11942.740036964417
2623,S5,compound_moderate_high_risk,2024-10-30 20:00:00,408.61461191310394,497.1098238112418,1.2165737820383087,245.15621252709377,277.72529602061763,1.1328503290118472,3115,21473.855003118515,641,12260.304016113281
2624,S5,compound_moderate_high_risk,2024-10-30 20:30:00,410.32312254472157,510.0086353452555,1.2429439320463054,241.7833526390636,284.3204486349629,1.1759306235586777,3130,21420.640892863274,647,12312.630401611328
2625,S5,compound_moderate_high_risk,2024-10-30 21:00:00,411.74112415915283,507.3358236495125,1.2321718523637382,239.04939129285643,282.6988186176845,1.1825958522159654,3136,21318.22265279293,631,12070.384009361267
2626,S5,compound_moderate_high_risk,2024-10-30 21:30:00,413.1763993859051,506.3812436251119,1.22558123933926,237.5481960347613,280.10805616950836,1.1791630534147182,3132,20947.72640323639,617,11581.10454082489
2627,S5,compound_moderate_high_risk,2024-10-30 22:00:00,415.7223585760559,506.6520852741352,1.2187270538191237,239.64798758529975,282.18625131932885,1.177503112638853,3151,20963.912643909454,625,11519.928191184998
2628,S5,compound_moderate_high_risk,2024-10-30 22:30:00,415.58034454931,507.3273817906517,1.2207684709940712,239.47849806805027,281.7145063163443,1.176366599043439,3154,20967.578204989433,625,11522.071677207947
2629,S5,compound_moderate_high_risk,2024-10-30 23:00:00,411.97562006189196,505.645361291127,1.2273671952120895,238.53376741860598,281.6029730027555,1.1805581073499152,3160,21207.188755631447,625,11701.788753509521
2630,S5,compound_moderate_high_risk,2024-10-30 23:30:00,410.3053137918746,507.8646515029784,1.2377725426207593,241.99647095656428,279.91724594591545,1.1566997024355632,3162,21432.788439035416,631,11884.808305740356
2631,S5,compound_moderate_high_risk,2024-10-31 00:00:00,407.17346357865443,507.0985262858474,1.2454115300858475,244.78335271917172,279.723214613445,1.1427379007033907,3167,21772.298132300377,643,12307.292554855347
2632,S5,compound_moderate_high_risk,2024-10-31 00:30:00,406.1688151479101,499.5861984060394,1.229996444271846,245.16391078307868,280.6793494827645,1.1448640568109911,3157,22209.777052402496,661,12890.30074596405
2633,S5,compound_moderate_high_risk,2024-10-31 01:00:00,410.434599400879,509.33266876937375,1.2409593867399515,248.1355458609538,286.18511356475256,1.1533418663246224,3201,21951.612643122673,673,12667.41864490509
2634,S5,compound_moderate_high_risk,2024-10-31 01:30:00,416.85306693127245,514.485687070311,1.2342135104289258,250.3978739097218,281.3271465592082,1.1235205082477517,3254,21733.213730335236,659,12244.979479789734
2635,S5,compound_moderate_high_risk,2024-10-31 02:00:00,414.30369721685906,513.7354545743295,1.2399972725935478,252.0378986569153,277.90660569931407,1.1026381634676745,3229,21688.145758867264,659,12323.56494140625
2636,S5,compound_moderate_high_risk,2024-10-31 02:30:00,414.8718458737957,514.6770394119037,1.2405687311171931,254.49407241293258,277.54494546361985,1.090575284650578,3235,21824.89963066578,662,12440.420377731323
2637,S5,compound_moderate_high_risk,2024-10-31 03:00:00,516.9074320372999,532.2127596732751,1.0296094168653191,272.1995500299131,284.2685505560245,1.0443387967569528,4247,25351.830488562584,705,13425.604390144348
2638,S5,compound_moderate_high_risk,2024-10-31 03:30:00,512.9393572460751,577.9676753567709,1.126775840442086,269.2111815400314,300.3150634652761,1.1155371101130078,4201,24016.337495803833,730,12390.337804794312
2639,S5,compound_moderate_high_risk,2024-10-31 04:00:00,511.4941584466155,584.0688788654359,1.141887681844159,273.1250668276938,305.71509226611795,1.1193227184049828,4204,24250.20127081871,746,12524.495676994324
2640,S5,compound_moderate_high_risk,2024-10-31 04:30:00,511.37799428689294,584.581664332995,1.1431498243255112,273.1359422263999,305.4176672685788,1.1181892239411675,4208,24275.346412181854,745,12524.115138053894
2641,S5,compound_moderate_high_risk,2024-10-31 05:00:00,510.80695108229105,584.3486827610325,1.1439716736879186,272.29468773307553,305.54502767081607,1.1221115998059203,4199,24261.12982261181,742,12500.876132965088
2642,S5,compound_moderate_high_risk,2024-10-31 05:30:00,510.21960318487464,584.646419255919,1.1458721217422043,272.34299262545346,305.5525211522919,1.121940088146529,4195,24281.138733148575,742,12518.790035247803
2643,S5,compound_moderate_high_risk,2024-10-31 06:00:00,510.1069244236179,585.3130283497967,1.1474320389027355,272.6961276798444,305.9012315358443,1.121765952962056,4193,24295.269587397575,744,12535.023397445679
2644,S5,compound_moderate_high_risk,2024-10-31 06:30:00,510.141175713823,586.5196473873191,1.1497202643300086,272.7088589490069,306.72727486364863,1.1247426139574057,4192,24318.05305480957,746,12550.12359046936
2645,S5,compound_moderate_high_risk,2024-10-31 07:00:00,509.5644377782161,586.6411544392481,1.1512599996128023,272.7030837971346,306.8178496377975,1.1250985700845244,4185,24302.351434588432,746,12549.620012283325
2646,S5,compound_moderate_high_risk,2024-10-31 07:30:00,509.33365163678815,587.2184466425247,1.1529150778776265,272.763084539175,306.87044077238846,1.1250438866785646,4185,24296.58817911148,746,12541.993198394775
2647,S5,compound_moderate_high_risk,2024-10-31 08:00:00,513.9796907762793,588.8734550566179,1.1457134700540854,275.4044189224872,312.8065782118763,1.1358081305874572,4348,25404.37144947052,781,13341.65250301361
2648,S5,compound_moderate_high_risk,2024-10-31 08:30:00,542.5710290849988,586.28361007968,1.0805656377716992,275.4815764480989,308.5231017038293,1.1199409618666616,4430,25468.38632762432,773,13317.412704467773
2649,S5,compound_moderate_high_risk,2024-10-31 09:00:00,560.3771080991087,576.8743782475448,1.0294395861465442,281.216061554171,300.593755829617,1.068906783518523,4299,25272.37829697132,759,13454.378836631775
2650,S5,compound_moderate_high_risk,2024-10-31 09:30:00,553.7198619720904,588.706260654256,1.063184294234199,265.91110455594253,292.86544852030886,1.101365996013508,4274,24126.44214975834,674,12094.507188796997
2651,S5,compound_moderate_high_risk,2024-10-31 10:00:00,548.2217796166437,588.2400634472455,1.0729965231563479,267.6297757952109,294.70738217714927,1.1011756120987708,4263,24219.771779060364,676,12250.846437454224
2652,S5,compound_moderate_high_risk,2024-10-31 10:30:00,540.9020909903678,595.4315603257616,1.1008120882571402,262.4730600092692,283.31490615831507,1.0794056584257017,4329,23983.569410800934,655,11875.370745658875
2653,S5,compound_moderate_high_risk,2024-10-31 11:00:00,554.6936633993943,601.7646289859432,1.084859389411585,250.43868606308413,272.0508989728653,1.0862974217343406,4470,23666.344600319862,606,11157.544547080994
2654,S5,compound_moderate_high_risk,2024-10-31 11:30:00,560.0793383950289,607.1259280876603,1.0839998665679182,251.330127545188,261.2712755937535,1.039554143968582,4496,23154.17604112625,582,10815.091348648071
2655,S5,compound_moderate_high_risk,2024-10-31 12:00:00,561.2224061969431,609.9083599505533,1.0867498396643207,253.3210099490469,258.77277704208444,1.0215211801584603,4520,23320.870911478996,586,10959.081827163696
2656,S5,compound_moderate_high_risk,2024-10-31 12:30:00,558.0341570672504,599.4563393889293,1.0742287578584298,250.3778796786104,261.52853857370917,1.0445353196113447,4384,23345.35100734234,602,11081.322403907776
2657,S5,compound_moderate_high_risk,2024-10-31 13:00:00,566.021658491037,598.9241722856569,1.0581294254398923,251.52119615614535,266.8465797600752,1.0609307837197735,4394,23579.506779551506,620,11408.956260681152
2658,S5,compound_moderate_high_risk,2024-10-31 13:30:00,538.7735993694649,581.200094322657,1.078746425219876,247.45086481601203,276.39503998567045,1.1169693837650487,4278,24349.610417962074,648,12541.839463233948
2659,S5,compound_moderate_high_risk,2024-10-31 14:00:00,497.28334896383933,550.6484427629525,1.1073132529176895,281.2626432068368,316.819580237685,1.1264189820071446,3667,24101.830698370934,797,13939.520524024963
2660,S5,compound_moderate_high_risk,2024-10-31 14:30:00,476.7274812423107,571.273258319446,1.1983224814956248,280.3831857923492,324.49414928348943,1.1573238543762303,3557,24828.538020014763,824,14769.922739982605
2661,S5,compound_moderate_high_risk,2024-10-31 15:00:00,474.0418436524271,572.9156941780326,1.2085762087240968,280.4961163489184,323.05605593146447,1.151730940650897,3539,24789.338092803955,821,14755.792448043823
2662,S5,compound_moderate_high_risk,2024-10-31 15:30:00,470.21989434585475,559.5831812911872,1.190045738217114,274.5555766551375,301.37400792553336,1.0976794265012535,3504,24762.693266034126,765,14643.353967666626
2663,S5,compound_moderate_high_risk,2024-10-31 16:00:00,461.06607552249966,547.5034223006453,1.1874727969959402,271.20658819839116,296.6603665291132,1.0938538348194593,3410,25100.271394610405,762,15365.951117515564
2664,S5,compound_moderate_high_risk,2024-10-31 16:30:00,459.88116302063924,544.5554482514561,1.1841220994455377,267.53669197626374,294.30751866305036,1.1000641313497315,3369,25020.410346269608,748,15364.580535888672
2665,S5,compound_moderate_high_risk,2024-10-31 17:00:00,466.56868627582713,530.5136708377057,1.1370537424452747,265.77338278039895,294.1711806373354,1.106849668540358,3451,25353.13965535164,738,15338.404091835022
2666,S5,compound_moderate_high_risk,2024-10-31 17:30:00,487.6214081311889,602.1550575506942,1.2348823236831514,282.7437585182517,297.0239954373083,1.0505059315681895,3464,23714.776895403862,759,13274.881585121155
2667,S5,compound_moderate_high_risk,2024-10-31 18:00:00,499.23886643228263,571.512566013735,1.1447677743881233,255.54825212897828,276.66217305010093,1.0826220517856062,3708,22928.583362579346,647,12055.377913475037
2668,S5,compound_moderate_high_risk,2024-10-31 18:30:00,499.4453644054173,572.0150113268467,1.1453004714696298,254.2491791603084,277.1429794093616,1.0900447361311527,3709,22922.922253489494,645,12033.62998008728
2669,S5,compound_moderate_high_risk,2024-10-31 19:00:00,507.49544186957513,575.4186556853274,1.1338400470465844,256.5389808625514,278.220720995791,1.0845163571646648,3765,22261.025361061096,633,11241.978572845459
2670,S5,compound_moderate_high_risk,2024-10-31 19:30:00,502.8765464970019,566.9952849580645,1.1275039349273843,261.19176374042326,284.3061758695234,1.0884959456534413,3649,22223.562524437904,656,11512.611228942871
2671,S5,compound_moderate_high_risk,2024-10-31 20:00:00,501.4486939286199,552.0397073932256,1.1008897103076434,267.63370005177626,289.5519079577875,1.081896292962246,3565,22327.035198688507,694,12097.399215698242
2672,S5,compound_moderate_high_risk,2024-10-31 20:30:00,501.2676432181271,541.0936711097062,1.0794506256894936,268.691918188021,290.9615817051621,1.082881776524281,3546,22257.479870915413,701,12105.614573478699
2673,S5,compound_moderate_high_risk,2024-10-31 21:00:00,487.1257148304687,589.0888480537733,1.209315850342224,275.0437686102506,296.6756433452826,1.0786488450341307,3342,22439.044108986855,729,12308.273342132568
2674,S5,compound_moderate_high_risk,2024-10-31 21:30:00,450.48009752264886,490.598162321318,1.0890562424828347,274.24946319124786,291.75743693038567,1.063839591645536,3267,24551.437939286232,748,14757.251529693604
2675,S5,compound_moderate_high_risk,2024-10-31 22:00:00,450.3877371609514,489.94734489985694,1.0878345578151638,273.7847680282324,291.60529666954324,1.0650895547245058,3260,24457.065279483795,745,14665.903994560242
2676,S5,compound_moderate_high_risk,2024-10-31 22:30:00,450.7024994028815,490.0753496902147,1.0873588461113388,273.5621043520965,291.4869900054477,1.0655240085091584,3252,24316.17864716053,743,14539.622410774231
2677,S5,compound_moderate_high_risk,2024-10-31 23:00:00,452.1072499312231,490.6382892672191,1.0852254400739125,273.51700877112546,292.2062608190433,1.068329396156696,3252,24267.893818974495,745,14528.863646507263
2678,S5,compound_moderate_high_risk,2024-10-31 23:30:00,456.37449068609754,510.03722892162324,1.1175848767420147,268.189584724957,284.36048666673634,1.0602965322399167,3412,23934.712785363197,719,13823.68404006958
2679,S5,compound_moderate_high_risk,2024-11-01 00:00:00,477.4123496701931,545.9175399214175,1.143492706668665,262.04123221914074,276.40629383992007,1.054819852200836,3344,21466.430389881134,666,11747.637928009033
2680,S5,compound_moderate_high_risk,2024-11-01 00:30:00,469.8738625034621,549.8256389600241,1.1701558286953484,247.91375623220122,275.552547583782,1.1114855092014038,3350,20564.700381994247,617,10760.871594429016
2681,S5,compound_moderate_high_risk,2024-11-01 01:00:00,492.180124422427,591.726219024433,1.202255413541581,237.17145338448447,287.7947651789536,1.2134460579975501,3539,22802.396791100502,651,12688.123433113098
2682,S5,compound_moderate_high_risk,2024-11-01 01:30:00,490.4985069820587,585.4327133673589,1.1935463717706514,239.28699177859093,296.0197546822004,1.2370908777026306,3519,23004.606858491898,672,13018.081146240234
2683,S5,compound_moderate_high_risk,2024-11-01 02:00:00,490.5310581649833,585.3567369331414,1.1933122830649872,239.52835997321057,296.09829706357806,1.236172188949539,3518,23009.190698862076,673,13030.899304389954
2684,S5,compound_moderate_high_risk,2024-11-01 02:30:00,488.92904285761364,585.6157021713058,1.1977519247958606,238.1942297873451,293.47359711800095,1.232076853331027,3520,22666.798859119415,659,12707.67264175415
2685,S5,compound_moderate_high_risk,2024-11-01 03:00:00,489.0481215928376,585.3632766339255,1.1969441263313447,238.17588077996874,293.4643810117518,1.2321330776681725,3519,22673.86361014843,659,12712.788359642029
2686,S5,compound_moderate_high_risk,2024-11-01 03:30:00,489.3237083315132,585.0837991494312,1.1956988578060885,238.14390509705837,293.4533033905297,1.2322520001968058,3519,22673.235474705696,659,12708.4383020401
2687,S5,compound_moderate_high_risk,2024-11-01 04:00:00,490.93419208761713,583.9485398294894,1.189463983647875,239.72457664646495,296.06678679079397,1.235028927498822,3516,23012.932698726654,674,13056.953619003296
2688,S5,compound_moderate_high_risk,2024-11-01 04:30:00,498.7458967456515,551.9290096512041,1.1066336851141525,240.45117648135567,299.4990414963968,1.2455711212526273,3616,22943.34417784214,683,13052.778095245361
2689,S5,compound_moderate_high_risk,2024-11-01 05:00:00,499.94044895735226,526.9550636098709,1.0540356650654248,238.71436780488744,301.7242872052457,1.26395528672936,3583,23510.280665159225,683,13507.375411987305
2690,S5,compound_moderate_high_risk,2024-11-01 05:30:00,501.96618185168194,529.0518831731371,1.0539592153828745,234.59844712352162,303.86294247627904,1.2952470325444514,3577,22674.68061900139,656,12569.926921844482
2691,S5,compound_moderate_high_risk,2024-11-01 06:00:00,445.6462208968158,542.1470025476513,1.2165412318691644,230.1212201342349,300.6264560467686,1.306383026612692,3575,22353.200722694397,634,12069.840850830078
2692,S5,compound_moderate_high_risk,2024-11-01 06:30:00,452.51017821169745,550.1753756184842,1.2158298356796184,228.17157727867848,288.92268996504646,1.2662518855806832,3628,21921.480070114136,611,11441.712230682373
2693,S5,compound_moderate_high_risk,2024-11-01 07:00:00,452.83387487167465,558.6610131493173,1.2336996946344418,224.46773344042677,284.33106403784547,1.2666901370628623,3618,21370.30802333355,583,10734.356431007385
2694,S5,compound_moderate_high_risk,2024-11-01 07:30:00,452.85408428334614,558.6717959351025,1.2336684493399557,224.47496490185566,284.35444238049917,1.2667534774081493,3617,21372.923021912575,583,10734.074779510498
2695,S5,compound_moderate_high_risk,2024-11-01 08:00:00,449.75448200712447,532.4306312203976,1.183825070167866,236.4960131880758,291.53502549118565,1.2327270196277613,3608,22581.045038104057,630,12188.738891601562
2696,S5,compound_moderate_high_risk,2024-11-01 08:30:00,489.95299103502384,534.8350183909607,1.0916047624510317,238.82934792560005,287.90888441113384,1.2055004416828279,3530,22834.470168471336,650,12926.178760528564
2697,S5,compound_moderate_high_risk,2024-11-01 09:00:00,485.18562730267325,571.9744668760986,1.1788775979534174,238.59854538738253,290.3220302397258,1.2167803863530062,3474,22683.688942074776,660,12843.399139404297
2698,S5,compound_moderate_high_risk,2024-11-01 09:30:00,484.11159498271724,573.6437756284922,1.1849412027591903,237.38100023048727,291.34510485628726,1.227331187303962,3480,22525.60182774067,652,12663.387519836426
2699,S5,compound_moderate_high_risk,2024-11-01 10:00:00,480.1326591427406,567.050502735737,1.1810288093048782,236.9006526342844,295.3713182375855,1.2468151309551858,3461,22767.423058271408,661,13077.19414806366
2700,S5,compound_moderate_high_risk,2024-11-01 10:30:00,483.7066570906549,576.9624627343342,1.1927941331313956,242.12115973980235,283.51057983618415,1.1709450761794638,3370,22319.710578918457,644,12545.238666534424
2701,S5,compound_moderate_high_risk,2024-11-01 11:00:00,481.33634581455925,576.8706882119717,1.1984773084935851,239.23996787272816,275.8125340793653,1.1528698006935532,3334,22293.633737444878,631,12497.29423713684
2702,S5,compound_moderate_high_risk,2024-11-01 11:30:00,513.1224141345104,601.7884831493914,1.1727971076150197,262.2972745157783,289.7635547041652,1.1047143179016659,3650,21816.054887890816,663,11225.906649589539
2703,S5,compound_moderate_high_risk,2024-11-01 12:00:00,512.1097481611226,702.8735808696914,1.3725057634492601,211.5987090392313,230.74427588141629,1.0904805465454623,3555,19545.965444087982,445,8142.983415603638
2704,S5,compound_moderate_high_risk,2024-11-01 12:30:00,483.70193404912516,655.1289320509987,1.35440626951155,203.21176169130305,219.11225654326458,1.0782459377332436,3493,18164.630612015724,412,6999.014967918396
2705,S5,compound_moderate_high_risk,2024-11-01 13:00:00,464.09246511139423,652.2384758175074,1.4054063033773923,207.1900218359528,223.6037154968058,1.0792204832810328,3450,18081.172109484673,416,7192.7680559158325
2706,S5,compound_moderate_high_risk,2024-11-01 13:30:00,414.65174997396514,612.0588702402658,1.4760793130107224,194.5505259389879,207.03955389652265,1.0641942646891138,3849,19453.656096816063,397,8163.250739097595
2707,S5,compound_moderate_high_risk,2024-11-01 14:00:00,424.0904192230749,622.5496276597728,1.4679643760881693,196.56166670810458,196.74043942596467,1.0009094993996188,3838,18912.67158651352,378,7329.134729385376
2708,S5,compound_moderate_high_risk,2024-11-01 14:30:00,428.74305216826383,620.6777727841954,1.4476684103573618,194.27072145806704,200.31680664276115,1.031121957746979,3829,18892.10311436653,380,7258.369282722473
2709,S5,compound_moderate_high_risk,2024-11-01 15:00:00,429.29664490211263,601.2917478270638,1.4006439485781859,190.87826633088088,211.7325402205151,1.1092543131834767,3671,18315.79899787903,384,7037.6105127334595
2710,S5,compound_moderate_high_risk,2024-11-01 15:30:00,437.0126764081669,664.5288862662833,1.5206169572198318,197.04516025381855,205.49477077444203,1.0428815937916887,4181,21456.844534039497,389,8289.555285453796
2711,S5,compound_moderate_high_risk,2024-11-01 16:00:00,436.86817357285133,675.8705546289326,1.547081237576635,197.3671486085673,202.61354148444934,1.0265818952792698,4113,20715.309356093407,368,7584.842221260071
2712,S5,compound_moderate_high_risk,2024-11-01 16:30:00,443.36257767588177,676.6919814201295,1.5262722103596678,194.19762779042483,211.59541160629138,1.0895880346934046,4177,20795.441637277603,375,7651.617812156677
2713,S5,compound_moderate_high_risk,2024-11-01 17:00:00,445.1749219414961,679.9088055696537,1.5272846066989467,189.20932153417675,212.73209352820442,1.1243214224505194,4185,20475.591027259827,364,7434.838088989258
2714,S5,compound_moderate_high_risk,2024-11-01 17:30:00,450.00435160919136,683.0324750319824,1.5178352666801853,186.63435465413696,214.56884523002097,1.1496749654030733,4209,20357.147332191467,362,7326.713503837585
2715,S5,compound_moderate_high_risk,2024-11-01 18:00:00,484.1647669865803,582.8708547553143,1.2038687952927163,201.24361263074383,225.89608674251622,1.122500653757421,3121,16061.151273965836,308,5291.643332481384
2716,S5,compound_moderate_high_risk,2024-11-01 18:30:00,482.912830927221,596.5284640672752,1.235271514575217,193.5273579007845,220.58637718566112,1.139820124546669,3135,15430.61144387722,289,4642.752183914185
2717,S5,compound_moderate_high_risk,2024-11-01 19:00:00,508.134417815354,645.8375669037122,1.2709974846427259,220.02624712964933,285.8481206566324,1.2991546435284902,3442,18032.16433119774,434,7424.433952331543
2718,S5,compound_moderate_high_risk,2024-11-01 19:30:00,464.22456090695005,607.5168218331328,1.3086701415501003,215.6137784452504,297.4063792241724,1.3793477456251235,3223,17654.531747937202,431,7765.011830329895
2719,S5,compound_moderate_high_risk,2024-11-01 20:00:00,463.0815323421665,606.1765221818566,1.3090060385607372,208.08930651773628,322.42025730142666,1.5494321293917328,3259,17621.70800089836,447,7586.285042762756
2720,S5,compound_moderate_high_risk,2024-11-01 20:30:00,468.6095050819927,603.7666734743137,1.2884217390525854,204.19156912268912,334.69395502373766,1.639117405590013,3244,17429.93931388855,450,7347.2773151397705
2721,S5,compound_moderate_high_risk,2024-11-01 21:00:00,426.16234109176855,616.2524693267167,1.4460509761326217,200.74638253699504,357.88354792668423,1.7827646177421355,3318,17362.941120505333,379,6272.777641296387
2722,S5,compound_moderate_high_risk,2024-11-01 21:30:00,434.64817892872713,632.3545951676141,1.4548653964826688,199.9116678470521,382.1505042073213,1.9115967983404258,3363,16628.50097000599,347,5253.254825592041
2723,S5,compound_moderate_high_risk,2024-11-01 22:00:00,440.11777647553237,645.2234961176032,1.4660246202381508,204.27987365964643,403.30328238889933,1.9742683171071793,3415,16886.140648007393,360,5298.1467390060425
2724,S5,compound_moderate_high_risk,2024-11-01 22:30:00,479.04643457187973,580.4647301704288,1.2117086951898193,230.34301964688737,390.0911516658038,1.6935227829512975,3298,16230.35257923603,351,5018.83136844635
2725,S5,compound_moderate_high_risk,2024-11-01 23:00:00,477.7854720522666,560.1415910122273,1.1723704963363772,237.8814120016617,312.5776001276994,1.314005989360424,3253,15883.819377183914,366,5159.55402469635
2726,S5,compound_moderate_high_risk,2024-11-01 23:30:00,498.940847189582,566.3875610993098,1.1351797799070538,219.94317408505336,296.5419777192239,1.3482663372155754,3307,15725.825103402138,333,4596.935960769653
2727,S5,compound_moderate_high_risk,2024-11-02 00:00:00,499.08272934111716,566.2513201561986,1.1345840816887323,219.87812692576418,298.15789882196276,1.3560143657337334,3310,15752.982843399048,338,4669.861659049988
2728,S5,compound_moderate_high_risk,2024-11-02 00:30:00,498.85895046634073,565.9596880621439,1.1345084367697025,220.8735047499735,298.0477808904128,1.3494048606137636,3312,15802.406461238861,340,4717.785243988037
2729,S5,compound_moderate_high_risk,2024-11-02 01:00:00,508.83059000641373,555.6561635336179,1.0920258617443044,231.63031113311587,253.35862151248025,1.0938059888322484,3292,16233.07091832161,350,5065.461480140686
2730,S5,compound_moderate_high_risk,2024-11-02 01:30:00,518.1255573978945,583.711550248614,1.126583203461534,219.64473398985606,243.593556543487,1.1090343579770772,3148,15503.548175096512,327,4784.93748664856
2731,S5,compound_moderate_high_risk,2024-11-02 02:00:00,503.80338115954055,550.901927758344,1.0934859676614348,217.0735241964922,248.1945856409804,1.1433664541066586,3094,15261.82902443409,329,4805.4745807647705
2732,S5,compound_moderate_high_risk,2024-11-02 02:30:00,461.21744363524687,547.3398453553432,1.1867284139153351,205.5452514877739,242.4292243681456,1.179444538919764,2983,14353.082718014717,329,4671.962148666382
2733,S5,compound_moderate_high_risk,2024-11-02 03:00:00,448.0323687171147,546.5228536096287,1.219828949355887,205.89364549130525,253.2747509467742,1.2301241757238621,2975,14584.505759239197,321,4461.216000556946
2734,S5,compound_moderate_high_risk,2024-11-02 03:30:00,451.0856469746762,546.0147396693303,1.2104458284836142,195.04409986729146,260.35732804628566,1.3348639011558523,2991,14438.123277068138,339,4845.606232643127
2735,S5,compound_moderate_high_risk,2024-11-02 04:00:00,436.6379554181599,548.6173670443751,1.2564582630453491,184.95218324804375,253.34932788336195,1.3698098796897564,2949,14703.88126039505,349,5313.456282615662
2736,S5,compound_moderate_high_risk,2024-11-02 04:30:00,437.91125231087005,543.4626044133088,1.2410336604630277,180.51442155304773,257.24363725469277,1.4250586465142634,2917,14789.258581161499,356,5424.216667175293
2737,S5,compound_moderate_high_risk,2024-11-02 05:00:00,437.83772402876997,552.127045757588,1.261031234762464,178.42177745517466,261.8967582238581,1.467851973897377,2895,15196.42401111126,374,5893.888265609741
2738,S5,compound_moderate_high_risk,2024-11-02 05:30:00,448.0914424228768,558.5503521487831,1.2465097506184055,163.2615340512364,267.03283901657164,1.6356139280962965,2831,14617.131093621254,331,5433.496289253235
2739,S5,compound_moderate_high_risk,2024-11-02 06:00:00,802.1126323661758,958.996109435623,1.1955878398357231,225.0516049066653,290.80614488502584,1.2921753879765905,3535,13583.62116587162,253,3367.875566482544
2740,S5,compound_moderate_high_risk,2024-11-02 06:30:00,817.1754276364077,969.5650511063179,1.1864833649130637,218.32820536100795,293.7884688699231,1.3456276452423521,3547,13574.695459842682,251,3366.2096042633057
2741,S5,compound_moderate_high_risk,2024-11-02 07:00:00,850.6716661075338,1009.4507015592765,1.1866513741762148,224.93972465245972,290.35138253521967,1.29079638104751,3598,12957.652267336845,233,2986.8393115997314
2742,S5,compound_moderate_high_risk,2024-11-02 07:30:00,525.007095017349,826.1181350894568,1.573537087269565,112.73975552461336,372.35313836350826,3.302766948809045,3393,14384.43852353096,238,3090.4038829803467
2743,S5,compound_moderate_high_risk,2024-11-02 08:00:00,873.1413367240278,1063.5687692641889,1.218094625154997,187.00611194628215,313.5779890233744,1.676832835888533,3571,12233.462150096893,224,2542.898126602173
2744,S5,compound_moderate_high_risk,2024-11-02 08:30:00,871.9385087837367,1065.2727180241088,1.22172917848307,186.613025575987,313.4535527696193,1.679698144339782,3567,12225.223398089409,224,2541.3496284484863
2745,S5,compound_moderate_high_risk,2024-11-02 09:00:00,871.4813318940676,1014.4347262242251,1.1640349472770266,186.87748302155472,321.1666332341743,1.7185946002768495,3545,12069.960582375526,222,2497.145993232727
2746,S5,compound_moderate_high_risk,2024-11-02 09:30:00,871.207189311045,1016.6803375463187,1.1669788197573454,187.08799857609236,321.44747550780824,1.7181619235563501,3544,12049.66639995575,222,2495.2430715560913
2747,S5,compound_moderate_high_risk,2024-11-02 10:00:00,826.9728372187899,960.1601380289628,1.1610540211430604,189.90820741304225,325.865760787673,1.7159119409669703,3335,11823.573016285896,241,2737.032289505005
2748,S5,compound_moderate_high_risk,2024-11-02 10:30:00,825.7123421866535,962.6587128895288,1.1658523964171499,191.01632238776088,324.35420686358924,1.698044454050122,3343,11836.383294820786,241,2735.9931869506836
2749,S5,compound_moderate_high_risk,2024-11-02 11:00:00,834.1030635051145,1004.2672290087573,1.2040085607509559,190.81609198552397,318.7736242998774,1.6705804053677984,3345,11853.21231508255,246,2817.323404312134
2750,S5,compound_moderate_high_risk,2024-11-02 11:30:00,834.5353744924829,1000.849816670596,1.1992898650692367,188.68748873049384,325.88822595457424,1.727132138686976,3357,12088.595946073532,249,2870.3270473480225
2751,S5,compound_moderate_high_risk,2024-11-02 12:00:00,853.366260727238,1032.498895118559,1.2099129560602302,264.8613968583246,409.4789935946574,1.5460123613774028,3301,11388.917951345444,232,2628.9431476593018
2752,S5,compound_moderate_high_risk,2024-11-02 12:30:00,573.5280365099541,879.5084741885405,1.5335056321580094,166.5148392549062,311.29914974143594,1.8694979446539743,3327,11562.675129532814,237,2739.3753204345703
2753,S5,compound_moderate_high_risk,2024-11-02 13:00:00,640.4538829423483,972.3012442597488,1.518144038401077,142.4767895610121,309.04657806883284,2.169101220072686,3523,11307.192288517952,206,2292.0773010253906
2754,S5,compound_moderate_high_risk,2024-11-02 13:30:00,640.6442047003759,990.4655398479866,1.5460462025270607,147.19122091433883,307.7380294013046,2.090736305396892,3523,11447.346690177917,209,2296.9593410491943
2755,S5,compound_moderate_high_risk,2024-11-02 14:00:00,641.4256700696986,990.9905659276715,1.5449811446117938,148.1866445939104,306.6840466542728,2.069579532586796,3523,11447.126028299332,209,2297.2676973342896
2756,S5,compound_moderate_high_risk,2024-11-02 14:30:00,708.7831722625407,1112.959104019692,1.5702391754970146,169.1211251880792,822.0574082467348,4.860761228572255,3483,11065.33106648922,196,2144.4012632369995
2757,S5,compound_moderate_high_risk,2024-11-02 15:00:00,762.1629220300464,1338.2894904019518,1.755909992101651,130.1506381677425,1939.9118141104018,14.905127177403184,3431,10881.510937809944,184,2099.244698524475
2758,S5,compound_moderate_high_risk,2024-11-02 15:30:00,730.8592287305654,935.5473107731124,1.280064989256645,113.82159021814527,425.8636243130843,3.7415012696351346,3520,13762.788482785225,223,2630.8978509902954
2759,S5,compound_moderate_high_risk,2024-11-02 16:00:00,772.2571556676126,1641.7016806505583,2.125848454238424,102.82500501717473,2137.0199746032986,20.783076784157064,3403,11120.47647368908,175,2441.148404121399
2760,S5,compound_moderate_high_risk,2024-11-02 16:30:00,754.7440034371377,1659.2585284885367,2.1984388361248284,102.33918635627167,2083.526377477898,20.3590281656582,3372,10925.681472659111,171,2406.1113958358765
2761,S5,compound_moderate_high_risk,2024-11-02 17:00:00,738.339933205223,1676.4700909319358,2.2705938220816173,91.9626566766092,2019.752339028143,21.962744575014515,3287,10255.045927882195,146,2079.122546195984
2762,S5,compound_moderate_high_risk,2024-11-02 17:30:00,700.0171977510502,1666.7774730417034,2.3810521775701625,87.02594941219172,2059.682453032066,23.667451684744222,3299,10427.395866513252,151,2126.049813270569
2763,S5,compound_moderate_high_risk,2024-11-02 18:00:00,670.3441360331782,1649.90580756622,2.4612817788333072,87.594519930276,2092.23453725405,23.88545012769538,3312,10589.145433545113,156,2180.6055221557617
2764,S5,compound_moderate_high_risk,2024-11-02 18:30:00,667.3901176267531,1643.5019810385943,2.4625806370686214,87.67952590109375,2093.041485410243,23.87149638298979,3320,10670.00230717659,153,2150.889786720276
2765,S5,compound_moderate_high_risk,2024-11-02 19:00:00,646.6000432774853,1607.806500866837,2.4865548921357745,82.08254143772649,2142.7283382910705,26.104556471569133,3377,10945.94720351696,148,2083.179750442505
2766,S5,compound_moderate_high_risk,2024-11-02 19:30:00,646.686466991934,1606.3142718568652,2.4839150869023796,82.08969064106219,2142.7260067080383,26.1022546190008,3376,10941.021976470947,148,2081.479778289795
2767,S5,compound_moderate_high_risk,2024-11-02 20:00:00,704.2643660813011,1067.9267421170837,1.516371967048805,118.69156532745826,260.188042198163,2.1921359068803903,3422,13516.002202153206,216,2644.554738998413
2768,S5,compound_moderate_high_risk,2024-11-02 20:30:00,697.1108517702077,1299.964099637019,1.8647882131456637,222.0263916505267,469.35671207169264,2.11396811245064,3869,15711.576499342918,228,3114.2367782592773
2769,S5,compound_moderate_high_risk,2024-11-02 21:00:00,697.0953321094864,836.1217229914233,1.1994366975048114,171.3404888683232,250.3416775434934,1.4610771756107332,3753,15393.989393115044,255,3365.757040977478
2770,S5,compound_moderate_high_risk,2024-11-02 21:30:00,621.2664622766016,723.9191376531214,1.1652313163668175,182.99601420411594,249.7173334465493,1.3646053141245484,3664,15149.52147090435,278,3580.554358482361
2771,S5,compound_moderate_high_risk,2024-11-02 22:00:00,683.5645340275059,1530.1496593614124,2.238486029030638,520.8990497772195,2034.8848652431616,3.906486038155467,3493,11463.556367874146,168,1923.8477249145508
2772,S5,compound_moderate_high_risk,2024-11-02 22:30:00,692.2977404957517,1586.0261921052497,2.2909596541070614,123.9530545317033,1959.8954488342747,15.81159460925571,3494,12012.914160251617,173,2352.4767179489136
2773,S5,compound_moderate_high_risk,2024-11-02 23:00:00,540.4446670458472,805.444021996566,1.4903357755369189,191.31294342902925,259.9120732915639,1.3585702495240803,3660,15370.833387255669,294,3824.569586753845
2774,S5,compound_moderate_high_risk,2024-11-02 23:30:00,677.9371057916716,1599.6738233448227,2.3596198079123822,126.489407277673,1908.3195200921257,15.086793124920852,3463,12018.217725634575,171,2333.996385574341
2775,S5,compound_moderate_high_risk,2024-11-03 00:00:00,668.8325689919689,1521.9273942450804,2.2754983306791585,162.7593822569442,2041.50079422362,12.543060596044416,3488,12850.58967077732,198,2617.5467624664307
2776,S5,compound_moderate_high_risk,2024-11-03 00:30:00,669.3582276892595,1517.7342161924917,2.267446866877204,165.48968770737102,2039.4852351433294,12.323941530119143,3530,13048.891922235489,196,2604.1405811309814
2777,S5,compound_moderate_high_risk,2024-11-03 01:00:00,664.9830213465566,1528.0086229586332,2.2978159951580293,165.45432195810287,2029.899253453212,12.268638434039943,3465,12848.992800474167,196,2595.962329864502
2778,S5,compound_moderate_high_risk,2024-11-03 01:30:00,698.4168524578995,1515.855403509949,2.170416418468829,238.72562015732038,2040.6398490735476,8.548055494541204,3616,13688.21897983551,205,2934.7183895111084
2779,S5,compound_moderate_high_risk,2024-11-03 02:00:00,419.1264755925612,988.8250307325355,2.3592521310769783,237.92125723847278,645.8255291340356,2.714450724706411,3476,13177.465163230896,212,2421.810706138611
2780,S5,compound_moderate_high_risk,2024-11-03 02:30:00,420.5198326297403,959.2423155699448,2.281086981251933,199.47716577976755,516.1405561337691,2.5874668617640713,3530,13845.599572658539,208,2574.3930616378784
2781,S5,compound_moderate_high_risk,2024-11-03 03:00:00,422.0664527795295,955.6969903734696,2.264328245184378,213.23904832003603,508.9061521618201,2.38655235132186,3530,13814.83716416359,208,2625.869791984558
2782,S5,compound_moderate_high_risk,2024-11-03 03:30:00,421.409654327803,983.0957617862157,2.3328743223843893,158.31793339431442,376.48913015702726,2.3780573816569635,3537,14274.103629350662,230,2926.43373298645
2783,S5,compound_moderate_high_risk,2024-11-03 04:00:00,427.5385466687462,875.2282578843368,2.0471329771405506,133.6263920058504,192.2711791364958,1.438871290695901,3085,10486.573677301407,150,1892.596061706543
2784,S5,compound_moderate_high_risk,2024-11-03 04:30:00,362.84325936690624,803.0666984067801,2.2132606233556036,147.18596164169517,171.79811239744538,1.1672180585786034,2779,11980.783421754837,219,3370.7824535369873
2785,S5,compound_moderate_high_risk,2024-11-03 05:00:00,358.94434247419827,858.8417987261332,2.392687938208321,138.7451639086027,203.58856685117237,1.4673561305912133,2876,11897.838275313377,243,3727.638927459717
2786,S5,compound_moderate_high_risk,2024-11-03 05:30:00,356.3653166729336,863.9030221745509,2.4242062337604664,136.9130270182994,219.5437675594794,1.603527234337856,2903,12077.419121861458,254,3818.309920310974
2787,S5,compound_moderate_high_risk,2024-11-03 06:00:00,353.40796665015006,863.9022227264152,2.4444899500005253,138.37906387429666,213.89247520200485,1.5456996832721959,2905,12053.928732156754,248,3722.004828453064
2788,S5,compound_moderate_high_risk,2024-11-03 06:30:00,343.9345362291512,849.6284102062799,2.4703201356905913,155.00788249134732,197.85893351335085,1.2764443351736918,2888,12309.058447360992,260,4071.875129699707
2789,S5,compound_moderate_high_risk,2024-11-03 07:00:00,340.0475731088978,835.1602285123397,2.4560099661257784,157.53157619215466,190.83004970202597,1.2113765018719367,2874,12540.698001861572,260,4234.591854095459
2790,S5,compound_moderate_high_risk,2024-11-03 07:30:00,338.822685494993,825.6972329858439,2.4369597088210417,159.5089446272755,179.36486104382757,1.1244815233587575,2876,12637.80851328373,253,4183.11284160614
2791,S5,compound_moderate_high_risk,2024-11-03 08:00:00,339.5455181260717,833.7892036132638,2.455603620436183,157.38044815308882,189.96413773906,1.2070377227181028,2866,12491.269888401031,258,4206.684765815735
2792,S5,compound_moderate_high_risk,2024-11-03 08:30:00,343.1397859520404,849.6396737954915,2.4760744996041946,154.8593237903025,196.8762955095594,1.2713234869613113,2884,12267.062424778938,259,4058.579351425171
2793,S5,compound_moderate_high_risk,2024-11-03 09:00:00,347.4173990878363,858.0759509445775,2.469870401417721,152.62243026262394,201.2894187828187,1.3188717964748045,2865,11947.100079536438,258,3853.838797569275
2794,S5,compound_moderate_high_risk,2024-11-03 09:30:00,351.94966024260253,864.7536120400616,2.457037780471149,138.76024242594187,213.8452815193744,1.5411134902960757,2891,12007.882244110107,253,3790.015184402466
2795,S5,compound_moderate_high_risk,2024-11-03 10:00:00,353.9199813928787,812.835586263273,2.296664864934427,144.5245600949226,203.8602739281697,1.4105579964697659,2783,11960.308550834656,251,3877.692374229431
2796,S5,compound_moderate_high_risk,2024-11-03 10:30:00,351.99427847355014,785.468918687982,2.2314820629875722,161.69894994139625,178.67939170145416,1.105012690349634,2785,12411.830264568329,254,4121.628555297852
2797,S5,compound_moderate_high_risk,2024-11-03 11:00:00,404.89701983495706,831.981375506336,2.054797478740307,171.11137488549454,181.3963348826723,1.0601068164174314,3064,12633.15207862854,277,4431.534869194031
2798,S5,compound_moderate_high_risk,2024-11-03 11:30:00,369.4030458191467,766.1275414479762,2.0739610842923497,189.10947286556836,191.05384654383195,1.010281736016708,3017,14371.377227425575,339,6103.799149513245
2799,S5,compound_moderate_high_risk,2024-11-03 12:00:00,343.9503040006509,763.0145664272692,2.2183860794779906,189.2067309857601,194.00988308159853,1.0253857358605223,2892,14573.58494579792,350,6439.205610275269
2800,S5,compound_moderate_high_risk,2024-11-03 12:30:00,343.9186318717183,764.8281206366266,2.2238635821333035,194.52401054506925,196.33928006536806,1.0093318532514897,2925,14705.396540760994,365,6646.021192550659
2801,S5,compound_moderate_high_risk,2024-11-03 13:00:00,343.72561124166026,764.649323186529,2.224592227574602,194.0760848615258,195.92287698268123,1.009515815008697,2926,14676.144334197044,363,6606.934134483337
2802,S5,compound_moderate_high_risk,2024-11-03 13:30:00,346.14542357429514,759.2636054911685,2.193481565207524,189.6469702275178,194.32413167337637,1.0246624633140535,2914,14570.28473162651,350,6436.826044082642
2803,S5,compound_moderate_high_risk,2024-11-03 14:00:00,334.4571932066091,788.4936106179515,2.357532224253468,182.08145281976326,196.93113607930547,1.0815551668199856,2838,13676.340498566628,337,6024.99643611908
2804,S5,compound_moderate_high_risk,2024-11-03 14:30:00,448.91427046851436,747.6456270817117,1.6654530191286219,176.80357456400966,214.51149211424877,1.2132757646061403,3517,15732.759302735329,335,4942.091300010681
2805,S5,compound_moderate_high_risk,2024-11-03 15:00:00,710.4393236415892,1137.4695858083594,1.6010791463201743,174.28095078624227,958.9246248967805,5.502176919340473,3514,13104.720474600792,179,1877.7850561141968
2806,S5,compound_moderate_high_risk,2024-11-03 15:30:00,706.4324864031425,864.4419976238331,1.2236724871264166,435.39006138233606,852.672315177707,1.958410149442833,3792,13316.143484830856,227,2350.0728940963745
2807,S5,compound_moderate_high_risk,2024-11-03 16:00:00,707.3909998582094,865.4826470687708,1.223485522493569,418.5502564120546,855.1712030114404,2.0431744812253534,3792,13288.943757891655,226,2337.466727256775
2808,S5,compound_moderate_high_risk,2024-11-03 16:30:00,699.815122911876,862.7087627165058,1.2327666757569355,377.42139478581345,842.4457080996626,2.2321090424080174,3820,13584.487171888351,229,2366.1853742599487
2809,S5,compound_moderate_high_risk,2024-11-03 17:00:00,699.8067804342597,863.9103281280203,1.2344983676664667,377.37542455210587,845.1441777807532,2.239531571998426,3811,13541.797798633575,229,2363.1434383392334
2810,S5,compound_moderate_high_risk,2024-11-03 17:30:00,700.6848607585918,865.182438502972,1.2347668502017966,377.7623153560607,846.4392464241002,2.240666186160694,3811,13516.822430372238,228,2350.4692344665527
2811,S5,compound_moderate_high_risk,2024-11-03 18:00:00,698.1166961331506,1097.1038284759677,1.5715192525157962,182.32074832111653,1247.5834192221457,6.84279452947837,3640,13939.617446660995,191,2036.5653829574585
2812,S5,compound_moderate_high_risk,2024-11-03 18:30:00,542.8045196963635,932.7129034643248,1.7183219181484861,139.66938912273625,731.0654853093247,5.234257054470872,3847,16394.742542147636,235,2854.4367513656616
2813,S5,compound_moderate_high_risk,2024-11-03 19:00:00,544.4744175500593,932.6016205482066,1.7128474552479058,144.11839966007668,732.7692086344872,5.084494487607553,3850,16386.008398890495,235,2850.4102535247803
2814,S5,compound_moderate_high_risk,2024-11-03 19:30:00,685.5904609898702,1039.1200179761886,1.5156570534483274,345.82616258159635,759.4407850108762,2.196018888049532,4030,15452.82698726654,258,2976.055778503418
2815,S5,compound_moderate_high_risk,2024-11-03 20:00:00,682.6634567439974,1042.2162837891308,1.526691188012377,337.9492708526011,760.2037668928587,2.2494611838485796,4037,15524.352909564972,260,3002.9772930145264
2816,S5,compound_moderate_high_risk,2024-11-03 20:30:00,686.2403021526271,1041.0759048832215,1.5170719376543897,325.38751887688056,778.4695230817654,2.392438178848275,4027,15436.500962972641,257,2964.1960020065308
2817,S5,compound_moderate_high_risk,2024-11-03 21:00:00,545.035678015945,935.5304119161929,1.7164571965669047,145.196920383874,740.6215357388014,5.1008074674085995,3840,16312.08179795742,234,2823.1258611679077
2818,S5,compound_moderate_high_risk,2024-11-03 21:30:00,545.7886720166604,935.7122444575767,1.7144222524812902,144.73442909102448,744.6611731590285,5.145017518193276,3842,16293.989942789078,234,2820.1464071273804
2819,S5,compound_moderate_high_risk,2024-11-03 22:00:00,547.1242164427882,936.6954150586693,1.712034281993102,144.73368193302437,746.9371271742831,5.160769194830017,3841,16279.088073849678,233,2805.3037700653076
2820,S5,compound_moderate_high_risk,2024-11-03 22:30:00,547.9530228622548,933.9005893723541,1.7043442601960381,141.5382070538772,746.1941558285997,5.272033406107456,3854,16379.063220262527,233,2813.0972661972046
2821,S5,compound_moderate_high_risk,2024-11-03 23:00:00,695.7231932705912,998.3147098667827,1.4349309028691553,243.95114848775833,554.5747338209896,2.27330241017011,4616,17367.480791807175,272,3418.548936843872
2822,S5,compound_moderate_high_risk,2024-11-03 23:30:00,693.8883635473597,999.7759647351003,1.4408311441107795,247.73923229031826,559.7511069255448,2.259436673597127,4607,17261.130788207054,272,3410.5225715637207
2823,S5,compound_moderate_high_risk,2024-11-04 00:00:00,693.6791716040569,1001.1977999228615,1.443315355148548,247.63068705481658,557.6223158531603,2.2518304273400513,4597,17223.2667876482,271,3394.5063219070435
2824,S5,compound_moderate_high_risk,2024-11-04 00:30:00,567.7524859285236,1006.9278070113667,1.773533065847519,162.79767675336046,965.0508234221129,5.927915205351273,3763,15249.225648283958,213,2380.6859006881714
2825,S5,compound_moderate_high_risk,2024-11-04 01:00:00,557.8617236629472,1017.9335743953696,1.8247058925490829,151.55270098409238,982.6445094910245,6.483846893590901,3726,15029.689866542816,210,2350.8809728622437
2826,S5,compound_moderate_high_risk,2024-11-04 01:30:00,796.1535482623301,1196.2006951222806,1.5024748652230269,196.86456881588785,1218.5361205595825,6.189717773436309,3474,12319.612290024757,166,1735.6026792526245
2827,S5,compound_moderate_high_risk,2024-11-04 02:00:00,856.9035473410368,1388.8830526866734,1.6208160848398425,965.1749188473572,1612.1302695797501,1.6702985522095892,3391,9533.369608163834,144,1447.3101387023926
2828,S5,compound_moderate_high_risk,2024-11-04 02:30:00,856.0087748143211,1389.2860824387176,1.622981122757847,953.6920904912424,1610.1702615279628,1.6883544254818867,3384,9502.54241001606,144,1447.1745805740356
2829,S5,compound_moderate_high_risk,2024-11-04 03:00:00,781.9032959000435,1366.6137442960157,1.7478040461805628,283.4189350091724,1913.5762925991671,6.75175881434044,3448,9675.034325838089,134,1354.1939363479614
2830,S5,compound_moderate_high_risk,2024-11-04 03:30:00,791.4415900736344,992.8491741040647,1.2544819308923232,196.69150324976556,802.5528295884579,4.080261812679041,3467,11638.327751517296,180,1847.1517705917358
2831,S5,compound_moderate_high_risk,2024-11-04 04:00:00,819.5405970556704,1027.3175510458898,1.2535285680010115,247.36291286436455,853.7934675167496,3.4515823638643157,3503,11407.743671536446,179,1835.243257522583
2832,S5,compound_moderate_high_risk,2024-11-04 04:30:00,826.8524844186069,1023.5426926313587,1.2378782333236276,210.30087303662674,847.6623395442865,4.030712413622033,3492,11359.950164318085,174,1770.2097129821777
2833,S5,compound_moderate_high_risk,2024-11-04 05:00:00,819.5405099281604,1031.833806532717,1.259039417860094,244.834305706046,855.87325061776,3.4957243763271424,3511,11400.1757376194,178,1825.3639469146729
2834,S5,compound_moderate_high_risk,2024-11-04 05:30:00,786.2011066708155,1391.3937989746814,1.769768303769712,300.4044372329718,2023.240296180767,6.73505463107285,3395,9386.298475265503,112,1131.7549324035645
2835,S5,compound_moderate_high_risk,2024-11-04 06:00:00,777.3231870139548,1372.6809658817097,1.7659076543886307,284.321951660786,1918.9073692555444,6.749065128621918,3440,9615.43578350544,133,1344.0637559890747
2836,S5,compound_moderate_high_risk,2024-11-04 06:30:00,825.4841824923212,1030.6378793920821,1.248525291278574,210.1658583380654,848.9611803672778,4.039481898157144,3492,11337.69011926651,174,1770.6819801330566
2837,S5,compound_moderate_high_risk,2024-11-04 07:00:00,783.9603697766802,1394.631187785182,1.7789562349720003,274.361233305881,2042.0815297034521,7.443039620057255,3396,9346.876300215721,110,1112.0224170684814
2838,S5,compound_moderate_high_risk,2024-11-04 07:30:00,775.8349592553988,1376.2940218406063,1.773952056970327,266.89668148059616,1926.6576720502173,7.218739706174583,3436,9593.70327270031,132,1334.0211744308472
2839,S5,compound_moderate_high_risk,2024-11-04 08:00:00,774.5282639367313,1387.9502961486617,1.7919943800295415,224.0340566385017,1978.927263895416,8.83315373380297,3387,9410.591511845589,123,1242.4561643600464
2840,S5,compound_moderate_high_risk,2024-11-04 08:30:00,780.6663739755821,1582.7211193425119,2.0273975825068833,337.8422519553492,1980.279865047347,5.861551814747742,3251,8833.220097184181,137,1374.805359840393
